antecedents,consequents,antecedent support,consequent support,support,confidence,lift,representativity,leverage,conviction,zhangs_metric,jaccard,certainty,kulczynski
Bag of Organic Bananas,100% Raw Coconut Water,0.16610344503895616,0.016239556932319533,0.0034732000375481084,0.020909861542808703,1.2875881792805846,1.0,0.0007757536851835715,1.0047700456036137,0.2678439682435856,0.019417475728155338,0.004747400287742474,0.11739134695637546
100% Raw Coconut Water,Bag of Organic Bananas,0.016239556932319533,0.16610344503895616,0.0034732000375481084,0.2138728323699422,1.2875881792805846,1.0,0.0007757536851835715,1.0607654706489749,0.2270412110583867,0.019417475728155338,0.05728454812146049,0.11739134695637546
100% Raw Coconut Water,Banana,0.016239556932319533,0.20707781845489534,0.002018210832629306,0.12427745664739884,0.6001485701109428,1.0,-0.0013446411895894953,0.9054490917973802,-0.40378679530110334,0.009119830328738069,-0.10442432275781464,0.06701180175978283
100% Raw Coconut Water,Organic Baby Spinach,0.016239556932319533,0.10452454707594105,0.0023936919177696423,0.14739884393063585,1.4101840003529984,1.0,0.0006962595847049844,1.0502864634295743,0.2956743002544529,0.02022204599524187,0.047878807525872806,0.08514980364470723
Organic Baby Spinach,100% Raw Coconut Water,0.10452454707594105,0.016239556932319533,0.0023936919177696423,0.022900763358778622,1.4101840003529982,1.0,0.0006962595847049844,1.0068173284520794,0.32482485105788217,0.02022204599524187,0.006771167181399683,0.08514980364470723
Organic Hass Avocado,100% Raw Coconut Water,0.0930723739791608,0.016239556932319533,0.0026753027316248944,0.028744326777609686,1.7700191512247168,1.0,0.0011638486155641776,1.0128748487036399,0.47967924780122956,0.025088028169014086,0.0127111940039958,0.09674210558533665
100% Raw Coconut Water,Organic Hass Avocado,0.016239556932319533,0.0930723739791608,0.0026753027316248944,0.1647398843930636,1.7700191512247168,1.0,0.0011638486155641776,1.0858026249246033,0.44221574929690644,0.025088028169014086,0.07902230382852629,0.09674210558533665
Organic Strawberries,100% Raw Coconut Water,0.11090772552332676,0.016239556932319533,0.002018210832629306,0.01819720694033009,1.12054824008865,1.0,0.0002171185097591731,1.0019939340383315,0.12099947332818536,0.016129032258064516,0.0019899661770359208,0.07123733179386446
100% Raw Coconut Water,Organic Strawberries,0.016239556932319533,0.11090772552332676,0.002018210832629306,0.12427745664739884,1.12054824008865,1.0,0.0002171185097591731,1.0152670857060362,0.10935558317060186,0.016129032258064516,0.01503750680090164,0.07123733179386446
Bag of Organic Bananas,100% Whole Wheat Bread,0.16610344503895616,0.026518351638036234,0.0046465784286116585,0.02797400395591975,1.0548922624510197,1.0,0.00024178886477939365,1.001497544637497,0.06240089872667114,0.024719101123595506,0.0014953053509872331,0.10159762144698642
100% Whole Wheat Bread,Bag of Organic Bananas,0.026518351638036234,0.16610344503895616,0.0046465784286116585,0.17522123893805308,1.0548922624510197,1.0,0.00024178886477939365,1.0110548359506217,0.053453390274179946,0.024719101123595506,0.010933962785735295,0.10159762144698642
100% Whole Wheat Bread,Banana,0.026518351638036234,0.20707781845489534,0.006383178447385713,0.24070796460176994,1.1624034210800793,1.0,0.0008918160411613696,1.0442914512190773,0.14351937197423692,0.028093369138607726,0.04241292138068605,0.1357664936336139
Banana,100% Whole Wheat Bread,0.20707781845489534,0.026518351638036234,0.006383178447385713,0.030825022665457842,1.1624034210800793,1.0,0.0008918160411613696,1.0044436465325033,0.17620073955946772,0.028093369138607726,0.004423987894038126,0.1357664936336139
100% Whole Wheat Bread,Organic Avocado,0.026518351638036234,0.07612879001220313,0.0025344973246972683,0.09557522123893805,1.2554412230066672,1.0,0.0005156873013754449,1.021501435700793,0.2090098873764078,0.025316455696202535,0.021048855096363252,0.06443372652575756
Organic Avocado,100% Whole Wheat Bread,0.07612879001220313,0.026518351638036234,0.0025344973246972683,0.03329223181257707,1.2554412230066672,1.0,0.0005156873013754449,1.0070071643132048,0.2202333912860229,0.025316455696202535,0.006958405621655995,0.06443372652575756
100% Whole Wheat Bread,Organic Baby Spinach,0.026518351638036234,0.10452454707594105,0.0024875621890547263,0.09380530973451327,0.8974476556818768,1.0,-0.00028425650511155077,0.988171154105651,-0.10505247046755312,0.019350127783862723,-0.01197044241293885,0.05880207112230827
Organic Baby Spinach,100% Whole Wheat Bread,0.10452454707594105,0.026518351638036234,0.0024875621890547263,0.023798832510103278,0.8974476556818769,1.0,-0.00028425650511155077,0.9972141816476969,-0.11316811433542896,0.019350127783862723,-0.0027936008167272343,0.05880207112230827
Organic Hass Avocado,100% Whole Wheat Bread,0.0930723739791608,0.026518351638036234,0.002065145968271848,0.022188603126575893,0.8367263331235858,1.0,-0.00040297997269435164,0.9955720003619257,-0.17706261379112098,0.01757188498402556,-0.004447694025609856,0.05003235466063308
100% Whole Wheat Bread,Organic Hass Avocado,0.026518351638036234,0.0930723739791608,0.002065145968271848,0.07787610619469026,0.8367263331235859,1.0,-0.00040297997269435164,0.9835203621915051,-0.1669786907766526,0.01757188498402556,-0.016755766776169804,0.05003235466063308
Organic Strawberries,100% Whole Wheat Bread,0.11090772552332676,0.026518351638036234,0.0032854594949779407,0.02962336013542108,1.1170890460978433,1.0,0.0003443694301755555,1.003199797243489,0.11789126778832748,0.024492652204338702,0.0031895911983646644,0.0767585827225778
100% Whole Wheat Bread,Organic Strawberries,0.026518351638036234,0.11090772552332676,0.0032854594949779407,0.12389380530973453,1.1170890460978433,1.0,0.0003443694301755555,1.0148224951097382,0.10767148573908142,0.024492652204338702,0.01460599777908483,0.0767585827225778
2% Reduced Fat Milk,Banana,0.01750680559466817,0.20707781845489534,0.0047404486998967425,0.27077747989276135,1.3076121909780538,1.0,0.0011151775892389013,1.087352844545309,0.23943907790673963,0.021562766865926557,0.0803353253578296,0.14683479615671613
Banana,2% Reduced Fat Milk,0.20707781845489534,0.01750680559466817,0.0047404486998967425,0.022892112420670897,1.3076121909780538,1.0,0.0011151775892389013,1.0055114761578112,0.29668392434129165,0.021562766865926557,0.0054812662893428616,0.14683479615671613
Bag of Organic Bananas,Apple Honeycrisp Organic,0.16610344503895616,0.037031822021965644,0.009715573078006195,0.05849109918055948,1.5794820774917622,1.0,0.0035644598640882184,1.022792431531892,0.43995993223065394,0.050230526571220575,0.022284513288541224,0.16042425681461434
Apple Honeycrisp Organic,Bag of Organic Bananas,0.037031822021965644,0.16610344503895616,0.009715573078006195,0.26235741444866917,1.579482077491762,1.0,0.0035644598640882184,1.1304886286327551,0.3809898189765574,0.050230526571220575,0.11542675028104606,0.16042425681461434
Apple Honeycrisp Organic,Banana,0.037031822021965644,0.20707781845489534,0.00797897305923214,0.21546261089987323,1.04049102172092,1.0,0.0003105041415135436,1.01068756258334,0.04041182491420302,0.033790498906777974,0.010574546456298031,0.12699694461584776
Banana,Apple Honeycrisp Organic,0.20707781845489534,0.037031822021965644,0.00797897305923214,0.0385312783318223,1.04049102172092,1.0,0.0003105041415135436,1.0015595476754096,0.04907833620011266,0.033790498906777974,0.0015571192736660302,0.12699694461584776
Carrots,Apple Honeycrisp Organic,0.03163428142307331,0.037031822021965644,0.00211208110391439,0.06676557863501482,1.8029244846611228,1.0,0.0009406060244623652,1.0318609729049208,0.4598940157683857,0.03173483779971791,0.03087719541831778,0.06189989958366711
Apple Honeycrisp Organic,Carrots,0.037031822021965644,0.03163428142307331,0.00211208110391439,0.05703422053231939,1.802924484661123,1.0,0.0009406060244623652,1.0269362257489183,0.4624717713765819,0.03173483779971791,0.026229696716828076,0.06189989958366711
Apple Honeycrisp Organic,Large Lemon,0.037031822021965644,0.0645827466441378,0.0029569135454801465,0.07984790874524715,1.2363659474754622,1.0,0.0005652967660647367,1.0165898249280652,0.19852990667437231,0.02997145575642246,0.016319094015365576,0.0628163962330887
Large Lemon,Apple Honeycrisp Organic,0.0645827466441378,0.037031822021965644,0.0029569135454801465,0.04578488372093024,1.2363659474754622,1.0,0.0005652967660647367,1.00917304866548,0.20437722504957836,0.02997145575642246,0.00908966869221327,0.0628163962330887
Limes,Apple Honeycrisp Organic,0.059513751994743264,0.037031822021965644,0.0025814324603398104,0.04337539432176656,1.171300572141392,1.0,0.000377529788611075,1.0066312033603855,0.15550272663757045,0.027472527472527476,0.006587520174467923,0.05654194304174513
Apple Honeycrisp Organic,Limes,0.037031822021965644,0.059513751994743264,0.0025814324603398104,0.0697084917617237,1.171300572141392,1.0,0.000377529788611075,1.0109586507849422,0.15187228329500593,0.027472527472527476,0.010839860538740647,0.05654194304174513
Apple Honeycrisp Organic,Organic Avocado,0.037031822021965644,0.07612879001220313,0.0033793297662630243,0.09125475285171102,1.1986891271631042,1.0,0.0005601419637835223,1.0166448879782033,0.17212961609072153,0.030782385634886705,0.016372371685559595,0.06782219763424022
Organic Avocado,Apple Honeycrisp Organic,0.07612879001220313,0.037031822021965644,0.0033793297662630243,0.044389642416769425,1.1986891271631044,1.0,0.0005601419637835223,1.0076996030195946,0.1794139063875906,0.030782385634886705,0.007640772107602932,0.06782219763424022
Apple Honeycrisp Organic,Organic Baby Spinach,0.037031822021965644,0.10452454707594105,0.005022059513751995,0.1356147021546261,1.2974435761591663,1.0,0.001151325089509176,1.0359679360074523,0.23806972927396877,0.036782399449982815,0.03471915950031257,0.09183070087524749
Organic Baby Spinach,Apple Honeycrisp Organic,0.10452454707594105,0.037031822021965644,0.005022059513751995,0.04804669959586888,1.2974435761591665,1.0,0.001151325089509176,1.0115708171495672,0.2560132415490339,0.036782399449982815,0.01143846476529621,0.09183070087524749
Apple Honeycrisp Organic,Organic Cucumber,0.037031822021965644,0.03355862198441754,0.002252886510842016,0.060836501901140684,1.8128426706373473,1.0,0.0010101495942126425,1.0290448680894664,0.4656230199346883,0.03296703296703297,0.02822507452312677,0.0639846845170039
Organic Cucumber,Apple Honeycrisp Organic,0.03355862198441754,0.037031822021965644,0.002252886510842016,0.06713286713286712,1.812842670637347,1.0,0.0010101495942126425,1.0322672372628106,0.4639496624738963,0.03296703296703297,0.03125860833127976,0.0639846845170039
Apple Honeycrisp Organic,Organic Garlic,0.037031822021965644,0.04721674645639726,0.0023467567821271003,0.06337135614702154,1.342137290326482,1.0,0.00059823463089752,1.017247614405822,0.26472291270653603,0.02865329512893983,0.016955178032928123,0.05653657270571753
Organic Garlic,Apple Honeycrisp Organic,0.04721674645639726,0.037031822021965644,0.0023467567821271003,0.04970178926441352,1.3421372903264823,1.0,0.00059823463089752,1.0133326224329524,0.2675527093596059,0.02865329512893983,0.013157202420801994,0.05653657270571753
Organic Garnet Sweet Potato (Yam),Apple Honeycrisp Organic,0.024640946212334553,0.037031822021965644,0.00211208110391439,0.08571428571428572,2.3146116241173273,1.0,0.0011995819693263886,1.053246444663475,0.5823107646407777,0.03546099290780142,0.05055459235894972,0.07137425312330255
Apple Honeycrisp Organic,Organic Garnet Sweet Potato (Yam),0.037031822021965644,0.024640946212334553,0.00211208110391439,0.05703422053231939,2.3146116241173273,1.0,0.0011995819693263886,1.0343525449441775,0.58980357752108,0.03546099290780142,0.033211640568865636,0.07137425312330255
Organic Granny Smith Apple,Apple Honeycrisp Organic,0.026095935417253358,0.037031822021965644,0.002205951375199474,0.08453237410071941,2.2826955165905294,1.0,0.0012395713393310382,1.0518866541371064,0.5769782107152013,0.0362095531587057,0.04932722925329862,0.07205072443945983
Apple Honeycrisp Organic,Organic Granny Smith Apple,0.037031822021965644,0.026095935417253358,0.002205951375199474,0.05956907477820025,2.2826955165905294,1.0,0.0012395713393310382,1.0355934056007912,0.5835306269113626,0.0362095531587057,0.034370058179486,0.07205072443945983
Organic Hass Avocado,Apple Honeycrisp Organic,0.0930723739791608,0.037031822021965644,0.006383178447385713,0.06858295511850732,1.8520005598921634,1.0,0.0029365388590276045,1.0338743351004018,0.5072547649707299,0.05159332321699545,0.032764460776668954,0.12047652191920297
Apple Honeycrisp Organic,Organic Hass Avocado,0.037031822021965644,0.0930723739791608,0.006383178447385713,0.17237008871989862,1.8520005598921634,1.0,0.0029365388590276045,1.0958130121446281,0.47773474794216564,0.05159332321699545,0.08743554884159603,0.12047652191920297
Organic Lemon,Apple Honeycrisp Organic,0.04003567070308833,0.037031822021965644,0.002252886510842016,0.056271981242672915,1.5195574554580344,1.0,0.0007702926788352249,1.0203873985282774,0.3561732997604263,0.030112923462986198,0.019980057140731547,0.0585542415719068
Apple Honeycrisp Organic,Organic Lemon,0.037031822021965644,0.04003567070308833,0.002252886510842016,0.060836501901140684,1.5195574554580344,1.0,0.0007702926788352249,1.0221482534618938,0.35506226543841685,0.030112923462986198,0.021668337628010726,0.0585542415719068
Organic Raspberries,Apple Honeycrisp Organic,0.06049938984323665,0.037031822021965644,0.004364967614756406,0.0721489526764934,1.9482960528838638,1.0,0.0021245649776441508,1.0378478105465603,0.5180741530988981,0.04685138539042821,0.036467592032235145,0.09500983755497674
Apple Honeycrisp Organic,Organic Raspberries,0.037031822021965644,0.06049938984323665,0.004364967614756406,0.11787072243346007,1.9482960528838635,1.0,0.0021245649776441508,1.0650373296173654,0.5054486680596892,0.04685138539042821,0.06106577469987012,0.09500983755497674
Organic Strawberries,Apple Honeycrisp Organic,0.11090772552332676,0.037031822021965644,0.006758659532526049,0.06093948370715192,1.6455977691566273,1.0,0.0026515443800851956,1.025459127788236,0.44125688468915514,0.047872340425531915,0.024827052681414382,0.12172449470528698
Apple Honeycrisp Organic,Organic Strawberries,0.037031822021965644,0.11090772552332676,0.006758659532526049,0.18250950570342203,1.6455977691566273,1.0,0.0026515443800851956,1.0875872938947213,0.40740503809848744,0.047872340425531915,0.0805335759128496,0.12172449470528698
Apple Honeycrisp Organic,Organic Whole Milk,0.037031822021965644,0.05749554116211396,0.0026753027316248944,0.07224334600760457,1.2565034530922636,1.0,0.0005461380842528905,1.0158961994850986,0.21199108313260118,0.029126213592233007,0.015647464271601165,0.059386979126251266
Organic Whole Milk,Apple Honeycrisp Organic,0.05749554116211396,0.037031822021965644,0.0026753027316248944,0.04653061224489796,1.2565034530922636,1.0,0.0005461380842528905,1.009962344197853,0.21659384754900546,0.029126213592233007,0.009864074888618998,0.059386979126251266
Organic Yellow Onion,Apple Honeycrisp Organic,0.04702900591382709,0.037031822021965644,0.0029569135454801465,0.062874251497006,1.6978438560142075,1.0,0.001215343768609332,1.027576266596369,0.431301362152426,0.03645833333333334,0.02683622373618023,0.07136108012112657
Apple Honeycrisp Organic,Organic Yellow Onion,0.037031822021965644,0.04702900591382709,0.0029569135454801465,0.07984790874524715,1.6978438560142075,1.0,0.001215343768609332,1.035666824151502,0.4268237489468664,0.03645833333333334,0.034438511806847705,0.07136108012112657
Organic Zucchini,Apple Honeycrisp Organic,0.042523232892143055,0.037031822021965644,0.0024875621890547263,0.05849889624724062,1.5796926279387942,1.0,0.0009128493967942893,1.0228009018148876,0.38326304106548287,0.032277710109622416,0.022292610198552838,0.06283626688154173
Apple Honeycrisp Organic,Organic Zucchini,0.037031822021965644,0.042523232892143055,0.0024875621890547263,0.06717363751584284,1.5796926279387942,1.0,0.0009128493967942893,1.0264255016957868,0.38107744980922403,0.032277710109622416,0.02574517259375233,0.06283626688154173
Original Hummus,Apple Honeycrisp Organic,0.03191589223692856,0.037031822021965644,0.002065145968271848,0.06470588235294118,1.7473048535003357,1.0,0.0008832423272816746,1.0295886179639362,0.4417901501194432,0.030877192982456135,0.028738291631903536,0.06023633788116007
Apple Honeycrisp Organic,Original Hummus,0.037031822021965644,0.03191589223692856,0.002065145968271848,0.055766793409378956,1.7473048535003355,1.0,0.0008832423272816746,1.025259545000085,0.4441372343112363,0.030877192982456135,0.024637220032009507,0.06023633788116007
Asparagus,Bag of Organic Bananas,0.0275978597578147,0.16610344503895616,0.004271097343471322,0.15476190476190477,0.9317200177612724,1.0,-0.0003130022380036712,0.9865818396722209,-0.07008203513423926,0.02254707631318137,-0.013600656112053636,0.09023769157281449
Bag of Organic Bananas,Asparagus,0.16610344503895616,0.0275978597578147,0.004271097343471322,0.025713478383724214,0.9317200177612723,1.0,-0.0003130022380036712,0.998065885822823,-0.08078195081764955,0.02254707631318137,-0.0019378622239777912,0.09023769157281449
Asparagus,Banana,0.0275978597578147,0.20707781845489534,0.005960762226602835,0.21598639455782315,1.04302042666568,1.0,0.0002458576339304207,1.0113627825347538,0.042416613648750025,0.02606197414323825,0.011235120305965423,0.12238576300873932
Banana,Asparagus,0.20707781845489534,0.0275978597578147,0.005960762226602835,0.028785131459655486,1.04302042666568,1.0,0.0002458576339304207,1.001222460384719,0.052017722361477635,0.02606197414323825,0.0012209677999526888,0.12238576300873932
Asparagus,Cucumber Kirby,0.0275978597578147,0.043368065333708815,0.0023467567821271003,0.08503401360544217,1.9607518332008127,1.0,0.001149890997079659,1.0455382482969873,0.5038980596582682,0.03419972640218878,0.04355483730142042,0.06957328385899814
Cucumber Kirby,Asparagus,0.043368065333708815,0.0275978597578147,0.0023467567821271003,0.05411255411255411,1.960751833200813,1.0,0.001149890997079659,1.0280315532995186,0.5122048866647042,0.03419972640218878,0.027267211020469057,0.06957328385899814
Asparagus,Large Lemon,0.0275978597578147,0.0645827466441378,0.0036609405801182764,0.1326530612244898,2.0540015424774563,1.0,0.0018785949954588836,1.0784810685749942,0.5277090898289857,0.041357370095440084,0.07277000112639136,0.09466955386805886
Large Lemon,Asparagus,0.0645827466441378,0.0275978597578147,0.0036609405801182764,0.05668604651162791,2.0540015424774563,1.0,0.0018785949954588836,1.0308361671596664,0.5485738546451041,0.041357370095440084,0.02991374201065471,0.09466955386805886
Asparagus,Limes,0.0275978597578147,0.059513751994743264,0.0024875621890547263,0.09013605442176871,1.5145416210648297,1.0,0.000845110007842437,1.0336559136954973,0.3493762601839255,0.029395452024403773,0.032560074633706165,0.06596708083864461
Limes,Asparagus,0.059513751994743264,0.0275978597578147,0.0024875621890547263,0.0417981072555205,1.5145416210648297,1.0,0.000845110007842437,1.0148196821622146,0.3612325261248911,0.029395452024403773,0.01460326639570035,0.06596708083864461
Asparagus,Organic Avocado,0.0275978597578147,0.07612879001220313,0.0036609405801182764,0.1326530612244898,1.7424821963310604,1.0,0.00155994890982937,1.0651691597506363,0.4381994103974991,0.036585365853658534,0.061181981429027636,0.09037092025466167
Organic Avocado,Asparagus,0.07612879001220313,0.0275978597578147,0.0036609405801182764,0.048088779284833544,1.7424821963310604,1.0,0.00155994890982937,1.0215260825601196,0.4612180138495929,0.036585365853658534,0.021072474729349526,0.09037092025466167
Asparagus,Organic Baby Spinach,0.0275978597578147,0.10452454707594105,0.0045527081573265744,0.1649659863945578,1.578251147787359,1.0,0.0016680543658756527,1.0723820087970402,0.37678576226857863,0.03568800588668138,0.06749647812371973,0.10426117011690171
Organic Baby Spinach,Asparagus,0.10452454707594105,0.0275978597578147,0.0045527081573265744,0.043556353839245616,1.578251147787359,1.0,0.0016680543658756527,1.0166852424034492,0.4091539086262598,0.03568800588668138,0.016411413982960088,0.10426117011690171
Asparagus,Organic Garlic,0.0275978597578147,0.04721674645639726,0.00211208110391439,0.07653061224489796,1.620836207246318,1.0,0.0008089999569904445,1.0317431916825754,0.3939054606300479,0.02905100064557779,0.03076656278274857,0.06063111129143506
Organic Garlic,Asparagus,0.04721674645639726,0.0275978597578147,0.00211208110391439,0.04473161033797216,1.6208362072463178,1.0,0.0008089999569904445,1.017936059400248,0.402016420361248,0.02905100064557779,0.017620025574902737,0.06063111129143506
Asparagus,Organic Grape Tomatoes,0.0275978597578147,0.034966676053693795,0.002018210832629306,0.07312925170068027,2.091398438570059,1.0,0.0010532054107025273,1.0411735678539964,0.5366617501464854,0.03333333333333333,0.03954534491195437,0.0654236862530247
Organic Grape Tomatoes,Asparagus,0.034966676053693795,0.0275978597578147,0.002018210832629306,0.05771812080536912,2.091398438570059,1.0,0.0010532054107025273,1.031965234302604,0.5407596001913761,0.03333333333333333,0.030975107726575662,0.0654236862530247
Asparagus,Organic Hass Avocado,0.0275978597578147,0.0930723739791608,0.0030977189524077726,0.11224489795918369,1.2059958627929237,1.0,0.0005291206280040109,1.021596636207382,0.1756575310007109,0.02634730538922156,0.021140081556609625,0.07276390132452376
Organic Hass Avocado,Asparagus,0.0930723739791608,0.0275978597578147,0.0030977189524077726,0.03328290468986385,1.2059958627929237,1.0,0.0005291206280040109,1.005880774178536,0.1883389084134311,0.02634730538922156,0.00584639286235347,0.07276390132452376
Asparagus,Organic Raspberries,0.0275978597578147,0.06049938984323665,0.0025344973246972683,0.09183673469387756,1.5179778660882508,1.0,0.0008648436483702643,1.034506289835537,0.35091332282180815,0.029621503017004936,0.03335532144615853,0.06686483747882396
Organic Raspberries,Asparagus,0.06049938984323665,0.0275978597578147,0.0025344973246972683,0.04189294026377036,1.5179778660882506,1.0,0.0008648436483702643,1.014920128560467,0.36320238908039276,0.029621503017004936,0.014700790870735177,0.06686483747882396
Asparagus,Organic Strawberries,0.0275978597578147,0.11090772552332676,0.0037548108514033605,0.1360544217687075,1.2267352984359212,1.0,0.0006939949963523828,1.0291068058903226,0.19007384882710693,0.027864855451062348,0.028283561748618593,0.0849548452474515
Organic Strawberries,Asparagus,0.11090772552332676,0.0275978597578147,0.0037548108514033605,0.033855268726195514,1.2267352984359212,1.0,0.0006939949963523828,1.006476678665039,0.20788417885234658,0.027864855451062348,0.0064350012298639665,0.0849548452474515
Asparagus,Organic Zucchini,0.0275978597578147,0.042523232892143055,0.0023936919177696423,0.08673469387755102,2.0397013109879714,1.0,0.001220141699963385,1.048410314822011,0.5241989063218685,0.035343035343035345,0.0461749699879952,0.07151304230301392
Organic Zucchini,Asparagus,0.042523232892143055,0.0275978597578147,0.0023936919177696423,0.056291390728476824,2.0397013109879714,1.0,0.001220141699963385,1.030405074923298,0.5323702422145329,0.035343035343035345,0.02950788545520452,0.07151304230301392
Bag of Organic Bananas,Bartlett Pears,0.16610344503895616,0.01736600018774054,0.002252886510842016,0.013563153433173212,0.781017694722131,1.0,-0.0006316659468888473,0.9961448654642182,-0.2516256302882346,0.012432012432012432,-0.0038700541150559573,0.07164644158145148
Bartlett Pears,Bag of Organic Bananas,0.01736600018774054,0.16610344503895616,0.002252886510842016,0.12972972972972974,0.781017694722131,1.0,-0.0006316659468888473,0.9582041159490255,-0.22199323356584888,0.012432012432012432,-0.04361897778906839,0.07164644158145148
Bag of Organic Bananas,Blueberries,0.16610344503895616,0.025814324603398105,0.0025344973246972683,0.015258547612319864,0.5910883916874309,1.0,-0.0017533509232810426,0.9892806614716138,-0.45343021083046975,0.013382899628252787,-0.010835487790128781,0.05672018289706902
Blueberries,Bag of Organic Bananas,0.025814324603398105,0.16610344503895616,0.0025344973246972683,0.09818181818181818,0.5910883916874309,1.0,-0.0017533509232810426,0.9246836798963187,-0.41524768488326597,0.013382899628252787,-0.08145090233681443,0.05672018289706902
Carrots,Bag of Organic Bananas,0.03163428142307331,0.16610344503895616,0.005209800056322163,0.16468842729970326,0.9914811054104203,1.0,-4.4763069382167293e-05,0.9983060000776972,-0.008794739776115034,0.02705997074597757,-0.0016968744274510202,0.09802660980695815
Bag of Organic Bananas,Carrots,0.16610344503895616,0.03163428142307331,0.005209800056322163,0.031364792314213054,0.9914811054104203,1.0,-4.4763069382167293e-05,0.9997217847268797,-0.010198463505109551,0.02705997074597757,-0.00027829269839941233,0.09802660980695815
Bag of Organic Bananas,"Clementines, Bag",0.16610344503895616,0.016943583966957665,0.0025814324603398104,0.015541113308844307,0.9172270364494094,1.0,-0.00023295520787868082,0.998575389305665,-0.09765045699922614,0.014304291287386216,-0.001426643105359905,0.0839478419729817
"Clementines, Bag",Bag of Organic Bananas,0.016943583966957665,0.16610344503895616,0.0025814324603398104,0.1523545706371191,0.9172270364494093,1.0,-0.00023295520787868082,0.9837799226828001,-0.08407965499584963,0.014304291287386216,-0.01648750593828673,0.0839478419729817
Bag of Organic Bananas,Cucumber Kirby,0.16610344503895616,0.043368065333708815,0.0047404486998967425,0.028539135348968635,0.6580679845726469,1.0,-0.0024631363567068198,0.9847354324560804,-0.3838945106377573,0.02315451627693718,-0.015501186451519688,0.06892324732816396
Cucumber Kirby,Bag of Organic Bananas,0.043368065333708815,0.16610344503895616,0.0047404486998967425,0.1093073593073593,0.6580679845726468,1.0,-0.0024631363567068198,0.9362337992515243,-0.3519771386263533,0.02315451627693718,-0.06810927014112696,0.06892324732816396
Bag of Organic Bananas,Extra Virgin Olive Oil,0.16610344503895616,0.022341124565849996,0.0033323946306204823,0.020062164453235377,0.8979925963038506,1.0,-0.00037854312581165565,0.9976743829761986,-0.11989018310954831,0.01800202839756592,-0.0023310381257497397,0.0846109141593908
Extra Virgin Olive Oil,Bag of Organic Bananas,0.022341124565849996,0.16610344503895616,0.0033323946306204823,0.14915966386554622,0.8979925963038508,1.0,-0.00037854312581165565,0.9800858275591529,-0.10409579056536113,0.01800202839756592,-0.020318804619838593,0.0846109141593908
Fresh Cauliflower,Bag of Organic Bananas,0.029052848962733503,0.16610344503895616,0.006101567633530461,0.210016155088853,1.2643696525354908,1.0,0.0012757893326239625,1.0555868456459838,0.21534854665323083,0.032274081429990074,0.05265966118776956,0.12337484781851522
Bag of Organic Bananas,Fresh Cauliflower,0.16610344503895616,0.029052848962733503,0.006101567633530461,0.03673354054817746,1.2643696525354908,1.0,0.0012757893326239625,1.0079735897685205,0.25074100211714895,0.032274081429990074,0.00791051457047754,0.12337484781851522
Grape White/Green Seedless,Bag of Organic Bananas,0.01614568666103445,0.16610344503895616,0.0028630432741950625,0.17732558139534885,1.0675611294742307,1.0,0.0001811890972777193,1.0136410420727884,0.06432404616628698,0.015960230245944534,0.01345746818310928,0.0972810444416699
Bag of Organic Bananas,Grape White/Green Seedless,0.16610344503895616,0.01614568666103445,0.0028630432741950625,0.01723650748799096,1.0675611294742309,1.0,0.0001811890972777193,1.0011099525320872,0.075891295983436,0.015960230245944534,0.0011087219034030813,0.0972810444416699
Bag of Organic Bananas,Grated Parmesan,0.16610344503895616,0.02032291373322069,0.0036140054444757344,0.02175755863238203,1.0705924808811351,1.0,0.0002382994601582639,1.001466553523435,0.07907188213373821,0.01976893453145058,0.0014644058938116928,0.09979332896977068
Grated Parmesan,Bag of Organic Bananas,0.02032291373322069,0.16610344503895616,0.0036140054444757344,0.17782909930715934,1.0705924808811351,1.0,0.0002382994601582639,1.0142618210621686,0.06730561634025425,0.01976893453145058,0.014061281580364553,0.09979332896977068
Bag of Organic Bananas,Green Bell Pepper,0.16610344503895616,0.02243499483713508,0.0046935135642542005,0.02825656965244419,1.259486345219615,1.0,0.0009669836323748684,1.005990855850939,0.24706365734226368,0.025529742149604292,0.005955179230601878,0.11873079528647314
Green Bell Pepper,Bag of Organic Bananas,0.02243499483713508,0.16610344503895616,0.0046935135642542005,0.20920502092050208,1.259486345219615,1.0,0.0009669836323748684,1.0545041091835423,0.2107537929710005,0.025529742149604292,0.051686957602984036,0.11873079528647314
Bag of Organic Bananas,Half & Half,0.16610344503895616,0.030320097625082136,0.004505773021684032,0.027126306866346424,0.8946642323442368,1.0,-0.0005304996477595832,0.9967171578579246,-0.12372164710113284,0.023477622890682316,-0.0032936546904948245,0.08786655900592863
Half & Half,Bag of Organic Bananas,0.030320097625082136,0.16610344503895616,0.004505773021684032,0.14860681114551083,0.8946642323442368,1.0,-0.0005304996477595832,0.9794494081906078,-0.10827280910071045,0.023477622890682316,-0.0209817798015279,0.08786655900592863
Bag of Organic Bananas,Hass Avocados,0.16610344503895616,0.02107387590350136,0.004834318971181827,0.029104266742017517,1.3810590360922612,1.0,0.001333875583286806,1.0082711155929884,0.3308779612688737,0.026512226512226515,0.008203265436324748,0.1292514652195611
Hass Avocados,Bag of Organic Bananas,0.02107387590350136,0.16610344503895616,0.004834318971181827,0.22939866369710468,1.3810590360922612,1.0,0.001333875583286806,1.0821374369292158,0.28185782892381833,0.026512226512226515,0.07590296216190197,0.1292514652195611
Bag of Organic Bananas,Honeycrisp Apple,0.16610344503895616,0.03646860039425514,0.005960762226602835,0.03588584345860413,0.9840203098185579,1.0,-9.679793463197861e-05,0.9993955519357359,-0.019101875801508447,0.03031749820959656,-0.000604813642699618,0.0996675034538838
Honeycrisp Apple,Bag of Organic Bananas,0.03646860039425514,0.16610344503895616,0.005960762226602835,0.16344916344916346,0.984020309818558,1.0,-9.679793463197861e-05,0.9968271126226632,-0.01657447935290841,0.03031749820959656,-0.0031829866354546725,0.0996675034538838
Bag of Organic Bananas,Jalapeno Peppers,0.16610344503895616,0.016708908288744953,0.002159016239556932,0.012998022040124329,0.7779097123227219,1.0,-0.0006163909900435741,0.9962402443647672,-0.25504562068745495,0.011951156144453103,-0.0037739447452558956,0.07110575259309587
Jalapeno Peppers,Bag of Organic Bananas,0.016708908288744953,0.16610344503895616,0.002159016239556932,0.12921348314606743,0.7779097123227219,1.0,-0.0006163909900435741,0.9576360437617149,-0.22501503810188592,0.011951156144453103,-0.04423805527606728,0.07110575259309587
Large Alfresco Eggs,Bag of Organic Bananas,0.01689664883131512,0.16610344503895616,0.003942551393973529,0.23333333333333336,1.4047471037016108,1.0,0.001135959813478635,1.08769115864484,0.2930801653230758,0.022018348623853216,0.08062137670963025,0.12853442592069325
Bag of Organic Bananas,Large Alfresco Eggs,0.16610344503895616,0.01689664883131512,0.003942551393973529,0.023735518508053124,1.4047471037016108,1.0,0.001135959813478635,1.00700514031432,0.3455201858984153,0.022018348623853216,0.006956409688369135,0.12853442592069325
Bag of Organic Bananas,Large Lemon,0.16610344503895616,0.0645827466441378,0.00797897305923214,0.048036168409155124,0.7437925902074558,1.0,-0.0027484436484372324,0.9826184801503106,-0.2923228821513606,0.03582718651211802,-0.017688981228025126,0.08579134001853105
Large Lemon,Bag of Organic Bananas,0.0645827466441378,0.16610344503895616,0.00797897305923214,0.12354651162790697,0.7437925902074558,1.0,-0.0027484436484372324,0.9514441622109423,-0.269135655463287,0.03582718651211802,-0.05103382806640479,0.08579134001853105
Bag of Organic Bananas,Lime Sparkling Water,0.16610344503895616,0.018210832629306298,0.002252886510842016,0.013563153433173212,0.7447849150700734,1.0,-0.0007719955259135919,0.9952884168790846,-0.29124544986121037,0.012374323279195668,-0.004733887224056388,0.06863724681967939
Lime Sparkling Water,Bag of Organic Bananas,0.018210832629306298,0.16610344503895616,0.002252886510842016,0.12371134020618557,0.7447849150700734,1.0,-0.0007719955259135919,0.9516231274261324,-0.258724200964483,0.012374323279195668,-0.050836167364609115,0.06863724681967939
Bag of Organic Bananas,Limes,0.16610344503895616,0.059513751994743264,0.007368816295879095,0.044362814354337386,0.7454212323608141,1.0,-0.00251662293764181,0.9841457219664707,-0.2905543450643453,0.03376344086021506,-0.0161096854659391,0.08408992452732642
Limes,Bag of Organic Bananas,0.059513751994743264,0.16610344503895616,0.007368816295879095,0.12381703470031545,0.745421232360814,1.0,-0.00251662293764181,0.9517379223137746,-0.26639688310913034,0.03376344086021506,-0.050709419636127594,0.08408992452732642
Bag of Organic Bananas,Michigan Organic Kale,0.16610344503895616,0.028865108420163335,0.005444475734534873,0.032777620796835265,1.1355446970688978,1.0,0.0006498817845227616,1.00404510116887,0.1431416826623554,0.028727092620108963,0.00402880424809686,0.11069775348784854
Michigan Organic Kale,Bag of Organic Bananas,0.028865108420163335,0.16610344503895616,0.005444475734534873,0.1886178861788618,1.1355446970688978,1.0,0.0006498817845227616,1.0277482591203246,0.1229132606380585,0.028727092620108963,0.026999081607858924,0.11069775348784854
Bag of Organic Bananas,Orange Bell Pepper,0.16610344503895616,0.016333427203604617,0.0023936919177696423,0.014410850522746538,0.8822919001081545,1.0,-0.00031934661004208876,0.9980493122495536,-0.13792060189347558,0.013295099061522419,-0.0019545003703770507,0.0804812873303388
Orange Bell Pepper,Bag of Organic Bananas,0.016333427203604617,0.16610344503895616,0.0023936919177696423,0.14655172413793105,0.8822919001081546,1.0,-0.00031934661004208876,0.9770909128836474,-0.11942917589370451,0.013295099061522419,-0.023446218580359147,0.0804812873303388
Bag of Organic Bananas,Organic Avocado,0.16610344503895616,0.07612879001220313,0.009903313620576363,0.059621361966657245,0.7831644500996296,1.0,-0.0027419406670978544,0.982445977207576,-0.24926099357788847,0.04262626262626263,-0.017867672319569226,0.09485383758012271
Organic Avocado,Bag of Organic Bananas,0.07612879001220313,0.16610344503895616,0.009903313620576363,0.13008631319358818,0.7831644500996298,1.0,-0.0027419406670978544,0.9585968902528796,-0.2305832365076354,0.04262626262626263,-0.043191366640254976,0.09485383758012271
Bag of Organic Bananas,Organic Baby Arugula,0.16610344503895616,0.03107105979536281,0.005303670327607247,0.03192992370726194,1.0276419252370437,1.0,0.00014266025458607983,1.000887191880972,0.03225628103409369,0.02764187866927593,0.0008864054692367249,0.10131239387780015
Organic Baby Arugula,Bag of Organic Bananas,0.03107105979536281,0.16610344503895616,0.005303670327607247,0.17069486404833836,1.0276419252370437,1.0,0.00014266025458607983,1.0055364651807122,0.027760964209103987,0.02764187866927593,0.005505981505819621,0.10131239387780015
Bag of Organic Bananas,Organic Baby Broccoli,0.16610344503895616,0.015113113676898526,0.0032385243593353987,0.019497033060186495,1.2900738707463772,1.0,0.0007281841123371875,1.0044710924200162,0.26963846832141986,0.01819620253164557,0.004451190734861488,0.1168913736729504
Organic Baby Broccoli,Bag of Organic Bananas,0.015113113676898526,0.16610344503895616,0.0032385243593353987,0.2142857142857143,1.2900738707463772,1.0,0.0007281841123371875,1.0613228881322376,0.22830092769093913,0.01819620253164557,0.057779671783161415,0.1168913736729504
Bag of Organic Bananas,Organic Baby Carrots,0.16610344503895616,0.03412184361212804,0.007368816295879095,0.044362814354337386,1.3001294671712686,1.0,0.0017010605208241276,1.010716379496357,0.2768278985695587,0.03820880992942322,0.010602756335755492,0.13015939892407377
Organic Baby Carrots,Bag of Organic Bananas,0.03412184361212804,0.16610344503895616,0.007368816295879095,0.21595598349381015,1.3001294671712684,1.0,0.0017010605208241276,1.063583851678384,0.23900098517349477,0.03820880992942322,0.059782641094113756,0.13015939892407377
Bag of Organic Bananas,Organic Baby Spinach,0.16610344503895616,0.10452454707594105,0.022528865108420164,0.13563153433173214,1.2976046117969846,1.0,0.005166977747969804,1.0359881098065526,0.2750331841804094,0.09080590238365495,0.03473795641657764,0.1755840653248243
Organic Baby Spinach,Bag of Organic Bananas,0.10452454707594105,0.16610344503895616,0.022528865108420164,0.21553659631791647,1.2976046117969846,1.0,0.005166977747969804,1.0630152420711187,0.2561200578297255,0.09080590238365495,0.05927971639272406,0.1755840653248243
Bag of Organic Bananas,Organic Bartlett Pear,0.16610344503895616,0.016990519102600205,0.004928189242466911,0.029669398135066402,1.746232587474378,1.0,0.002106005486524823,1.0130665558811585,0.512459964567805,0.027660695468914646,0.012898023141029641,0.1598623233769255
Organic Bartlett Pear,Bag of Organic Bananas,0.016990519102600205,0.16610344503895616,0.004928189242466911,0.29005524861878457,1.746232587474378,1.0,0.002106005486524823,1.1745935910346224,0.43472479901051336,0.027660695468914646,0.14864170242988822,0.1598623233769255
Bag of Organic Bananas,Organic Black Beans,0.16610344503895616,0.016802778560030037,0.004130291936543696,0.024865781294150888,1.4798612744502202,1.0,0.0013392925314959963,1.0082686081356285,0.38885037121936994,0.02310317668679443,0.00820079894277157,0.13533791858003633
Organic Black Beans,Bag of Organic Bananas,0.016802778560030037,0.16610344503895616,0.004130291936543696,0.24581005586592178,1.4798612744502202,1.0,0.0013392925314959963,1.1056850617631617,0.3298025847553249,0.02310317668679443,0.09558333147291774,0.13533791858003633
Bag of Organic Bananas,Organic Blackberries,0.16610344503895616,0.02802027597859758,0.005444475734534873,0.032777620796835265,1.169782225623739,1.0,0.0007902113635475062,1.0049185636318267,0.17405039952022633,0.028855721393034828,0.00489448977243576,0.1135412392091379
Organic Blackberries,Bag of Organic Bananas,0.02802027597859758,0.16610344503895616,0.005444475734534873,0.19430485762144054,1.169782225623739,1.0,0.0007902113635475062,1.035002584847699,0.1493241319366392,0.028855721393034828,0.03381883809773243,0.1135412392091379
Organic Blueberries,Bag of Organic Bananas,0.042429362620857974,0.16610344503895616,0.009527832535436027,0.2245575221238938,1.3519136949340722,1.0,0.0024801692333044035,1.0753815772964104,0.27184188935403314,0.047877358490566034,0.07009751597746841,0.14095917925917775
Bag of Organic Bananas,Organic Blueberries,0.16610344503895616,0.042429362620857974,0.009527832535436027,0.05736083639446171,1.3519136949340722,1.0,0.0024801692333044035,1.015840073646518,0.3121583962740465,0.047877358490566034,0.01559307814039806,0.14095917925917775
Bag of Organic Bananas,Organic Broccoli,0.16610344503895616,0.016990519102600205,0.004130291936543696,0.024865781294150888,1.4635092161690024,1.0,0.0013081081806016084,1.0080760802364235,0.3797963026448421,0.02307894046682402,0.008011379691232756,0.1339798519730423
Organic Broccoli,Bag of Organic Bananas,0.016990519102600205,0.16610344503895616,0.004130291936543696,0.2430939226519337,1.4635092161690024,1.0,0.0013081081806016084,1.1017173463353938,0.3221849173553719,0.02307894046682402,0.09232617301863563,0.1339798519730423
Bag of Organic Bananas,Organic Broccoli Florets,0.16610344503895616,0.015770205575894116,0.0033323946306204823,0.020062164453235377,1.2721561780971218,1.0,0.0007129091554919139,1.0043798277009546,0.256546200147924,0.018664563617245004,0.004360728461642008,0.11568584413137958
Organic Broccoli Florets,Bag of Organic Bananas,0.015770205575894116,0.16610344503895616,0.0033323946306204823,0.21130952380952378,1.2721561780971218,1.0,0.0007129091554919139,1.05731789610155,0.21736081726409948,0.018664563617245004,0.054210655388400614,0.11568584413137958
Bag of Organic Bananas,Organic Cilantro,0.16610344503895616,0.02900591382709096,0.006477048718670797,0.03899406612037299,1.344348823237325,1.0,0.0016590665054878953,1.0103934345680463,0.30716692647091215,0.03433689972630007,0.010286522271880653,0.1311475184970797
Organic Cilantro,Bag of Organic Bananas,0.02900591382709096,0.16610344503895616,0.006477048718670797,0.22330097087378642,1.344348823237325,1.0,0.0016590665054878953,1.073641814512344,0.2637971182622146,0.03433689972630007,0.06859067290127166,0.1311475184970797
Bag of Organic Bananas,Organic Cucumber,0.16610344503895616,0.03355862198441754,0.009340091992865859,0.05623057360836394,1.6755924493703525,1.0,0.003765889270494055,1.0240227655081278,0.48350861076361706,0.049075215782983975,0.023459210397736976,0.16727612596502112
Organic Cucumber,Bag of Organic Bananas,0.03355862198441754,0.16610344503895616,0.009340091992865859,0.2783216783216783,1.6755924493703527,1.0,0.003765889270494055,1.155496195343307,0.4171967115456843,0.049075215782983975,0.13457092803071302,0.16727612596502112
Bag of Organic Bananas,Organic D'Anjou Pears,0.16610344503895616,0.0220125786163522,0.006383178447385713,0.03842893472732411,1.7457716061841524,1.0,0.002726813305018754,1.0170724314653923,0.5122786295809482,0.03512396694214876,0.016785856087746198,0.16420380638285184
Organic D'Anjou Pears,Bag of Organic Bananas,0.0220125786163522,0.16610344503895616,0.006383178447385713,0.28997867803837957,1.7457716061841524,1.0,0.002726813305018754,1.1744669197499387,0.43680253451863066,0.03512396694214876,0.1485498797931961,0.16420380638285184
Bag of Organic Bananas,Organic Fuji Apple,0.16610344503895616,0.03867455176945461,0.004928189242466911,0.029669398135066402,0.7671555784778213,1.0,-0.001495787041776958,0.9907194995014269,-0.2668481270295899,0.024659464537341476,-0.009367434983608789,0.07854829130054292
Organic Fuji Apple,Bag of Organic Bananas,0.03867455176945461,0.16610344503895616,0.004928189242466911,0.12742718446601942,0.7671555784778213,1.0,-0.001495787041776958,0.9556756067981922,-0.23996400925072509,0.024659464537341476,-0.04638016591247764,0.07854829130054292
Bag of Organic Bananas,Organic Gala Apples,0.16610344503895616,0.034027973340842954,0.009574767671078569,0.05764340209098615,1.6940004482076565,1.0,0.003922604071470796,1.0250599707186676,0.4912856176409889,0.05024630541871921,0.024447321556316553,0.1695113562179069
Organic Gala Apples,Bag of Organic Bananas,0.034027973340842954,0.16610344503895616,0.009574767671078569,0.2813793103448276,1.6940004482076567,1.0,0.003922604071470796,1.160412672450589,0.42411309307747197,0.05024630541871921,0.13823760827415416,0.1695113562179069
Bag of Organic Bananas,Organic Garlic,0.16610344503895616,0.04721674645639726,0.00980944334929128,0.05905623057360836,1.250747563221968,1.0,0.0019665790993527686,1.012582562850093,0.24041129958961055,0.04820110701107011,0.012426209290704425,0.13340485484942843
Organic Garlic,Bag of Organic Bananas,0.04721674645639726,0.16610344503895616,0.00980944334929128,0.20775347912524852,1.250747563221968,1.0,0.0019665790993527686,1.0525720631001383,0.21041318028613848,0.04820110701107011,0.04994628391076406,0.13340485484942843
Bag of Organic Bananas,Organic Garnet Sweet Potato (Yam),0.16610344503895616,0.024640946212334553,0.005491410870177415,0.033060186493359706,1.3416768255762321,1.0,0.0013984648152890276,1.0087070985840292,0.3053904314105812,0.029642766658221433,0.00863193943638525,0.1279586646752513
Organic Garnet Sweet Potato (Yam),Bag of Organic Bananas,0.024640946212334553,0.16610344503895616,0.005491410870177415,0.22285714285714286,1.3416768255762324,1.0,0.0013984648152890276,1.073028655280755,0.2610977236356189,0.029642766658221433,0.06805843900007237,0.1279586646752513
Bag of Organic Bananas,Organic Ginger Root,0.16610344503895616,0.022575800244062704,0.005491410870177415,0.033060186493359706,1.4644081776039957,1.0,0.0017414926751272925,1.0108428529913098,0.38029930645453813,0.02997694081475788,0.01072654662317032,0.13815171486830147
Organic Ginger Root,Bag of Organic Bananas,0.022575800244062704,0.16610344503895616,0.005491410870177415,0.24324324324324326,1.4644081776039957,1.0,0.0017414926751272925,1.1019347333413794,0.3244551153794852,0.02997694081475788,0.09250523670515792,0.13815171486830147
Bag of Organic Bananas,Organic Grade A Free Range Large Brown Eggs,0.16610344503895616,0.01802309208673613,0.0046935135642542005,0.02825656965244419,1.5677981068098332,1.0,0.0016998158783929802,1.0105310488819543,0.4343017954634998,0.026157467957101752,0.010421301644918075,0.14433661815955545
Organic Grade A Free Range Large Brown Eggs,Bag of Organic Bananas,0.01802309208673613,0.16610344503895616,0.0046935135642542005,0.2604166666666667,1.5677981068098334,1.0,0.0016998158783929802,1.1275221024825384,0.3688098652136507,0.026157467957101752,0.11309942590195309,0.14433661815955545
Organic Granny Smith Apple,Bag of Organic Bananas,0.026095935417253358,0.16610344503895616,0.006336243311743171,0.24280575539568344,1.4617743499464344,1.0,0.0020016185374232788,1.101298063083944,0.32436448014279345,0.034090909090909095,0.09198060586820687,0.14047606221324155
Bag of Organic Bananas,Organic Granny Smith Apple,0.16610344503895616,0.026095935417253358,0.006336243311743171,0.03814636903079966,1.4617743499464344,1.0,0.0020016185374232788,1.0125283444648474,0.37882382861276315,0.034090909090909095,0.012373327160010484,0.14047606221324155
Bag of Organic Bananas,Organic Grape Tomatoes,0.16610344503895616,0.034966676053693795,0.006289308176100629,0.03786380333427522,1.0828539514631783,1.0,0.0004812228220209174,1.0030111405127689,0.09175530015818363,0.03228915662650603,0.0030021007655302683,0.10886478757317788
Organic Grape Tomatoes,Bag of Organic Bananas,0.034966676053693795,0.16610344503895616,0.006289308176100629,0.17986577181208055,1.0828539514631783,1.0,0.0004812228220209174,1.016780578471322,0.07928682544187776,0.03228915662650603,0.016503637880800823,0.10886478757317788
Bag of Organic Bananas,Organic Half & Half,0.16610344503895616,0.03379329766263024,0.006148502769173003,0.0370161062447019,1.095368277291137,1.0,0.000535319608183215,1.003346690015244,0.10440747642189388,0.03173449612403101,0.0033355270402029872,0.10948027534457318
Organic Half & Half,Bag of Organic Bananas,0.03379329766263024,0.16610344503895616,0.006148502769173003,0.18194444444444446,1.095368277291137,1.0,0.000535319608183215,1.0193642097995783,0.09011015416243023,0.03173449612403101,0.018996360293427918,0.10948027534457318
Bag of Organic Bananas,Organic Hass Avocado,0.16610344503895616,0.0930723739791608,0.02618980568853844,0.15767165866063862,1.6940758242176333,1.0,0.010730163732645733,1.0766913346151459,0.49131711503324704,0.11240934730056408,0.07122870979783505,0.2195317446101983
Organic Hass Avocado,Bag of Organic Bananas,0.0930723739791608,0.16610344503895616,0.02618980568853844,0.28139183055975797,1.694075824217633,1.0,0.010730163732645733,1.1604328901668421,0.4517534121407494,0.11240934730056408,0.13825262238454455,0.2195317446101983
Bag of Organic Bananas,Organic Italian Parsley Bunch,0.16610344503895616,0.025157232704402517,0.00445883788604149,0.026843741169821984,1.0670387115004238,1.0,0.00028013486619353663,1.0017330294596747,0.07534133357821857,0.02386934673366834,0.0017300312645270658,0.10204127356998562
Organic Italian Parsley Bunch,Bag of Organic Bananas,0.025157232704402517,0.16610344503895616,0.00445883788604149,0.17723880597014924,1.0670387115004238,1.0,0.00028013486619353663,1.0135341348279354,0.0644482173174872,0.02386934673366834,0.013353408003602168,0.10204127356998562
Bag of Organic Bananas,Organic Kiwi,0.16610344503895616,0.021684032666854407,0.006477048718670797,0.03899406612037299,1.7982847895252532,1.0,0.002875256190369016,1.0180124105827706,0.5323376753678657,0.035723530934506864,0.01769370431590227,0.16884768241083584
Organic Kiwi,Bag of Organic Bananas,0.021684032666854407,0.16610344503895616,0.006477048718670797,0.2987012987012987,1.798284789525253,1.0,0.002875256190369016,1.1890747172592662,0.45375376502882697,0.035723530934506864,0.1590099549800118,0.16884768241083584
Bag of Organic Bananas,Organic Lacinato (Dinosaur) Kale,0.16610344503895616,0.018070027222378673,0.004271097343471322,0.025713478383724214,1.422990572580852,1.0,0.0012696035698865045,1.0078451779756386,0.35646466439509705,0.023741194886511864,0.007784110245381583,0.13103855737368028
Organic Lacinato (Dinosaur) Kale,Bag of Organic Bananas,0.018070027222378673,0.16610344503895616,0.004271097343471322,0.23636363636363633,1.422990572580852,1.0,0.0012696035698865045,1.092007393401367,0.30272490283962,0.023741194886511864,0.0842552843115684,0.13103855737368028
Bag of Organic Bananas,Organic Large Brown Grade AA Cage Free Eggs,0.16610344503895616,0.014831502863043274,0.0036140054444757344,0.02175755863238203,1.4669827348782642,1.0,0.0011504417238191052,1.0070801014926891,0.3817364601965267,0.02038115404976178,0.00703032607058273,0.1327142223541657
Organic Large Brown Grade AA Cage Free Eggs,Bag of Organic Bananas,0.014831502863043274,0.16610344503895616,0.0036140054444757344,0.24367088607594936,1.4669827348782642,1.0,0.0011504417238191052,1.1025577881493298,0.32312109043886084,0.02038115404976178,0.093018061503584,0.1327142223541657
Bag of Organic Bananas,Organic Large Extra Fancy Fuji Apple,0.16610344503895616,0.03219750305078382,0.01098282174035483,0.06612037298671941,2.053586977922804,1.0,0.005634705561967337,1.0363246707120353,0.6152407781833121,0.05863192182410424,0.0350514387417577,0.20361412235341803
Organic Large Extra Fancy Fuji Apple,Bag of Organic Bananas,0.03219750305078382,0.16610344503895616,0.01098282174035483,0.34110787172011664,2.0535869779228046,1.0,0.005634705561967337,1.2656040635028232,0.5301155628507714,0.05863192182410424,0.20986347244153797,0.20361412235341803
Organic Lemon,Bag of Organic Bananas,0.04003567070308833,0.16610344503895616,0.010419600112644326,0.26025791324736225,1.5668423564985308,1.0,0.003769537284416145,1.1272801289726948,0.3768616071212267,0.05323741007194245,0.11290905046706254,0.16149374893789417
Bag of Organic Bananas,Organic Lemon,0.16610344503895616,0.04003567070308833,0.010419600112644326,0.06272958462842611,1.5668423564985305,1.0,0.003769537284416145,1.0242127709923938,0.4338352254432628,0.05323741007194245,0.02364037207711566,0.16149374893789417
Bag of Organic Bananas,Organic Navel Orange,0.16610344503895616,0.01755374073031071,0.006101567633530461,0.03673354054817746,2.092633194971842,1.0,0.0031858308249052103,1.0199112090218336,0.6261366145533422,0.03436426116838488,0.01952249259122248,0.19216356171793902
Organic Navel Orange,Bag of Organic Bananas,0.01755374073031071,0.16610344503895616,0.006101567633530461,0.3475935828877006,2.092633194971842,1.0,0.0031858308249052103,1.2781857030960264,0.5314623175410488,0.03436426116838488,0.21764106922977142,0.19216356171793902
Bag of Organic Bananas,Organic Peeled Whole Baby Carrots,0.16610344503895616,0.023232892143058292,0.004318032479113864,0.025996044080248658,1.118932757926824,1.0,0.0004589690559333847,1.0028369001177015,0.1274633480243049,0.023338406900050734,0.0028288748822150748,0.10592731496941726
Organic Peeled Whole Baby Carrots,Bag of Organic Bananas,0.023232892143058292,0.16610344503895616,0.004318032479113864,0.18585858585858586,1.118932757926824,1.0,0.0004589690559333847,1.0242649992697686,0.10881943704520806,0.023338406900050734,0.023690157612598097,0.10592731496941726
Bag of Organic Bananas,Organic Raspberries,0.16610344503895616,0.06049938984323665,0.018351638036233926,0.1104831873410568,1.8261868033270412,1.0,0.008302480960517484,1.056192077301393,0.5425263970374111,0.0881226053639847,0.053202517334693326,0.20690955332917854
Organic Raspberries,Bag of Organic Bananas,0.06049938984323665,0.16610344503895616,0.018351638036233926,0.30333591931730025,1.8261868033270414,1.0,0.008302480960517484,1.1969851440365094,0.48154401239764616,0.0881226053639847,0.16456774339924574,0.20690955332917854
Organic Red Bell Pepper,Bag of Organic Bananas,0.02548577865390031,0.16610344503895616,0.006101567633530461,0.2394106813996317,1.4413348341058358,1.0,0.0018682919996173292,1.0963821533749318,0.31420648416747254,0.03289473684210526,0.08790926875108646,0.1380721109739046
Bag of Organic Bananas,Organic Red Bell Pepper,0.16610344503895616,0.02548577865390031,0.006101567633530461,0.03673354054817746,1.4413348341058358,1.0,0.0018682919996173292,1.0116766879858747,0.3671902533218457,0.03289473684210526,0.011541916626666133,0.1380721109739046
Bag of Organic Bananas,Organic Red Onion,0.16610344503895616,0.025626584060827937,0.005162864920679621,0.031082226617688613,1.2128899639495851,1.0,0.0009062010235956972,1.0056306558788948,0.2104852203011711,0.027672955974842768,0.0055991291096567225,0.11627371404144503
Organic Red Onion,Bag of Organic Bananas,0.025626584060827937,0.16610344503895616,0.005162864920679621,0.20146520146520144,1.2128899639495851,1.0,0.0009062010235956972,1.0442833004787384,0.1801392538097739,0.027672955974842768,0.04240544731342275,0.11627371404144503
Bag of Organic Bananas,Organic Reduced Fat 2% Milk,0.16610344503895616,0.02102694076785882,0.0035670703088331924,0.021474992935857588,1.0213084810075486,1.0,7.442300866176846e-05,1.000457885250519,0.025019773500842776,0.019432370237790843,0.00045767568757223905,0.09555892503935737
Organic Reduced Fat 2% Milk,Bag of Organic Bananas,0.02102694076785882,0.16610344503895616,0.0035670703088331924,0.16964285714285715,1.0213084810075486,1.0,7.442300866176846e-05,1.0042625178025475,0.021312029714712515,0.019432370237790843,0.004244425861750127,0.09555892503935737
Bag of Organic Bananas,Organic Reduced Fat Milk,0.16610344503895616,0.014925373134328358,0.0026283675959823524,0.015823679005368747,1.060186493359706,1.0,0.00014921169987852905,1.000912748916914,0.06807765600752598,0.014732965009208104,0.0009119165660561529,0.09596215396809318
Organic Reduced Fat Milk,Bag of Organic Bananas,0.014925373134328358,0.16610344503895616,0.0026283675959823524,0.17610062893081763,1.0601864933597063,1.0,0.00014921169987852905,1.0121339865557708,0.05762987012987012,0.014732965009208104,0.011988518039061202,0.09596215396809318
Organic Romaine Lettuce,Bag of Organic Bananas,0.016239556932319533,0.16610344503895616,0.0035670703088331924,0.21965317919075145,1.3223878598016814,1.0,0.0008696239564686555,1.0686229926537822,0.24781664323021302,0.019952743502231553,0.06421627938527327,0.12056408606330452
Bag of Organic Bananas,Organic Romaine Lettuce,0.16610344503895616,0.016239556932319533,0.0035670703088331924,0.021474992935857588,1.3223878598016816,1.0,0.0008696239564686555,1.0053503343969163,0.2923530614119021,0.019952743502231553,0.005321860662756765,0.12056408606330452
Bag of Organic Bananas,Organic Small Bunch Celery,0.16610344503895616,0.029193654369661128,0.006805594668168591,0.040972025996044076,1.403456568925587,1.0,0.001956428104091301,1.0122815725355832,0.3447352026131359,0.03610557768924303,0.012132565551717033,0.13704549852856868
Organic Small Bunch Celery,Bag of Organic Bananas,0.029193654369661128,0.16610344503895616,0.006805594668168591,0.23311897106109325,1.4034565689255871,1.0,0.001956428104091301,1.087387121982745,0.2961182723277696,0.03610557768924303,0.08036431572171175,0.13704549852856868
Organic Sticks Low Moisture Part Skim Mozzarella String Cheese,Bag of Organic Bananas,0.015676335304609032,0.16610344503895616,0.0038956162583309866,0.248502994011976,1.4960736904264371,1.0,0.0012917229586496123,1.1096472085935802,0.33686452849352777,0.021899736147757257,0.09881267464508138,0.13597797341175236
Bag of Organic Bananas,Organic Sticks Low Moisture Part Skim Mozzarella String Cheese,0.16610344503895616,0.015676335304609032,0.0038956162583309866,0.02345295281152868,1.4960736904264371,1.0,0.0012917229586496123,1.0079633823370917,0.3976317268850264,0.021899736147757257,0.007900467890636564,0.13597797341175236
Organic Strawberries,Bag of Organic Bananas,0.11090772552332676,0.16610344503895616,0.026049000281610814,0.23487092678798138,1.4140039463534138,1.0,0.007626844990751273,1.0898769686797272,0.32931159528847337,0.10379652141387695,0.08246524264899709,0.19584744417952332
Bag of Organic Bananas,Organic Strawberries,0.16610344503895616,0.11090772552332676,0.026049000281610814,0.15682396157106526,1.4140039463534138,1.0,0.007626844990751273,1.0544562866531322,0.3511087718550994,0.10379652141387695,0.05164394896442573,0.19584744417952332
Bag of Organic Bananas,Organic Tomato Cluster,0.16610344503895616,0.02787947057166995,0.007040270346381301,0.04238485447866629,1.5202890732701413,1.0,0.0024093942385647257,1.0151474044399114,0.4103990544267463,0.03766005523474768,0.014921384198651213,0.14745505350195942
Organic Tomato Cluster,Bag of Organic Bananas,0.02787947057166995,0.16610344503895616,0.007040270346381301,0.25252525252525254,1.5202890732701415,1.0,0.0024093942385647257,1.1156183640695048,0.3520451911935111,0.03766005523474768,0.10363612485523896,0.14745505350195942
Bag of Organic Bananas,Organic Unsweetened Almond Milk,0.16610344503895616,0.022059513751994744,0.005162864920679621,0.031082226617688613,1.4090168517371777,1.0,0.0014987036905890643,1.0093121553898194,0.3481070626339946,0.028212362144139524,0.009226239216571012,0.132562389904589
Organic Unsweetened Almond Milk,Bag of Organic Bananas,0.022059513751994744,0.16610344503895616,0.005162864920679621,0.23404255319148937,1.409016851737178,1.0,0.0014987036905890643,1.0886982800880296,0.2968332780676801,0.028212362144139524,0.0814718657228498,0.132562389904589
Bag of Organic Bananas,Organic Whole Milk,0.16610344503895616,0.05749554116211396,0.011780719046278044,0.07092398982763493,1.233556348789869,1.0,0.0022305115848718065,1.0144535522589047,0.22704947643433135,0.055617106137824064,0.014247623488252066,0.1379109745056542
Organic Whole Milk,Bag of Organic Bananas,0.05749554116211396,0.16610344503895616,0.011780719046278044,0.20489795918367348,1.2335563487898693,1.0,0.0022305115848718065,1.0487918684058304,0.2008858148403349,0.055617106137824064,0.046521974355116076,0.1379109745056542
Bag of Organic Bananas,Organic Whole Strawberries,0.16610344503895616,0.014643762320473106,0.0036140054444757344,0.02175755863238203,1.485790205838242,1.0,0.0011816260747134926,1.0072720176625782,0.3920839671388441,0.020402755696873345,0.0072195172059412935,0.13427621521362693
Organic Whole Strawberries,Bag of Organic Bananas,0.014643762320473106,0.16610344503895616,0.0036140054444757344,0.2467948717948718,1.4857902058382422,1.0,0.0011816260747134926,1.1071307453099817,0.33181651158215886,0.020402755696873345,0.09676431240285578,0.13427621521362693
Bag of Organic Bananas,Organic Whole String Cheese,0.16610344503895616,0.026799962451891486,0.006523983854313339,0.03927663181689743,1.4655480166213952,1.0,0.002072417764139493,1.0129867449655166,0.3809362033646567,0.03500377738604885,0.012820251627239772,0.14135460312386028
Organic Whole String Cheese,Bag of Organic Bananas,0.026799962451891486,0.16610344503895616,0.006523983854313339,0.24343257443082314,1.4655480166213952,1.0,0.002072417764139493,1.1022104927841576,0.32640914035109025,0.03500377738604885,0.092732280678962,0.14135460312386028
Bag of Organic Bananas,Organic Yellow Onion,0.16610344503895616,0.04702900591382709,0.010654275790857036,0.06414241311104832,1.3638904727983987,1.0,0.0028425958918129133,1.0182863369779487,0.3199477127942736,0.05261937876680575,0.017957951819542725,0.14534465964933654
Organic Yellow Onion,Bag of Organic Bananas,0.04702900591382709,0.16610344503895616,0.010654275790857036,0.22654690618762477,1.363890472798399,1.0,0.0028425958918129133,1.0781475458980205,0.2799700065610648,0.05261937876680575,0.07248316447534943,0.14534465964933654
Organic Zucchini,Bag of Organic Bananas,0.042523232892143055,0.16610344503895616,0.009293156857223317,0.2185430463576159,1.3157044774499476,1.0,0.0022299013796445,1.0671049135518442,0.25060754604872254,0.046621144337179184,0.06288501973858077,0.1372455271347277
Bag of Organic Bananas,Organic Zucchini,0.16610344503895616,0.042523232892143055,0.009293156857223317,0.0559480079118395,1.3157044774499476,1.0,0.0022299013796445,1.0142203767718365,0.2877466054704756,0.046621144337179184,0.014020992969100612,0.1372455271347277
Bag of Organic Bananas,Original Hummus,0.16610344503895616,0.03191589223692856,0.005913827090960293,0.03560327776207969,1.1155344647042205,1.0,0.0006124874389143824,1.0038235151988015,0.124198509632179,0.030784265819692163,0.003808951614412386,0.11044869770456928
Original Hummus,Bag of Organic Bananas,0.03191589223692856,0.16610344503895616,0.005913827090960293,0.18529411764705886,1.1155344647042205,1.0,0.0006124874389143824,1.0235553382193319,0.10698317272543993,0.030784265819692163,0.02301325325537435,0.11044869770456928
Bag of Organic Bananas,Raspberries,0.16610344503895616,0.02388998404205388,0.004083356800901154,0.024583215597626447,1.0290176650747134,1.0,0.00011514814959031738,1.0007107029186475,0.03381640636877471,0.021964150467053772,0.0007101981787291001,0.09775329738623954
Raspberries,Bag of Organic Bananas,0.02388998404205388,0.16610344503895616,0.004083356800901154,0.17092337917485265,1.0290176650747134,1.0,0.00011514814959031738,1.0058136172397425,0.02888955579910662,0.021964150467053772,0.005780014448101004,0.09775329738623954
Bag of Organic Bananas,Red Peppers,0.16610344503895616,0.023749178635126256,0.0033793297662630243,0.020344730149759818,0.8566498430252621,1.0,-0.0005654906218770218,0.9965248505365699,-0.1671317498369063,0.01812232569846463,-0.0034872682417892956,0.08131861013416844
Red Peppers,Bag of Organic Bananas,0.023749178635126256,0.16610344503895616,0.0033793297662630243,0.14229249011857706,0.8566498430252621,1.0,-0.0005654906218770218,0.9722388405767008,-0.14632714321707446,0.01812232569846463,-0.028553847331209383,0.08131861013416844
Bag of Organic Bananas,Red Vine Tomato,0.16610344503895616,0.022763540786632872,0.0029099784098376045,0.0175190731845154,0.7696110789057425,1.0,-0.0008711241361069057,0.994662015863131,-0.26415751000169,0.015648662291771833,-0.005366631128702506,0.07267706236545358
Red Vine Tomato,Bag of Organic Bananas,0.022763540786632872,0.16610344503895616,0.0029099784098376045,0.12783505154639177,0.7696110789057427,1.0,-0.0008711241361069057,0.9561225275558067,-0.234497092825015,0.015648662291771833,-0.045891055988775645,0.07267706236545358
Bag of Organic Bananas,Seedless Red Grapes,0.16610344503895616,0.03482587064676617,0.006711724396883507,0.040406894602995194,1.1602551164574333,1.0,0.0009270273059745855,1.0058160317376603,0.16563275751658701,0.034557757370710485,0.005782401109288834,0.11656463328532507
Seedless Red Grapes,Bag of Organic Bananas,0.03482587064676617,0.16610344503895616,0.006711724396883507,0.19272237196765496,1.1602551164574333,1.0,0.0009270273059745855,1.0329736957948157,0.14310431836205026,0.034557757370710485,0.03192113790414007,0.11656463328532507
Bag of Organic Bananas,Shredded Parmesan,0.16610344503895616,0.015582465033323946,0.0028161081385525205,0.016953941791466517,1.0880141078583905,1.0,0.00022780701431834036,1.0013951297059691,0.09700756083375559,0.01574389923904487,0.0013931860307516747,0.09883841667886578
Shredded Parmesan,Bag of Organic Bananas,0.015582465033323946,0.16610344503895616,0.0028161081385525205,0.18072289156626506,1.0880141078583903,1.0,0.00022780701431834036,1.0178443244377449,0.0821747560471696,0.01574389923904487,0.01753148689766665,0.09883841667886578
Bag of Organic Bananas,Small Hass Avocado,0.16610344503895616,0.021730967802496948,0.0030507838167652306,0.01836677027408873,0.8451887850102257,1.0,-0.0005588047992601472,0.9965728569219814,-0.18009445361875773,0.016510033020066043,-0.0034389287789792986,0.07937776958628844
Small Hass Avocado,Bag of Organic Bananas,0.021730967802496948,0.16610344503895616,0.0030507838167652306,0.14038876889848814,0.8451887850102257,1.0,-0.0005588047992601472,0.9700856908215159,-0.15770779788394124,0.016510033020066043,-0.030836769845714616,0.07937776958628844
Sparkling Natural Mineral Water,Bag of Organic Bananas,0.017929221815451046,0.16610344503895616,0.0034732000375481084,0.193717277486911,1.1662447906572835,1.0,0.0004950945271340818,1.0342483246594765,0.14514949857140644,0.019235768131011178,0.033114218164919565,0.10731356951485985
Bag of Organic Bananas,Sparkling Natural Mineral Water,0.16610344503895616,0.017929221815451046,0.0034732000375481084,0.020909861542808703,1.1662447906572833,1.0,0.0004950945271340818,1.0030442955252867,0.17094096404053066,0.019235768131011178,0.0030350559181362186,0.10731356951485985
Sparkling Water Grapefruit,Bag of Organic Bananas,0.03327701117056228,0.16610344503895616,0.004130291936543696,0.1241184767277856,0.7472360172823397,1.0,-0.0013971342594865255,0.9520654709619648,-0.2592094276551143,0.02115384615384615,-0.05034793351932233,0.07449212901096824
Bag of Organic Bananas,Sparkling Water Grapefruit,0.16610344503895616,0.03327701117056228,0.004130291936543696,0.024865781294150888,0.7472360172823397,1.0,-0.0013971342594865255,0.9913742849804057,-0.28858238928634644,0.02115384615384615,-0.008700765341885767,0.07449212901096824
Bag of Organic Bananas,Spring Water,0.16610344503895616,0.02431240026283676,0.0046465784286116585,0.02797400395591975,1.1506064252602821,1.0,0.0006082049877884493,1.0037669812412269,0.1569656149495176,0.02501263264274886,0.003752844346970665,0.10954684753780543
Spring Water,Bag of Organic Bananas,0.02431240026283676,0.16610344503895616,0.0046465784286116585,0.1911196911196911,1.1506064252602821,1.0,0.0006082049877884493,1.03092700589456,0.13415470852453723,0.02501263264274886,0.029999219845564168,0.10954684753780543
Bag of Organic Bananas,Strawberries,0.16610344503895616,0.06242373040458087,0.007932037923589598,0.04775360271263068,0.7649911724776761,1.0,-0.002436758748794317,0.9845941893466434,-0.2692176921659696,0.03595744680851063,-0.015646863266153922,0.08741063594278149
Strawberries,Bag of Organic Bananas,0.06242373040458087,0.16610344503895616,0.007932037923589598,0.1270676691729323,0.7649911724776761,1.0,-0.002436758748794317,0.9552820138657953,-0.2467941366770042,0.03595744680851063,-0.046811292880143206,0.08741063594278149
Bag of Organic Bananas,Uncured Genoa Salami,0.16610344503895616,0.01661503801745987,0.0033323946306204823,0.020062164453235377,1.2074702707362512,1.0,0.0005725795764671697,1.003517699093486,0.20604745147872658,0.018576661433804292,0.0035053682627258958,0.11031356810232391
Uncured Genoa Salami,Bag of Organic Bananas,0.01661503801745987,0.16610344503895616,0.0033323946306204823,0.20056497175141244,1.2074702707362515,1.0,0.0005725795764671697,1.0431073514353693,0.17472532791249215,0.018576661433804292,0.04132590128528134,0.11031356810232391
Bag of Organic Bananas,Unsweetened Almondmilk,0.16610344503895616,0.020229043461935606,0.005022059513751995,0.030234529528115287,1.4946099446079448,1.0,0.0016619457048817183,1.0103174286678933,0.3968467215024809,0.02769867978255242,0.010212066401246672,0.13924719515848918
Unsweetened Almondmilk,Bag of Organic Bananas,0.020229043461935606,0.16610344503895616,0.005022059513751995,0.24825986078886308,1.4946099446079448,1.0,0.0016619457048817183,1.1092883184821294,0.337761710224411,0.02769867978255242,0.09852111183472262,0.13924719515848918
Bag of Organic Bananas,Yellow Onions,0.16610344503895616,0.0308363841171501,0.0025344973246972683,0.015258547612319864,0.49482285453285696,1.0,-0.0025875323097059137,0.984180785253775,-0.5504168898373349,0.013037180106228875,-0.01607348465164962,0.04872516421711883
Yellow Onions,Bag of Organic Bananas,0.0308363841171501,0.16610344503895616,0.0025344973246972683,0.0821917808219178,0.49482285453285696,1.0,-0.0025875323097059137,0.9085738583903911,-0.5130048544643383,0.013037180106228875,-0.10062598738156239,0.04872516421711883
Bartlett Pears,Banana,0.01736600018774054,0.20707781845489534,0.006946400075096217,0.4,1.9316409791477789,1.0,0.0033502866409316026,1.321536969241841,0.4908291937332824,0.031937850668968495,0.24330531549662604,0.21677243880326383
Banana,Bartlett Pears,0.20707781845489534,0.01736600018774054,0.006946400075096217,0.03354487760652765,1.9316409791477787,1.0,0.0033502866409316026,1.0167404332016154,0.6082632887415651,0.031937850668968495,0.016464805229493604,0.21677243880326383
Blueberries,Banana,0.025814324603398105,0.20707781845489534,0.007650427109734347,0.29636363636363633,1.4311703618231268,1.0,0.002304853085976136,1.1268919892759885,0.30925435708146176,0.03396540946030423,0.11260350635513411,0.1666541663232506
Banana,Blueberries,0.20707781845489534,0.025814324603398105,0.007650427109734347,0.03694469628286491,1.4311703618231268,1.0,0.002304853085976136,1.0115573546363397,0.3799504815664035,0.03396540946030423,0.011425308296527258,0.1666541663232506
Boneless Skinless Chicken Breasts,Banana,0.02295128132920304,0.20707781845489534,0.006664789261240965,0.2903885480572597,1.4023160482565675,1.0,0.0019120879928450282,1.117403304828692,0.2936332507220872,0.029838201302794704,0.1050679770870117,0.16128674909662624
Banana,Boneless Skinless Chicken Breasts,0.20707781845489534,0.02295128132920304,0.006664789261240965,0.03218495013599274,1.4023160482565673,1.0,0.0019120879928450282,1.009540736949779,0.36181859715175146,0.029838201302794704,0.009450571532759829,0.16128674909662624
Broccoli Crown,Banana,0.01684971369567258,0.20707781845489534,0.005491410870177415,0.32590529247910865,1.5738300456844716,1.0,0.0020022089164879646,1.1762771205565807,0.37085619832552563,0.02513966480446927,0.14986019661180827,0.17621193907726965
Banana,Broccoli Crown,0.20707781845489534,0.01684971369567258,0.005491410870177415,0.026518585675430643,1.5738300456844714,1.0,0.0020022089164879646,1.0099322615074953,0.4598274408858048,0.02513966480446927,0.00983458186855995,0.17621193907726965
Bunched Cilantro,Banana,0.019806627241152727,0.20707781845489534,0.005068994649394537,0.2559241706161137,1.2358840387912327,1.0,0.0009674814893473275,1.06564700831858,0.19471933147474224,0.02285230639018197,0.06160295839628974,0.140201432542871
Banana,Bunched Cilantro,0.20707781845489534,0.019806627241152727,0.005068994649394537,0.024478694469628286,1.2358840387912329,1.0,0.0009674814893473275,1.004789303116179,0.24070785595587288,0.02285230639018197,0.004766475022500492,0.140201432542871
Carrots,Banana,0.03163428142307331,0.20707781845489534,0.007181075753308927,0.22700296735905043,1.0962205853472187,1.0,0.0006303177678306827,1.0257764882176594,0.09064224112806543,0.031015609162781267,0.025128757106187304,0.13084055892884525
Banana,Carrots,0.20707781845489534,0.03163428142307331,0.007181075753308927,0.03467815049864007,1.0962205853472187,1.0,0.0006303177678306827,1.003153216802395,0.1106979234612434,0.031015609162781267,0.003143305279373079,0.13084055892884525
"Clementines, Bag",Banana,0.016943583966957665,0.20707781845489534,0.005960762226602835,0.3518005540166205,1.6988809165634897,1.0,0.0024521218219179003,1.2232688356315502,0.41846756503252797,0.02733534222987516,0.18251820787724143,0.190292842738138
Banana,"Clementines, Bag",0.20707781845489534,0.016943583966957665,0.005960762226602835,0.028785131459655486,1.6988809165634897,1.0,0.0024521218219179003,1.0121925105105678,0.5188115987691665,0.02733534222987516,0.01204564387106325,0.190292842738138
Banana,Cucumber Kirby,0.20707781845489534,0.043368065333708815,0.014784567727400732,0.07139619220308249,1.6462849254100385,1.0,0.005804003367486937,1.0301830841463697,0.4950949054891282,0.06273650667197768,0.029298757289710313,0.2061526415560867
Cucumber Kirby,Banana,0.043368065333708815,0.20707781845489534,0.014784567727400732,0.3409090909090909,1.6462849254100387,1.0,0.005804003367486937,1.203054344413262,0.41036862591175216,0.06273650667197768,0.16878235414402099,0.2061526415560867
Banana,Extra Virgin Olive Oil,0.20707781845489534,0.022341124565849996,0.0046465784286116585,0.022438803263825927,1.0043721477711665,1.0,2.0227091686370567e-05,1.0000999208011754,0.005489965357373785,0.020672374190854038,9.991081800648984e-05,0.11521099827056841
Extra Virgin Olive Oil,Banana,0.022341124565849996,0.20707781845489534,0.0046465784286116585,0.2079831932773109,1.0043721477711665,1.0,2.0227091686370567e-05,1.0011431257704768,0.0044525912024710864,0.020672374190854038,0.0011418205260084091,0.11521099827056841
Fresh Cauliflower,Banana,0.029052848962733503,0.20707781845489534,0.005115929785037079,0.17609046849757673,0.8503589124681254,1.0,-0.0009002707980653437,0.962389863483176,-0.1534316705067697,0.02214546932141406,-0.03907993833258141,0.10039790877281375
Banana,Fresh Cauliflower,0.20707781845489534,0.029052848962733503,0.005115929785037079,0.02470534904805077,0.8503589124681254,1.0,-0.0009002707980653437,0.9955423728506669,-0.1816232023180986,0.02214546932141406,-0.004477586560749762,0.10039790877281375
Garlic,Banana,0.015488594762038862,0.20707781845489534,0.0033323946306204823,0.21515151515151515,1.038988708481002,1.0,0.00012505021636555593,1.0102869494590137,0.03811599574564083,0.01520017126953543,0.010182205624374432,0.11562199510975577
Banana,Garlic,0.20707781845489534,0.015488594762038862,0.0033323946306204823,0.01609247506799637,1.038988708481002,1.0,0.00012505021636555593,1.000613757178043,0.04732574445131774,0.01520017126953543,0.0006133807112285794,0.11562199510975577
Banana,Granny Smith Apples,0.20707781845489534,0.015019243405613442,0.004036421665258612,0.019492293744333634,1.2978212828649138,1.0,0.0009262695059811077,1.0045619736695408,0.2894078260893504,0.018510546706844596,0.004541256576611665,0.14412114687216682
Granny Smith Apples,Banana,0.015019243405613442,0.20707781845489534,0.004036421665258612,0.26875,1.2978212828649138,1.0,0.0009262695059811077,1.0843380260445876,0.23297702344198443,0.018510546706844596,0.07777835326151294,0.14412114687216682
Grape White/Green Seedless,Banana,0.01614568666103445,0.20707781845489534,0.004083356800901154,0.25290697674418605,1.22131370047861,1.0,0.0007399432296778374,1.0613433091498676,0.18418331145466288,0.018633540372670808,0.057797800787950035,0.13631296253347108
Banana,Grape White/Green Seedless,0.20707781845489534,0.01614568666103445,0.004083356800901154,0.019718948322756117,1.22131370047861,1.0,0.0007399432296778374,1.0036451399887898,0.22853383300063004,0.018633540372670808,0.0036319012004885918,0.13631296253347108
Grated Parmesan,Banana,0.02032291373322069,0.20707781845489534,0.0046465784286116585,0.22863741339491914,1.1041134926999427,1.0,0.00043815378808928496,1.027950013799492,0.09625212988409448,0.020859671302149177,0.02719005148526974,0.12553810832937254
Banana,Grated Parmesan,0.20707781845489534,0.02032291373322069,0.0046465784286116585,0.022438803263825927,1.1041134926999425,1.0,0.00043815378808928496,1.002164457363559,0.11892214437496769,0.020859671302149177,0.0021597826061934156,0.12553810832937254
Green Bell Pepper,Banana,0.02243499483713508,0.20707781845489534,0.00398948652961607,0.17782426778242674,0.858731606838709,1.0,-0.0006563032583047019,0.9644193454925191,-0.1440434829275746,0.01768990634755463,-0.03689334382784515,0.09854495347416894
Banana,Green Bell Pepper,0.20707781845489534,0.02243499483713508,0.00398948652961607,0.01926563916591115,0.8587316068387091,1.0,-0.0006563032583047019,0.996768385204197,-0.1718226257788729,0.01768990634755463,-0.0032420919882416477,0.09854495347416894
Half & Half,Banana,0.030320097625082136,0.20707781845489534,0.007181075753308927,0.23684210526315788,1.143734790284869,1.0,0.0009024560817674646,1.0390014792659992,0.12960094654189513,0.031192660550458714,0.03753746269307694,0.13576012788089897
Banana,Half & Half,0.20707781845489534,0.030320097625082136,0.007181075753308927,0.03467815049864007,1.143734790284869,1.0,0.0009024560817674646,1.0045146112416383,0.15849150914854704,0.031192660550458714,0.004494321128946049,0.13576012788089897
Banana,Hass Avocados,0.20707781845489534,0.02107387590350136,0.0025814324603398104,0.012466001813236626,0.5915381617657451,1.0,-0.0017824997881464378,0.991283465575798,-0.46548062275934116,0.011444028297960884,-0.008793180484594161,0.06748021694225306
Hass Avocados,Banana,0.02107387590350136,0.20707781845489534,0.0025814324603398104,0.12249443207126949,0.5915381617657451,1.0,-0.0017824997881464378,0.9036092881059695,-0.4136180009845151,0.011444028297960884,-0.10667299812297457,0.06748021694225306
Banana,Honeycrisp Apple,0.20707781845489534,0.03646860039425514,0.012719421759128885,0.0614233907524932,1.6842815487421108,1.0,0.005167583547383194,1.0265879099397601,0.5123769350633012,0.055103700691337944,0.025899301640246487,0.205100369764921
Honeycrisp Apple,Banana,0.03646860039425514,0.20707781845489534,0.012719421759128885,0.3487773487773488,1.6842815487421108,1.0,0.005167583547383194,1.2175899902382339,0.4216520990286624,0.055103700691337944,0.17870546898604198,0.205100369764921
Jalapeno Peppers,Banana,0.016708908288744953,0.20707781845489534,0.0033793297662630243,0.20224719101123595,0.9766724051870791,1.0,-8.071451093319892e-05,0.9939447064438636,-0.023714596385854048,0.015332197614991478,-0.006092183515721971,0.1092831603288274
Banana,Jalapeno Peppers,0.20707781845489534,0.016708908288744953,0.0033793297662630243,0.016319129646418858,0.9766724051870792,1.0,-8.071451093319892e-05,0.9996037549838842,-0.029241632934506354,0.015332197614991478,-0.00039640208846777034,0.1092831603288274
Large Alfresco Eggs,Banana,0.01689664883131512,0.20707781845489534,0.0023467567821271003,0.1388888888888889,0.670708673315201,1.0,-0.001152164397060092,0.9208128559878634,-0.3330658719241938,0.010588733587462939,-0.08599700090762007,0.07511080890500656
Banana,Large Alfresco Eggs,0.20707781845489534,0.01689664883131512,0.0023467567821271003,0.011332728921124207,0.670708673315201,1.0,-0.001152164397060092,0.9943723029244012,-0.38240283098879896,0.010588733587462939,-0.005659547293350884,0.07511080890500656
Large Lemon,Banana,0.0645827466441378,0.20707781845489534,0.01708438937388529,0.26453488372093026,1.2774660545236038,1.0,0.003710735088992022,1.0781234405198261,0.23219620319469794,0.06710914454277285,0.0724624264566201,0.17351857513335722
Banana,Large Lemon,0.20707781845489534,0.0645827466441378,0.01708438937388529,0.08250226654578421,1.2774660545236036,1.0,0.003710735088992022,1.0195308601299564,0.27392389781403637,0.06710914454277285,0.019156713046888037,0.17351857513335722
Lime Sparkling Water,Banana,0.018210832629306298,0.20707781845489534,0.004036421665258612,0.22164948453608246,1.070368068342197,1.0,0.00026536217213463846,1.0187212133758299,0.06696135741555617,0.018243529910903687,0.01837717044665401,0.12057088914020805
Banana,Lime Sparkling Water,0.20707781845489534,0.018210832629306298,0.004036421665258612,0.019492293744333634,1.070368068342197,1.0,0.00026536217213463846,1.0013069363013176,0.08291095503839256,0.018243529910903687,0.0013052304482633341,0.12057088914020805
Limes,Banana,0.059513751994743264,0.20707781845489534,0.013892800150192433,0.2334384858044164,1.1272983632250444,1.0,0.0015688222190553217,1.0343881956781817,0.12006916588212116,0.0549777117384844,0.033244961438907046,0.15026412050873583
Banana,Limes,0.20707781845489534,0.059513751994743264,0.013892800150192433,0.0670897552130553,1.1272983632250444,1.0,0.0015688222190553217,1.0081208275508242,0.14241422670450715,0.0549777117384844,0.00805541094766724,0.15026412050873583
Michigan Organic Kale,Banana,0.028865108420163335,0.20707781845489534,0.006383178447385713,0.22113821138211381,1.067899077902837,1.0,0.0004058547662742591,1.018052487787556,0.06547177374647115,0.027806174606419952,0.017732374316758424,0.12598161702378582
Banana,Michigan Organic Kale,0.20707781845489534,0.028865108420163335,0.006383178447385713,0.030825022665457842,1.067899077902837,1.0,0.0004058547662742591,1.0020222501520673,0.08018683974122377,0.027806174606419952,0.002018168909682701,0.12598161702378582
Orange Bell Pepper,Banana,0.016333427203604617,0.20707781845489534,0.0034262649019055663,0.20977011494252876,1.0130013755588207,1.0,4.39744286912804e-05,1.003406978827987,0.01304762166211087,0.015574994666097715,0.0033954107354988504,0.11315794958368505
Banana,Orange Bell Pepper,0.20707781845489534,0.016333427203604617,0.0034262649019055663,0.01654578422484134,1.0130013755588207,1.0,4.39744286912804e-05,1.0002159297482591,0.016186341588405328,0.015574994666097715,0.0002158831326686536,0.11315794958368505
Banana,Organic Avocado,0.20707781845489534,0.07612879001220313,0.022857411057917956,0.11038077969174977,1.4499216350878057,1.0,0.007092827300580105,1.0385018543862827,0.39134679359572383,0.08779520461510726,0.03707442044871066,0.20531369440814368
Organic Avocado,Banana,0.07612879001220313,0.20707781845489534,0.022857411057917956,0.3002466091245376,1.4499216350878055,1.0,0.007092827300580105,1.1331451792653389,0.33587750106716924,0.08779520461510726,0.1175005477688764,0.20531369440814368
Organic Baby Arugula,Banana,0.03107105979536281,0.20707781845489534,0.005491410870177415,0.17673716012084592,0.8534818525690714,1.0,-0.0009427164093279219,0.9631458425373565,-0.15050944504429722,0.023602985676820655,-0.03826435814284698,0.10162787289813828
Banana,Organic Baby Arugula,0.20707781845489534,0.03107105979536281,0.005491410870177415,0.026518585675430643,0.8534818525690714,1.0,-0.0009427164093279219,0.9953235120332617,-0.17797250201701773,0.023602985676820655,-0.004698460259604472,0.10162787289813828
Organic Baby Broccoli,Banana,0.015113113676898526,0.20707781845489534,0.002205951375199474,0.14596273291925466,0.704868990838087,1.0,-0.0009236392350735144,0.9284397907546316,-0.2983088230062681,0.010027736291871132,-0.07707576727964724,0.0783077490525557
Banana,Organic Baby Broccoli,0.20707781845489534,0.015113113676898526,0.002205951375199474,0.010652765185856753,0.704868990838087,1.0,-0.0009236392350735144,0.9954916248470845,-0.3455715816368582,0.010027736291871132,-0.004528792649167747,0.0783077490525557
Organic Baby Carrots,Banana,0.03412184361212804,0.20707781845489534,0.007321881160236553,0.21458046767537825,1.0362310617161399,1.0,0.00025600422337797215,1.0095524097780928,0.03619946148737624,0.03130644190246839,0.009462024641388001,0.12496929095464289
Banana,Organic Baby Carrots,0.20707781845489534,0.03412184361212804,0.007321881160236553,0.03535811423390752,1.0362310617161397,1.0,0.00025600422337797215,1.001281585052465,0.04409546098903254,0.03130644190246839,0.0012799446944765827,0.12496929095464289
Banana,Organic Baby Spinach,0.20707781845489534,0.10452454707594105,0.023185957007415752,0.11196736174070716,1.0712063804434246,1.0,0.0015412418239438702,1.0083812399951373,0.08383303561286404,0.08039056143205858,0.008311578659652326,0.1668952210589481
Organic Baby Spinach,Banana,0.10452454707594105,0.20707781845489534,0.023185957007415752,0.22182308037718904,1.0712063804434246,1.0,0.0015412418239438702,1.0189484698793698,0.0742321559643443,0.08039056143205858,0.01859610219701607,0.1668952210589481
Organic Bartlett Pear,Banana,0.016990519102600205,0.20707781845489534,0.0036140054444757344,0.212707182320442,1.0271847748230591,1.0,9.5645814293058e-05,1.00715027971694,0.02692275257210329,0.016393442622950817,0.007099516190324207,0.11507979242948664
Banana,Organic Bartlett Pear,0.20707781845489534,0.016990519102600205,0.0036140054444757344,0.017452402538531277,1.0271847748230591,1.0,9.5645814293058e-05,1.0004700875938473,0.03337694624542034,0.016393442622950817,0.0004698667153336242,0.11507979242948664
Organic Black Beans,Banana,0.016802778560030037,0.20707781845489534,0.0031915892236928567,0.1899441340782123,0.9172596828355375,1.0,-0.0002878935044988511,0.9788487620453361,-0.08403551549944947,0.014461931093151852,-0.02160827982299092,0.10267832270547061
Banana,Organic Black Beans,0.20707781845489534,0.016802778560030037,0.0031915892236928567,0.015412511332728921,0.9172596828355375,1.0,-0.0002878935044988511,0.9985879698418848,-0.10214149498233646,0.014461931093151852,-0.0014140268066105393,0.10267832270547061
Banana,Organic Blackberries,0.20707781845489534,0.02802027597859758,0.006148502769173003,0.029691749773345422,1.0596522959311516,1.0,0.00034612514702090855,1.0017226214394832,0.07099589085785904,0.026855268552685527,0.0017196591178182219,0.12456111776774474
Organic Blackberries,Banana,0.02802027597859758,0.20707781845489534,0.006148502769173003,0.21943048576214405,1.0596522959311516,1.0,0.00034612514702090855,1.0158251982455526,0.05791706891461058,0.026855268552685527,0.015578662818056175,0.12456111776774474
Organic Blueberries,Banana,0.042429362620857974,0.20707781845489534,0.007274946024594011,0.17146017699115043,0.8279987604200931,1.0,-0.0015112338253649394,0.9570115515577765,-0.17826391097640332,0.030032939352838593,-0.04491946661693791,0.10329581832331773
Banana,Organic Blueberries,0.20707781845489534,0.042429362620857974,0.007274946024594011,0.03513145965548504,0.8279987604200931,1.0,-0.0015112338253649394,0.9924363758789698,-0.207595621602451,0.030032939352838593,-0.007621268531528075,0.10329581832331773
Organic Broccoli,Banana,0.016990519102600205,0.20707781845489534,0.0030038486811226886,0.17679558011049726,0.8537639686841012,1.0,-0.0005145109490599879,0.9632141936890197,-0.14838853959653756,0.013588110403397028,-0.038190681316783805,0.09565073656476812
Banana,Organic Broccoli,0.20707781845489534,0.016990519102600205,0.0030038486811226886,0.014505893019038985,0.8537639686841012,1.0,-0.0005145109490599879,0.997478801683378,-0.1776424273032059,0.013588110403397028,-0.0025275708239283503,0.09565073656476812
Banana,Organic Broccoli Florets,0.20707781845489534,0.015770205575894116,0.0031915892236928567,0.015412511332728921,0.977318352545007,1.0,-7.407054354852333e-05,0.9996367064915181,-0.02843669233163296,0.01452991452991453,-0.0003634255386207747,0.10889673185684065
Organic Broccoli Florets,Banana,0.015770205575894116,0.20707781845489534,0.0031915892236928567,0.20238095238095238,0.9773183525450071,1.0,-7.407054354852333e-05,0.9941113917878923,-0.023036700868192664,0.01452991452991453,-0.005923489319961444,0.10889673185684065
Organic Cilantro,Banana,0.02900591382709096,0.20707781845489534,0.005162864920679621,0.1779935275080906,0.8595489793942381,1.0,-0.0008436164369250597,0.9646179295174698,-0.14404228333626723,0.022357723577235773,-0.036679880603327907,0.10146276556728193
Banana,Organic Cilantro,0.20707781845489534,0.02900591382709096,0.005162864920679621,0.024932003626473253,0.8595489793942381,1.0,-0.0008436164369250597,0.9958219219420908,-0.17086364317787567,0.022357723577235773,-0.004195607634104836,0.10146276556728193
Organic Cucumber,Banana,0.03355862198441754,0.20707781845489534,0.005303670327607247,0.15804195804195803,0.7632008064464999,1.0,-0.0016455759032784276,0.9417597338949333,-0.24302350359572977,0.022536896689270045,-0.06184195820753181,0.09182696270184937
Banana,Organic Cucumber,0.20707781845489534,0.03355862198441754,0.005303670327607247,0.025611967361740706,0.7632008064464999,1.0,-0.0016455759032784276,0.9918444661095023,-0.28124821161254576,0.022536896689270045,-0.008222593530705287,0.09182696270184937
Banana,Organic D'Anjou Pears,0.20707781845489534,0.0220125786163522,0.005444475734534873,0.02629193109700816,1.1944048698355136,1.0,0.0008861589760937811,1.0043949029666326,0.20526977543547406,0.024344176285414482,0.004375672311410274,0.13681334294722478
Organic D'Anjou Pears,Banana,0.0220125786163522,0.20707781845489534,0.005444475734534873,0.24733475479744138,1.1944048698355136,1.0,0.0008861589760937811,1.0534858446024196,0.16642643308570804,0.024344176285414482,0.05077034957465881,0.13681334294722478
Organic Fuji Apple,Banana,0.03867455176945461,0.20707781845489534,0.014456021777902938,0.3737864077669903,1.8050528567279,1.0,0.006447379967763364,1.26621681704102,0.46394236561212443,0.0625,0.21024583898919708,0.2217980089605577
Banana,Organic Fuji Apple,0.20707781845489534,0.03867455176945461,0.014456021777902938,0.06980961015412511,1.8050528567279,1.0,0.006447379967763364,1.033471705066561,0.5624758809321375,0.0625,0.03238763567736499,0.2217980089605577
Organic Gala Apples,Banana,0.034027973340842954,0.20707781845489534,0.007744297381019431,0.22758620689655173,1.0990371088254605,1.0,0.0006978588951563353,1.0265510386075016,0.09328698284531332,0.0331858407079646,0.025864314202553047,0.1324921061681308
Banana,Organic Gala Apples,0.20707781845489534,0.034027973340842954,0.007744297381019431,0.03739800543970988,1.0990371088254602,1.0,0.0006978588951563353,1.0035009610596186,0.11364622907182395,0.0331858407079646,0.0034887470919031474,0.1324921061681308
Banana,Organic Garlic,0.20707781845489534,0.04721674645639726,0.008354454144372477,0.040344514959202174,0.8544535146329638,1.0,-0.0014230867063561772,0.9928388556056625,-0.17683546410536047,0.03396946564885496,-0.007212796269913224,0.10864144237025714
Organic Garlic,Banana,0.04721674645639726,0.20707781845489534,0.008354454144372477,0.1769383697813121,0.8544535146329637,1.0,-0.0014230867063561772,0.9633812978676028,-0.151665350363572,0.03396946564885496,-0.0380106010086045,0.10864144237025714
Organic Garnet Sweet Potato (Yam),Banana,0.024640946212334553,0.20707781845489534,0.004928189242466911,0.2,0.9658204895738894,1.0,-0.00017440414384774488,0.9911527269313808,-0.03501276990944975,0.021730132450331122,-0.008926246004498633,0.11189936536718043
Banana,Organic Garnet Sweet Potato (Yam),0.20707781845489534,0.024640946212334553,0.004928189242466911,0.023798730734360833,0.9658204895738893,1.0,-0.00017440414384774488,0.9991372522199163,-0.04272438803263828,0.021730132450331122,-0.0008634927565424223,0.11189936536718043
Organic Ginger Root,Banana,0.022575800244062704,0.20707781845489534,0.0034732000375481084,0.15384615384615385,0.742938838133761,1.0,-0.0012017474268658898,0.9370898509169419,-0.2614462531474979,0.015355882963270388,-0.0671335294278351,0.08530929632470884
Banana,Organic Ginger Root,0.20707781845489534,0.022575800244062704,0.0034732000375481084,0.016772438803263824,0.742938838133761,1.0,-0.0012017474268658898,0.9940976416143835,-0.30379955493282773,0.015355882963270388,-0.005937403066394282,0.08530929632470884
Organic Grade A Free Range Large Brown Eggs,Banana,0.01802309208673613,0.20707781845489534,0.0035670703088331924,0.19791666666666666,0.9557598594741613,1.0,-0.00016511228229981268,0.9885783042640265,-0.045015567343173434,0.016101694915254237,-0.011553658103468707,0.10757120731338772
Banana,Organic Grade A Free Range Large Brown Eggs,0.20707781845489534,0.01802309208673613,0.0035670703088331924,0.017225747960108794,0.9557598594741614,1.0,-0.00016511228229981268,0.9991886802844373,-0.0551565388374092,0.016101694915254237,-0.0008119784897200081,0.10757120731338772
Organic Granny Smith Apple,Banana,0.026095935417253358,0.20707781845489534,0.005491410870177415,0.210431654676259,1.0161960187063404,1.0,8.752149343275051e-05,1.0042476832325244,0.016364946967356506,0.024118738404452687,0.004229716735667924,0.11847512017584481
Banana,Organic Granny Smith Apple,0.20707781845489534,0.026095935417253358,0.005491410870177415,0.026518585675430643,1.0161960187063404,1.0,8.752149343275051e-05,1.0004341636645118,0.020100192350695364,0.024118738404452687,0.00043397524822772236,0.11847512017584481
Banana,Organic Grape Tomatoes,0.20707781845489534,0.034966676053693795,0.007040270346381301,0.033998186763372615,0.9723025062824389,1.0,-0.0002005526494366387,0.9989974249767957,-0.03468005515896295,0.029958058717795083,-0.0010035811886378607,0.11767023432128362
Organic Grape Tomatoes,Banana,0.034966676053693795,0.20707781845489534,0.007040270346381301,0.20134228187919462,0.9723025062824389,1.0,-0.0002005526494366387,0.9928185298337864,-0.02867229992535879,0.029958058717795083,-0.007233416732679034,0.11767023432128362
Organic Half & Half,Banana,0.03379329766263024,0.20707781845489534,0.005538346005819957,0.16388888888888892,0.7914362345119372,1.0,-0.0014594963525544277,0.948345466299793,-0.21429514050613258,0.023534104507379337,-0.05446805571997945,0.09531706457137103
Banana,Organic Half & Half,0.20707781845489534,0.03379329766263024,0.005538346005819957,0.026745240253853126,0.7914362345119371,1.0,-0.0014594963525544277,0.9927582605292211,-0.24944503513522465,0.023534104507379337,-0.007294564808676054,0.09531706457137103
Organic Hass Avocado,Banana,0.0930723739791608,0.20707781845489534,0.01473763259175819,0.1583459404942007,0.7646687688507343,1.0,-0.004535591570264593,0.9420998717818708,-0.25336295554674465,0.051636244038809405,-0.06145858836454126,0.11475773905943035
Banana,Organic Hass Avocado,0.20707781845489534,0.0930723739791608,0.01473763259175819,0.07116953762466001,0.7646687688507343,1.0,-0.004535591570264593,0.9764189082488879,-0.27960565091012196,0.051636244038809405,-0.024150589006313394,0.11475773905943035
Organic Italian Parsley Bunch,Banana,0.025157232704402517,0.20707781845489534,0.0038017459870459025,0.15111940298507462,0.7297710788757932,1.0,-0.0014077588797439173,0.9340797567212661,-0.27528284460863545,0.016642695705773577,-0.07057239256540786,0.08473921191864792
Banana,Organic Italian Parsley Bunch,0.20707781845489534,0.025157232704402517,0.0038017459870459025,0.018359020852221214,0.7297710788757932,1.0,-0.0014077588797439173,0.9930746454186506,-0.31833560818148304,0.016642695705773577,-0.006973649577398885,0.08473921191864792
Organic Kiwi,Banana,0.021684032666854407,0.20707781845489534,0.004130291936543696,0.19047619047619047,0.9198290376894184,1.0,-0.0003599902434132012,0.979492106614541,-0.08180256376371105,0.018386961972419555,-0.020937272742647454,0.10521089668868454
Banana,Organic Kiwi,0.20707781845489534,0.021684032666854407,0.004130291936543696,0.0199456029011786,0.9198290376894183,1.0,-0.0003599902434132012,0.9982261905351153,-0.09903471814836566,0.018386961972419555,-0.0017769614559340215,0.10521089668868454
Organic Lacinato (Dinosaur) Kale,Banana,0.018070027222378673,0.20707781845489534,0.0023936919177696423,0.13246753246753246,0.6396992853021864,1.0,-0.0013482098988611053,0.9139971254337284,-0.3645142749935229,0.010745891276864726,-0.09409534469319011,0.07201345798353957
Banana,Organic Lacinato (Dinosaur) Kale,0.20707781845489534,0.018070027222378673,0.0023936919177696423,0.01155938349954669,0.6396992853021864,1.0,-0.0013482098988611053,0.9934132171279213,-0.41531669209179106,0.010745891276864726,-0.006630456247725168,0.07201345798353957
Banana,Organic Large Brown Grade AA Cage Free Eggs,0.20707781845489534,0.014831502863043274,0.0028161081385525205,0.013599274705349048,0.9169181863043254,1.0,-0.00025516711873401496,0.9987507834026317,-0.10255411378059831,0.012853470437017995,-0.0012507790913688984,0.10173634621343403
Organic Large Brown Grade AA Cage Free Eggs,Banana,0.014831502863043274,0.20707781845489534,0.0028161081385525205,0.189873417721519,0.9169181863043254,1.0,-0.00025516711873401496,0.9787633178447386,-0.0842272431124348,0.012853470437017995,-0.021697464308353044,0.10173634621343403
Organic Large Extra Fancy Fuji Apple,Banana,0.03219750305078382,0.20707781845489534,0.005913827090960293,0.1836734693877551,0.8869780006290822,1.0,-0.0007535616004908574,0.9713296723927531,-0.11634462464407141,0.025341914722445697,-0.02951657755561085,0.10611597313449406
Banana,Organic Large Extra Fancy Fuji Apple,0.20707781845489534,0.03219750305078382,0.005913827090960293,0.028558476881233003,0.8869780006290822,1.0,-0.0007535616004908574,0.9962539935930802,-0.13845194922937448,0.025341914722445697,-0.0037600917346483826,0.10611597313449406
Organic Lemon,Banana,0.04003567070308833,0.20707781845489534,0.0046465784286116585,0.11606096131301288,0.5604702723787517,1.0,-0.00364392092096244,0.8970326536577908,-0.44961863164037746,0.01916376306620209,-0.11478661999910901,0.06924988228841941
Banana,Organic Lemon,0.20707781845489534,0.04003567070308833,0.0046465784286116585,0.022438803263825927,0.5604702723787517,1.0,-0.00364392092096244,0.9819992165216728,-0.4972398642717837,0.01916376306620209,-0.01833075136463721,0.06924988228841941
Organic Navel Orange,Banana,0.01755374073031071,0.20707781845489534,0.0030038486811226886,0.17112299465240643,0.8263704723626861,1.0,-0.0006311416550328947,0.9566222448318359,-0.17618525205515845,0.013553578991952562,-0.04534470675599791,0.09281444383572271
Banana,Organic Navel Orange,0.20707781845489534,0.01755374073031071,0.0030038486811226886,0.014505893019038985,0.8263704723626861,1.0,-0.0006311416550328947,0.9969072897649193,-0.20947562366566258,0.013553578991952562,-0.003102304764779064,0.09281444383572271
Organic Peeled Whole Baby Carrots,Banana,0.023232892143058292,0.20707781845489534,0.006711724396883507,0.28888888888888886,1.395074040495618,1.0,0.001900707775501117,1.1150468177978032,0.28992803362127273,0.030016792611251047,0.1031766702182234,0.16065024680165205
Banana,Organic Peeled Whole Baby Carrots,0.20707781845489534,0.023232892143058292,0.006711724396883507,0.032411604714415225,1.395074040495618,1.0,0.001900707775501117,1.0094861747165207,0.3571500122938503,0.030016792611251047,0.009397032821360377,0.16065024680165205
Organic Raspberries,Banana,0.06049938984323665,0.20707781845489534,0.010231859570074157,0.1691233514352211,0.8167139904077109,1.0,-0.002296222096515541,0.9543199738670773,-0.1928130363188316,0.03975925588181652,-0.04786657241157687,0.10926702476566132
Banana,Organic Raspberries,0.20707781845489534,0.06049938984323665,0.010231859570074157,0.04941069809610154,0.816713990407711,1.0,-0.002296222096515541,0.9883349289488889,-0.22059352601723686,0.03975925588181652,-0.011802750979890125,0.10926702476566132
Organic Red Bell Pepper,Banana,0.02548577865390031,0.20707781845489534,0.004411902750398948,0.1731123388581952,0.8359772193365157,1.0,-0.0008656366948750667,0.9589237073028771,-0.16759344795907666,0.019337584859082494,-0.042835829779051315,0.09720893461495436
Banana,Organic Red Bell Pepper,0.20707781845489534,0.02548577865390031,0.004411902750398948,0.021305530371713507,0.8359772193365156,1.0,-0.0008656366948750667,0.9957287504814709,-0.19836162561307794,0.019337584859082494,-0.004289571348084189,0.09720893461495436
Organic Red Onion,Banana,0.025626584060827937,0.20707781845489534,0.004083356800901154,0.15934065934065933,0.7694723680671096,1.0,-0.0012233403208660879,0.9432146211843728,-0.2351648351648353,0.017860808868815435,-0.06020409092505697,0.08952980383170772
Banana,Organic Red Onion,0.20707781845489534,0.025626584060827937,0.004083356800901154,0.019718948322756117,0.7694723680671095,1.0,-0.0012233403208660879,0.9939735285834975,-0.27422241184173896,0.017860808868815435,-0.006063009972801455,0.08952980383170772
Organic Reduced Fat 2% Milk,Banana,0.02102694076785882,0.20707781845489534,0.0047404486998967425,0.22544642857142858,1.0887039000777101,1.0,0.00038623567690823646,1.0237150931763888,0.08322660821072994,0.021222945997058203,0.023165716061492668,0.12416927049604974
Banana,Organic Reduced Fat 2% Milk,0.20707781845489534,0.02102694076785882,0.0047404486998967425,0.022892112420670897,1.0887039000777101,1.0,0.00038623567690823646,1.0019088697128757,0.10275485936186843,0.021222945997058203,0.0019052328715511613,0.12416927049604974
Organic Reduced Fat Milk,Banana,0.014925373134328358,0.20707781845489534,0.004881254106824369,0.3270440251572327,1.5793291024478693,1.0,0.0017905403985423486,1.1782675408006693,0.3723776223776224,0.02248162559446606,0.1512963182194862,0.17530805065658553
Banana,Organic Reduced Fat Milk,0.20707781845489534,0.014925373134328358,0.004881254106824369,0.02357207615593835,1.5793291024478695,1.0,0.0017905403985423486,1.0088554442273312,0.46261758840189054,0.02248162559446606,0.008777713673452568,0.17530805065658553
Organic Romaine Lettuce,Banana,0.016239556932319533,0.20707781845489534,0.0022998216464845582,0.1416184971098266,0.6838902310566558,1.0,-0.0010630303757342432,0.9237409926417718,-0.3196599359564599,0.010405606285835632,-0.08255453418835294,0.07636228572626416
Banana,Organic Romaine Lettuce,0.20707781845489534,0.016239556932319533,0.0022998216464845582,0.011106074342701722,0.6838902310566558,1.0,-0.0010630303757342432,0.9948088642710535,-0.3682625591057141,0.010405606285835632,-0.005218224239236502,0.07636228572626416
Organic Small Bunch Celery,Banana,0.029193654369661128,0.20707781845489534,0.00445883788604149,0.1527331189710611,0.7375638786938866,1.0,-0.0015865203735541582,0.9358588176870116,-0.2682112965491249,0.019234662887224134,-0.06853724205058438,0.08713265196059854
Banana,Organic Small Bunch Celery,0.20707781845489534,0.029193654369661128,0.00445883788604149,0.02153218495013599,0.7375638786938865,1.0,-0.0015865203735541582,0.9921699321105061,-0.30974434051689287,0.019234662887224134,-0.007891861702398114,0.08713265196059854
Organic Sticks Low Moisture Part Skim Mozzarella String Cheese,Banana,0.015676335304609032,0.20707781845489534,0.0033323946306204823,0.21257485029940115,1.0265457299363192,1.0,8.617331437458685e-05,1.0069810214299046,0.02627111131407925,0.015187165775401069,0.0069326246288055424,0.11433366268369877
Banana,Organic Sticks Low Moisture Part Skim Mozzarella String Cheese,0.20707781845489534,0.015676335304609032,0.0033323946306204823,0.01609247506799637,1.0265457299363192,1.0,8.617331437458685e-05,1.000422946011533,0.03261262853550787,0.015187165775401069,0.0004227672038303758,0.11433366268369877
Organic Strawberries,Banana,0.11090772552332676,0.20707781845489534,0.02450014080540693,0.22090562843842576,1.0667759110401402,1.0,0.0015336109542421102,1.0177485687078123,0.07040439730160451,0.08347992963377579,0.017439050521433595,0.16960965918748125
Banana,Organic Strawberries,0.20707781845489534,0.11090772552332676,0.02450014080540693,0.11831368993653672,1.0667759110401402,1.0,0.0015336109542421102,1.0083997724912808,0.07894344134511035,0.08347992963377579,0.008329804032510772,0.16960965918748125
Organic Tomato Cluster,Banana,0.02787947057166995,0.20707781845489534,0.004928189242466911,0.17676767676767677,0.8536292205829831,1.0,-0.000845030703191957,0.9631815456805566,-0.14993914065193384,0.021424199143032032,-0.038225871835437374,0.1002832037510188
Banana,Organic Tomato Cluster,0.20707781845489534,0.02787947057166995,0.004928189242466911,0.023798730734360833,0.8536292205829831,1.0,-0.000845030703191957,0.9958197761406529,-0.17780008788079366,0.021424199143032032,-0.004197771483859988,0.1002832037510188
Organic Unsweetened Almond Milk,Banana,0.022059513751994744,0.20707781845489534,0.0038956162583309866,0.17659574468085107,0.8527989429216257,1.0,-0.0006724197256078482,0.9629804271994811,-0.15002334576802667,0.017295269847884976,-0.03844270532909833,0.09770403734495862
Banana,Organic Unsweetened Almond Milk,0.20707781845489534,0.022059513751994744,0.0038956162583309866,0.018812330009066184,0.8527989429216257,1.0,-0.0006724197256078482,0.99669055794091,-0.178771309630067,0.017295269847884976,-0.0033204308325415575,0.09770403734495862
Banana,Organic Whole Milk,0.20707781845489534,0.05749554116211396,0.013282643386839387,0.064143245693563,1.115621218569023,1.0,0.0013765921521051907,1.0071033355274288,0.13070440045831389,0.052857676503548744,0.007053234039492719,0.14758182692841415
Organic Whole Milk,Banana,0.05749554116211396,0.20707781845489534,0.013282643386839387,0.2310204081632653,1.1156212185690233,1.0,0.0013765921521051907,1.0311355333256402,0.10996066636834592,0.052857676503548744,0.030195383942614562,0.14758182692841415
Banana,Organic Whole Strawberries,0.20707781845489534,0.014643762320473106,0.0030977189524077726,0.014959202175883953,1.0215409024339215,1.0,6.532059711220582e-05,1.0003202302443794,0.02659362656994956,0.014169171318162302,0.0003201277297982046,0.11324883185717276
Organic Whole Strawberries,Banana,0.014643762320473106,0.20707781845489534,0.0030977189524077726,0.21153846153846156,1.0215409024339215,1.0,6.532059711220582e-05,1.005657400984035,0.021400053694995133,0.014169171318162302,0.005625574851335502,0.11324883185717276
Organic Whole String Cheese,Banana,0.026799962451891486,0.20707781845489534,0.006899464939453675,0.2574430823117338,1.2432190189786492,1.0,0.0013497871802428778,1.0678268058072045,0.20102393501408275,0.030397022332506202,0.0635185457401326,0.14538065266991948
Banana,Organic Whole String Cheese,0.20707781845489534,0.026799962451891486,0.006899464939453675,0.033318223028105165,1.2432190189786492,1.0,0.0013497871802428778,1.0067429227813023,0.2467285008001069,0.030397022332506202,0.006697760300786527,0.14538065266991948
Organic Yellow Onion,Banana,0.04702900591382709,0.20707781845489534,0.006805594668168591,0.14471057884231536,0.6988222105200297,1.0,-0.002933069280569095,0.9270805436501689,-0.3114123288459407,0.02751945340671854,-0.07865493116997922,0.08878774635678778
Banana,Organic Yellow Onion,0.20707781845489534,0.04702900591382709,0.006805594668168591,0.0328649138712602,0.6988222105200298,1.0,-0.002933069280569095,0.9853545877450657,-0.35213552515627794,0.02751945340671854,-0.014863088310625008,0.08878774635678778
Organic Zucchini,Banana,0.042523232892143055,0.20707781845489534,0.008025908194874682,0.18874172185430463,0.9114531110217168,1.0,-0.000779710106079752,0.9773979543943738,-0.09211715967276254,0.033223236836992416,-0.023124711387012296,0.11374982738227471
Banana,Organic Zucchini,0.20707781845489534,0.042523232892143055,0.008025908194874682,0.038757932910244784,0.9114531110217168,1.0,-0.000779710106079752,0.9960828805658724,-0.10914759376098597,0.033223236836992416,-0.0039325235987414,0.11374982738227471
Original Hummus,Banana,0.03191589223692856,0.20707781845489534,0.008776870365155355,0.275,1.328003173164098,1.0,0.0021677970266906583,1.0936857676484202,0.255132533519036,0.03812436289500509,0.08566058955842314,0.1586922030825023
Banana,Original Hummus,0.20707781845489534,0.03191589223692856,0.008776870365155355,0.04238440616500453,1.328003173164098,1.0,0.0021677970266906583,1.0109318540711647,0.3114930529397204,0.03812436289500509,0.010813640926577456,0.1586922030825023
Banana,Raspberries,0.20707781845489534,0.02388998404205388,0.004364967614756406,0.021078875793291024,0.8823310955832192,1.0,-0.0005821181635943737,0.9971283608257602,-0.14397469314457073,0.01926263463131731,-0.0028799092344156097,0.10189503711079088
Raspberries,Banana,0.02388998404205388,0.20707781845489534,0.004364967614756406,0.18271119842829076,0.8823310955832191,1.0,-0.0005821181635943737,0.9701860346309092,-0.12020264095550752,0.01926263463131731,-0.030730153089075254,0.10189503711079088
Red Onion,Banana,0.017929221815451046,0.20707781845489534,0.00422416220782878,0.2356020942408377,1.1377466500215974,1.0,0.0005114180676912597,1.0373160046240752,0.12328001869198581,0.01913265306122449,0.0359736131108848,0.12800050314943062
Banana,Red Onion,0.20707781845489534,0.017929221815451046,0.00422416220782878,0.02039891205802357,1.1377466500215974,1.0,0.0005114180676912597,1.002521118313334,0.15268800231508886,0.01913265306122449,0.00251477825980932,0.12800050314943062
Banana,Red Peppers,0.20707781845489534,0.023749178635126256,0.006711724396883507,0.032411604714415225,1.3647463439631042,1.0,0.0017937962950259527,1.0089525940177613,0.33706095017803306,0.029947643979057588,0.008873156252179364,0.15751015018329456
Red Peppers,Banana,0.023749178635126256,0.20707781845489534,0.006711724396883507,0.2826086956521739,1.3647463439631045,1.0,0.0017937962950259527,1.105285465184085,0.2737647928994082,0.029947643979057588,0.0952563554850963,0.15751015018329456
Red Vine Tomato,Banana,0.022763540786632872,0.20707781845489534,0.006523983854313339,0.28659793814432993,1.38401080464712,1.0,0.0018101594879083721,1.1114660637265197,0.2839254363763205,0.029213955443463644,0.10028741980011208,0.15905146227252762
Banana,Red Vine Tomato,0.20707781845489534,0.022763540786632872,0.006523983854313339,0.0315049864007253,1.38401080464712,1.0,0.0018101594879083721,1.0090258034283583,0.34992373095722556,0.029213955443463644,0.008945067011855974,0.15905146227252762
Roma Tomato,Banana,0.017412935323383085,0.20707781845489534,0.0047873838355392846,0.274932614555256,1.327677761947934,1.0,0.001181551175876928,1.0935841239897166,0.25117895259369566,0.021790215765861994,0.08557560587867201,0.1490256907771747
Banana,Roma Tomato,0.20707781845489534,0.017412935323383085,0.0047873838355392846,0.02311876699909338,1.327677761947934,1.0,0.001181551175876928,1.0058408652791726,0.311260291970464,0.021790215765861994,0.005806947680089971,0.1490256907771747
Seedless Red Grapes,Banana,0.03482587064676617,0.20707781845489534,0.010888951469069746,0.31266846361185985,1.5099080429996115,1.0,0.0036772861497450324,1.1536240366793484,0.34989335229292573,0.04713531084924827,0.13316646653926162,0.1826261629029381
Banana,Seedless Red Grapes,0.20707781845489534,0.03482587064676617,0.010888951469069746,0.05258386219401632,1.5099080429996115,1.0,0.0036772861497450324,1.0187436025613559,0.425903095569535,0.04713531084924827,0.018398743819573606,0.1826261629029381
Shredded Parmesan,Banana,0.015582465033323946,0.20707781845489534,0.0035201351731906504,0.22590361445783133,1.090911697560869,1.0,0.0002933523079402395,1.024319705342314,0.08465465179110636,0.016063396872992075,0.02374229961161088,0.12145135391975882
Banana,Shredded Parmesan,0.20707781845489534,0.015582465033323946,0.0035201351731906504,0.016999093381686307,1.0909116975608688,1.0,0.0002933523079402395,1.0014411261869898,0.10509924628073074,0.016063396872992075,0.001439052330991154,0.12145135391975882
Banana,Small Hass Avocado,0.20707781845489534,0.021730967802496948,0.006664789261240965,0.03218495013599274,1.4810638177051003,1.0,0.002164787855786326,1.0108016323314715,0.4096362238781333,0.03000211282484682,0.010686203886075009,0.16944020724942188
Small Hass Avocado,Banana,0.021730967802496948,0.20707781845489534,0.006664789261240965,0.306695464362851,1.4810638177051005,1.0,0.002164787855786326,1.143685264970042,0.33202487003776726,0.03000211282484682,0.12563357190214888,0.16944020724942188
Sparkling Natural Mineral Water,Banana,0.017929221815451046,0.20707781845489534,0.0027222378672674364,0.15183246073298431,0.7332145077916962,1.0,-0.000990506272870084,0.9348650412044135,-0.2703393641761682,0.012246621621621623,-0.06967311421942916,0.0824892131407442
Banana,Sparkling Natural Mineral Water,0.20707781845489534,0.017929221815451046,0.0027222378672674364,0.01314596554850408,0.7332145077916962,1.0,-0.000990506272870084,0.9951530255742375,-0.31454338896164213,0.012246621621621623,-0.0048705820122143025,0.0824892131407442
Sparkling Water Grapefruit,Banana,0.03327701117056228,0.20707781845489534,0.007228010888951469,0.21720733427362482,1.0489164696359587,1.0,0.00033708001105224854,1.0129402283161788,0.04824053938002571,0.031004630561707266,0.012774917961042399,0.1260560696753437
Banana,Sparkling Water Grapefruit,0.20707781845489534,0.03327701117056228,0.007228010888951469,0.034904805077062555,1.0489164696359587,1.0,0.00033708001105224854,1.0016866666781303,0.058814395028435516,0.031004630561707266,0.0016838266238721569,0.1260560696753437
Banana,Spring Water,0.20707781845489534,0.02431240026283676,0.0023936919177696423,0.01155938349954669,0.47545217150838176,1.0,-0.002640866890060818,0.9870978422472745,-0.5818324949864201,0.010452961672473867,-0.013070799266820197,0.05500749097757257
Spring Water,Banana,0.02431240026283676,0.20707781845489534,0.0023936919177696423,0.09845559845559845,0.4754521715083818,1.0,-0.002640866890060818,0.8795153962320432,-0.5306821874122952,0.010452961672473867,-0.13698976082070674,0.05500749097757257
Strawberries,Banana,0.06242373040458087,0.20707781845489534,0.01783535154416596,0.2857142857142857,1.3797435565341276,1.0,0.004908781632168834,1.1100910541631464,0.29355226271525825,0.07086907870197687,0.09917299463884048,0.18592151275741484
Banana,Strawberries,0.20707781845489534,0.06242373040458087,0.01783535154416596,0.08612873980054396,1.3797435565341274,1.0,0.004908781632168834,1.025939112464035,0.34710548123594165,0.07086907870197687,0.02528328645326339,0.18592151275741484
Banana,Uncured Genoa Salami,0.20707781845489534,0.01661503801745987,0.0037548108514033605,0.01813236627379873,1.0913225870891405,1.0,0.00031420502520262137,1.0015453490920976,0.1055345092932402,0.017072129748186084,0.001542964673041036,0.12206053341938525
Uncured Genoa Salami,Banana,0.01661503801745987,0.20707781845489534,0.0037548108514033605,0.22598870056497178,1.0913225870891408,1.0,0.00031420502520262137,1.0244323075436754,0.08509450171821305,0.017072129748186084,0.023849606619941316,0.12206053341938525
Unsalted Butter,Banana,0.01450295691354548,0.20707781845489534,0.0034732000375481084,0.23948220064724918,1.156484081366793,1.0,0.00046995935874576816,1.042608315308244,0.13730146777724997,0.01592425220572412,0.04086703959928323,0.1281273197252565
Banana,Unsalted Butter,0.20707781845489534,0.01450295691354548,0.0034732000375481084,0.016772438803263824,1.156484081366793,1.0,0.00046995935874576816,1.0023081959652922,0.1706475031916016,0.01592425220572412,0.002302880465892225,0.1281273197252565
Unsweetened Almondmilk,Banana,0.020229043461935606,0.20707781845489534,0.0035201351731906504,0.17401392111368907,0.8403310524134767,1.0,-0.000668851016336239,0.9599703939492699,-0.162430112232359,0.015729865771812082,-0.041698792278426704,0.0955065072476877
Banana,Unsweetened Almondmilk,0.20707781845489534,0.020229043461935606,0.0035201351731906504,0.016999093381686307,0.8403310524134766,1.0,-0.000668851016336239,0.9967141942001244,-0.19330706856683022,0.015729865771812082,-0.0032966379118463027,0.0955065072476877
Unsweetened Original Almond Breeze Almond Milk,Banana,0.016051816389749365,0.20707781845489534,0.004975124378109453,0.3099415204678363,1.4967393551876065,1.0,0.0016511492578816203,1.1490651952899398,0.3372952014774655,0.02280550774526678,0.12972736090255238,0.1669834528903098
Banana,Unsweetened Original Almond Breeze Almond Milk,0.20707781845489534,0.016051816389749365,0.004975124378109453,0.024025385312783316,1.4967393551876065,1.0,0.0016511492578816203,1.0081698527841212,0.4185543153648388,0.02280550774526678,0.008103647179648987,0.1669834528903098
Banana,Whole Milk,0.20707781845489534,0.015113113676898526,0.0038956162583309866,0.018812330009066184,1.2447686433949197,1.0,0.0007660256480579979,1.0037701414778295,0.247991373568145,0.01784562459686089,0.0037559808984542566,0.13828815258217284
Whole Milk,Banana,0.015113113676898526,0.20707781845489534,0.0038956162583309866,0.2577639751552795,1.2447686433949194,1.0,0.0007660256480579979,1.068288462165371,0.1996552737828937,0.01784562459686089,0.06392324225514294,0.13828815258217284
Yellow Onions,Banana,0.0308363841171501,0.20707781845489534,0.00868300009387027,0.2815829528158295,1.3597929267212292,1.0,0.002297468941853644,1.103707358633758,0.2730126319840106,0.03787878787878787,0.09396273189854762,0.16175702491199453
Banana,Yellow Onions,0.20707781845489534,0.0308363841171501,0.00868300009387027,0.041931097008159564,1.3597929267212292,1.0,0.002297468941853644,1.01158028702984,0.33369467490457183,0.03787878787878787,0.011447719156174518,0.16175702491199453
Bartlett Pears,Honeycrisp Apple,0.01736600018774054,0.03646860039425514,0.002065145968271848,0.11891891891891891,3.260857768965877,1.0,0.0014318322469785787,1.0935785823746185,0.7055854205023102,0.0398912058023572,0.0855709721119629,0.08777348777348777
Honeycrisp Apple,Bartlett Pears,0.03646860039425514,0.01736600018774054,0.002065145968271848,0.056628056628056624,3.260857768965877,1.0,0.0014318322469785787,1.0416188510970334,0.7195740836687791,0.0398912058023572,0.039955931148135955,0.08777348777348777
Bartlett Pears,Large Lemon,0.01736600018774054,0.0645827466441378,0.0022998216464845582,0.13243243243243244,2.050585323695789,1.0,0.0011782776561376615,1.0782068029335483,0.5213888000748639,0.028874484384207425,0.07253413975942828,0.08402144877435576
Large Lemon,Bartlett Pears,0.0645827466441378,0.01736600018774054,0.0022998216464845582,0.03561046511627907,2.050585323695789,1.0,0.0011782776561376615,1.0189181490140686,0.5477067696120095,0.028874484384207425,0.01856689767708454,0.08402144877435576
Bartlett Pears,Organic Fuji Apple,0.01736600018774054,0.03867455176945461,0.002159016239556932,0.12432432432432432,3.214628706376279,1.0,0.001487393966267802,1.0978099254484621,0.7010973401339071,0.04006968641114982,0.0890955011255763,0.09007478352138545
Organic Fuji Apple,Bartlett Pears,0.03867455176945461,0.01736600018774054,0.002159016239556932,0.0558252427184466,3.214628706376279,1.0,0.001487393966267802,1.0407331823204393,0.7166377264448529,0.04006968641114982,0.03913892918223267,0.09007478352138545
Organic Strawberries,Bartlett Pears,0.11090772552332676,0.01736600018774054,0.002205951375199474,0.019889970376639865,1.1453397536342946,1.0,0.0002799277929395054,1.0025751906547362,0.14272605049190135,0.01749813849590469,0.0025685760816148736,0.07345849870183345
Bartlett Pears,Organic Strawberries,0.01736600018774054,0.11090772552332676,0.002205951375199474,0.12702702702702703,1.1453397536342946,1.0,0.0002799277929395054,1.0184648345398424,0.1291392612948074,0.01749813849590469,0.01813006587329558,0.07345849870183345
Blueberries,Large Lemon,0.025814324603398105,0.0645827466441378,0.002065145968271848,0.07999999999999999,1.2387209302325581,1.0,0.0003979859826210555,1.016757884082459,0.19782231643862014,0.023379383634431452,0.016481685900652278,0.05598837209302325
Large Lemon,Blueberries,0.0645827466441378,0.025814324603398105,0.002065145968271848,0.03197674418604651,1.2387209302325581,1.0,0.0003979859826210555,1.0063659829922855,0.20602107375815354,0.023379383634431452,0.0063257136070489,0.05598837209302325
Blueberries,Organic Avocado,0.025814324603398105,0.07612879001220313,0.0023936919177696423,0.09272727272727271,1.2180316108059634,1.0,0.000428478620730699,1.018294920828233,0.18374653773631242,0.024045261669024043,0.01796623007149322,0.06208496805290886
Organic Avocado,Blueberries,0.07612879001220313,0.025814324603398105,0.0023936919177696423,0.03144266337854501,1.2180316108059634,1.0,0.000428478620730699,1.0058110537831244,0.19375346155531908,0.024045261669024043,0.005777480533015993,0.06208496805290886
Blueberries,Organic Baby Spinach,0.025814324603398105,0.10452454707594105,0.0030507838167652306,0.11818181818181818,1.1306608972527248,1.0,0.0003525532295237219,1.0154876270272832,0.1186237158486146,0.02396755162241888,0.015251418742167726,0.07368453279993468
Organic Baby Spinach,Blueberries,0.10452454707594105,0.025814324603398105,0.0030507838167652306,0.02918724741805119,1.1306608972527248,1.0,0.0003525532295237219,1.003474328912226,0.12905046627988073,0.02396755162241888,0.0034622997441221153,0.07368453279993468
Organic Strawberries,Blueberries,0.11090772552332676,0.025814324603398105,0.0024875621890547263,0.022429115531104528,0.8688631554649328,1.0,-0.0003754458386290116,0.9965371216286452,-0.1451212565277403,0.01853146853146853,-0.0034749115674642013,0.05939637594737045
Blueberries,Organic Strawberries,0.025814324603398105,0.11090772552332676,0.0024875621890547263,0.09636363636363636,0.8688631554649329,1.0,-0.0003754458386290116,0.9839049315134211,-0.13414561196379382,0.01853146853146853,-0.016358357368756984,0.05939637594737045
Blueberries,Raspberries,0.025814324603398105,0.02388998404205388,0.0033323946306204823,0.12909090909090906,5.403557778174673,1.0,0.0027156908277889027,1.1207943815801051,0.8365312321025788,0.07186234817813765,0.10777568443000955,0.13429005179496337
Raspberries,Blueberries,0.02388998404205388,0.025814324603398105,0.0033323946306204823,0.13948919449901767,5.403557778174673,1.0,0.0027156908277889027,1.1321016182120327,0.8348820624859897,0.07186234817813765,0.1166870677392595,0.13429005179496337
Strawberries,Blueberries,0.06242373040458087,0.025814324603398105,0.004036421665258612,0.06466165413533834,2.5048749145591245,1.0,0.00242499522563975,1.0415329166217688,0.6407782362090322,0.047937569676700105,0.03987672012948152,0.11051264524948734
Blueberries,Strawberries,0.025814324603398105,0.06242373040458087,0.004036421665258612,0.15636363636363634,2.5048749145591245,1.0,0.00242499522563975,1.1113511816325012,0.6166981136303539,0.047937569676700105,0.10019441511632136,0.11051264524948734
Boneless Skinless Chicken Breasts,Cucumber Kirby,0.02295128132920304,0.043368065333708815,0.0028161081385525205,0.1226993865030675,2.8292566329376148,1.0,0.0018207554703753117,1.0904266108433947,0.6617380025940337,0.044345898004434586,0.08292773667129605,0.09381722571906621
Cucumber Kirby,Boneless Skinless Chicken Breasts,0.043368065333708815,0.02295128132920304,0.0028161081385525205,0.06493506493506493,2.8292566329376143,1.0,0.0018207554703753117,1.0448993241340467,0.6758610538710628,0.044345898004434586,0.04297000016844374,0.09381722571906621
Boneless Skinless Chicken Breasts,Large Lemon,0.02295128132920304,0.0645827466441378,0.0023467567821271003,0.10224948875255624,1.5832322727921246,1.0,0.0008644999948848502,1.0419568038519742,0.37703415477734553,0.027548209366391185,0.04026731597400719,0.06929334902744091
Large Lemon,Boneless Skinless Chicken Breasts,0.0645827466441378,0.02295128132920304,0.0023467567821271003,0.036337209302325583,1.5832322727921246,1.0,0.0008644999948848502,1.0138906763883986,0.3938143502257903,0.027548209366391185,0.013700368996269823,0.06929334902744091
Boneless Skinless Chicken Breasts,Limes,0.02295128132920304,0.059513751994743264,0.0022998216464845582,0.10020449897750511,1.6837200750904762,1.0,0.0009339047814967869,1.0452222165331149,0.4156159653658264,0.02868852459016393,0.04326564802948018,0.06942401605026674
Limes,Boneless Skinless Chicken Breasts,0.059513751994743264,0.02295128132920304,0.0022998216464845582,0.03864353312302839,1.6837200750904762,1.0,0.0009339047814967869,1.0163230313983351,0.43177350788603697,0.02868852459016393,0.016060869324073728,0.06942401605026674
Boneless Skinless Chicken Breasts,Organic Avocado,0.02295128132920304,0.07612879001220313,0.0036140054444757344,0.15746421267893662,2.068392426225292,1.0,0.0018667521676538378,1.0965364603981376,0.528666318549587,0.03785644051130777,0.08803762016548587,0.10246823457621307
Organic Avocado,Boneless Skinless Chicken Breasts,0.07612879001220313,0.02295128132920304,0.0036140054444757344,0.04747225647348952,2.068392426225292,1.0,0.0018667521676538378,1.02574305610617,0.5590960553366568,0.03785644051130777,0.02509698306308151,0.10246823457621307
Boneless Skinless Chicken Breasts,Organic Baby Spinach,0.02295128132920304,0.10452454707594105,0.004505773021684032,0.19631901840490798,1.8782097019016477,1.0,0.0021068007359365823,1.1142175482948213,0.47856169236681556,0.036641221374045796,0.10250919891687034,0.11971316883424564
Organic Baby Spinach,Boneless Skinless Chicken Breasts,0.10452454707594105,0.02295128132920304,0.004505773021684032,0.04310731926358329,1.8782097019016475,1.0,0.0021068007359365823,1.0210640527826678,0.5221562319828084,0.036641221374045796,0.020629511660177048,0.11971316883424564
Organic Strawberries,Boneless Skinless Chicken Breasts,0.11090772552332676,0.02295128132920304,0.0029099784098376045,0.026237833262801526,1.1431968824074628,1.0,0.0003645039997696997,1.0033751074398494,0.14088530447028708,0.022222222222222227,0.0033637544073233092,0.07651359965798563
Boneless Skinless Chicken Breasts,Organic Strawberries,0.02295128132920304,0.11090772552332676,0.0029099784098376045,0.12678936605316973,1.1431968824074628,1.0,0.0003645039997696997,1.0181876398573613,0.12820244620169322,0.022222222222222227,0.017862758439995484,0.07651359965798563
Boneless Skinless Chicken Breasts,Organic Whole Milk,0.02295128132920304,0.05749554116211396,0.002159016239556932,0.09406952965235174,1.6361186928759235,1.0,0.0008394198991704812,1.0403717389880953,0.39793041222579373,0.02757793764988009,0.03880510924620319,0.0658102750302575
Organic Whole Milk,Boneless Skinless Chicken Breasts,0.05749554116211396,0.02295128132920304,0.002159016239556932,0.037551020408163265,1.6361186928759235,1.0,0.0008394198991704812,1.015169364182974,0.4125151830737686,0.02757793764988009,0.0149426930305196,0.0658102750302575
Boneless Skinless Chicken Breasts,Strawberries,0.02295128132920304,0.06242373040458087,0.002018210832629306,0.08793456032719836,1.4086719867152542,1.0,0.0005855062344954449,1.0279703942425111,0.2969263716707386,0.02421171171171171,0.02720933832255147,0.060132693697433764
Strawberries,Boneless Skinless Chicken Breasts,0.06242373040458087,0.02295128132920304,0.002018210832629306,0.03233082706766917,1.4086719867152542,1.0,0.0005855062344954449,1.0096929260545144,0.3094271265052946,0.02421171171171171,0.009599875174317112,0.060132693697433764
Broccoli Crown,Cucumber Kirby,0.01684971369567258,0.043368065333708815,0.0022998216464845582,0.13649025069637882,3.147252468979488,1.0,0.0015690821620763416,1.1078414985328984,0.6939554931152774,0.03970826580226904,0.09734379753395384,0.09476027686334093
Cucumber Kirby,Broccoli Crown,0.043368065333708815,0.01684971369567258,0.0022998216464845582,0.053030303030303025,3.147252468979488,1.0,0.0015690821620763416,1.0382067023373698,0.7131923125446823,0.03970826580226904,0.03680067008944652,0.09476027686334093
Broccoli Crown,Large Lemon,0.01684971369567258,0.0645827466441378,0.0027691730029099785,0.16434540389972144,2.5447261449763556,1.0,0.0016809722122760975,1.1193826465158485,0.6174339920040328,0.035202863961813845,0.10665043529791596,0.10361165543823281
Large Lemon,Broccoli Crown,0.0645827466441378,0.01684971369567258,0.0027691730029099785,0.04287790697674419,2.544726144976356,1.0,0.0016809722122760975,1.0271942247188721,0.64894078427037,0.035202863961813845,0.026474277273428735,0.10361165543823281
Broccoli Crown,Organic Avocado,0.01684971369567258,0.07612879001220313,0.0030038486811226886,0.17827298050139276,2.341728805525693,1.0,0.0017211003654190875,1.124304286052946,0.5827848259894018,0.033385498174230574,0.11056107105073533,0.10886522021370501
Organic Avocado,Broccoli Crown,0.07612879001220313,0.01684971369567258,0.0030038486811226886,0.03945745992601727,2.3417288055256935,1.0,0.0017211003654190875,1.0235364341371112,0.6201785079252186,0.033385498174230574,0.022995208916967772,0.10886522021370501
Broccoli Crown,Organic Baby Spinach,0.01684971369567258,0.10452454707594105,0.0025814324603398104,0.1532033426183844,1.4657163977670846,1.0,0.0008202237679403529,1.0574858144728196,0.32318535524722564,0.021730541288028447,0.054360837456224005,0.08895012213990616
Organic Baby Spinach,Broccoli Crown,0.10452454707594105,0.01684971369567258,0.0025814324603398104,0.02469690166142793,1.4657163977670848,1.0,0.0008202237679403529,1.008045896684962,0.3548280117597167,0.021730541288028447,0.007981676936954384,0.08895012213990616
Bunched Cilantro,Jalapeno Peppers,0.019806627241152727,0.016708908288744953,0.0024875621890547263,0.12559241706161137,7.516494488524415,1.0,0.0021566150709729478,1.124522603528861,0.8844777802271667,0.07310344827586207,0.11073374882647694,0.1372344107779967
Jalapeno Peppers,Bunched Cilantro,0.016708908288744953,0.019806627241152727,0.0024875621890547263,0.14887640449438203,7.516494488524416,1.0,0.0021566150709729478,1.151646338950989,0.8816913585806276,0.07310344827586207,0.1316778717753928,0.1372344107779967
Bunched Cilantro,Large Lemon,0.019806627241152727,0.0645827466441378,0.0030038486811226886,0.15165876777251186,2.348286123663618,1.0,0.001724682292132444,1.1026426841233907,0.5857594330588011,0.03690888119953864,0.09308789293332352,0.0990851978397443
Large Lemon,Bunched Cilantro,0.0645827466441378,0.019806627241152727,0.0030038486811226886,0.04651162790697675,2.348286123663618,1.0,0.001724682292132444,1.0280076836251326,0.6137982940291019,0.03690888119953864,0.02724462479343261,0.0990851978397443
Limes,Bunched Cilantro,0.059513751994743264,0.019806627241152727,0.006007697362245377,0.10094637223974764,5.096595751042805,1.0,0.004828930660763088,1.0902501725072091,0.8546542818644576,0.08194622279129321,0.08277932421662819,0.2021319538923857
Bunched Cilantro,Limes,0.019806627241152727,0.059513751994743264,0.006007697362245377,0.3033175355450237,5.096595751042804,1.0,0.004828930660763088,1.3499496484973412,0.820032680520973,0.08194622279129321,0.2592316305181293,0.2021319538923857
Bunched Cilantro,Organic Avocado,0.019806627241152727,0.07612879001220313,0.0034732000375481084,0.17535545023696683,2.303405192816779,1.0,0.0019653454714564102,1.1203265822265813,0.577294398401466,0.03756345177664975,0.10740313060093556,0.11048906913821215
Organic Avocado,Bunched Cilantro,0.07612879001220313,0.019806627241152727,0.0034732000375481084,0.04562268803945746,2.3034051928167787,1.0,0.0019653454714564102,1.0270501618958983,0.6124881231566864,0.03756345177664975,0.02633772224519635,0.11048906913821215
Bunched Cilantro,Organic Baby Spinach,0.019806627241152727,0.10452454707594105,0.002018210832629306,0.1018957345971564,0.9748498075110077,1.0,-5.2067908854178373e-05,0.9970729317518545,-0.025645365692759093,0.01650038372985418,-0.0029356611286223567,0.060602110675318205
Organic Baby Spinach,Bunched Cilantro,0.10452454707594105,0.019806627241152727,0.002018210832629306,0.019308486753480014,0.9748498075110076,1.0,-5.2067908854178373e-05,0.9994920518012606,-0.028003644407268474,0.01650038372985418,-0.0005082063412351469,0.060602110675318205
Bunched Cilantro,Organic Garlic,0.019806627241152727,0.04721674645639726,0.002018210832629306,0.1018957345971564,2.15804226772069,1.0,0.0010830063360274267,1.0608826728110827,0.5474603902843168,0.031046931407942235,0.05738869563187262,0.072319636682276
Organic Garlic,Bunched Cilantro,0.04721674645639726,0.019806627241152727,0.002018210832629306,0.042743538767395624,2.15804226772069,1.0,0.0010830063360274267,1.0239610934531678,0.5632099896895406,0.031046931407942235,0.023400394415731236,0.072319636682276
Carrots,Fresh Cauliflower,0.03163428142307331,0.029052848962733503,0.0024406270534121843,0.0771513353115727,2.6555514541976866,1.0,0.001521561053183029,1.052119581670607,0.6437964178125092,0.041901692183722805,0.04953769759502914,0.08057889867355694
Fresh Cauliflower,Carrots,0.029052848962733503,0.03163428142307331,0.0024406270534121843,0.08400646203554119,2.655551454197686,1.0,0.001521561053183029,1.0571752730143167,0.6420847726740316,0.041901692183722805,0.05408305933158397,0.08057889867355694
Carrots,Large Lemon,0.03163428142307331,0.0645827466441378,0.0028161081385525205,0.08902077151335312,1.3783986612380101,1.0,0.0007730793561368217,1.0268261054753276,0.28348843220886655,0.030150753768844223,0.026125266325313687,0.06631271133807191
Large Lemon,Carrots,0.0645827466441378,0.03163428142307331,0.0028161081385525205,0.043604651162790706,1.3783986612380101,1.0,0.0007730793561368217,1.0125161312780022,0.29347382505435693,0.030150753768844223,0.012361414195154071,0.06631271133807191
Carrots,Limes,0.03163428142307331,0.059513751994743264,0.0032854594949779407,0.10385756676557864,1.7451019854159453,1.0,0.0014027847158332417,1.0494829986018925,0.44091563729020117,0.03739316239316239,0.0471498811012785,0.07953130704209532
Limes,Carrots,0.059513751994743264,0.03163428142307331,0.0032854594949779407,0.05520504731861199,1.7451019854159453,1.0,0.0014027847158332417,1.0249480226673982,0.4539859980323101,0.03739316239316239,0.024340768620121515,0.07953130704209532
Carrots,Michigan Organic Kale,0.03163428142307331,0.028865108420163335,0.0026283675959823524,0.0830860534124629,2.8784251284649343,1.0,0.0017152406329113824,1.0591341697812457,0.673906345205783,0.0454176804541768,0.05583255782736139,0.0870714819907843
Michigan Organic Kale,Carrots,0.028865108420163335,0.03163428142307331,0.0026283675959823524,0.09105691056910568,2.8784251284649343,1.0,0.0017152406329113824,1.0653755222268513,0.6719847138507425,0.0454176804541768,0.061363829807355844,0.0870714819907843
Carrots,Organic Avocado,0.03163428142307331,0.07612879001220313,0.0030507838167652306,0.09643916913946587,1.2667897273029964,1.0,0.0006425042491211442,1.0224781535825536,0.21748292421033813,0.029134917077543704,0.021983993989304007,0.06825657593841358
Organic Avocado,Carrots,0.07612879001220313,0.03163428142307331,0.0030507838167652306,0.040073982737361284,1.2667897273029962,1.0,0.0006425042491211442,1.008792033096837,0.22795710690447551,0.029134917077543704,0.008715406950475936,0.06825657593841358
Carrots,Organic Baby Spinach,0.03163428142307331,0.10452454707594105,0.005726086548390125,0.18100890207715134,1.7317358184354676,1.0,0.002419527610570531,1.093388505925391,0.4363482796102187,0.04390068369917237,0.08541200627159633,0.11789556015397756
Organic Baby Spinach,Carrots,0.10452454707594105,0.03163428142307331,0.005726086548390125,0.05478221823080377,1.7317358184354676,1.0,0.002419527610570531,1.024489527444568,0.4718663297299666,0.04390068369917237,0.023904126678242786,0.11789556015397756
Carrots,Organic Garlic,0.03163428142307331,0.04721674645639726,0.00422416220782878,0.13353115727002965,2.8280465574505484,1.0,0.00273049436254521,1.0996162891924455,0.6675154021800009,0.05660377358490566,0.0905918638815395,0.111497188972987
Organic Garlic,Carrots,0.04721674645639726,0.03163428142307331,0.00422416220782878,0.08946322067594432,2.8280465574505484,1.0,0.00273049436254521,1.063510821930555,0.678432402846196,0.05660377358490566,0.05971807772982114,0.111497188972987
Carrots,Organic Ginger Root,0.03163428142307331,0.022575800244062704,0.002159016239556932,0.06824925816023739,3.0231157886944238,1.0,0.0014448470212851654,1.0490189659800984,0.6910771785491512,0.041478809738503146,0.04672838868485079,0.0819416768971665
Organic Ginger Root,Carrots,0.022575800244062704,0.03163428142307331,0.002159016239556932,0.09563409563409563,3.0231157886944233,1.0,0.0014448470212851654,1.0707676106563258,0.6846724776867268,0.041478809738503146,0.0660905409839105,0.0819416768971665
Carrots,Organic Hass Avocado,0.03163428142307331,0.0930723739791608,0.0046465784286116585,0.14688427299703263,1.5781726275717487,1.0,0.0017023007574413604,1.0630769042400794,0.37832375715276073,0.038702111024237686,0.059334281450850145,0.0984043150159142
Organic Hass Avocado,Carrots,0.0930723739791608,0.03163428142307331,0.0046465784286116585,0.049924357034795766,1.5781726275717487,1.0,0.0017023007574413604,1.0192511783110645,0.4039525828067981,0.038702111024237686,0.018887570326839794,0.0984043150159142
Carrots,Organic Italian Parsley Bunch,0.03163428142307331,0.025157232704402517,0.002065145968271848,0.06528189910979228,2.594955489614243,1.0,0.001269314989075035,1.0429270240590995,0.6347157108110966,0.03773584905660377,0.04116014166746433,0.07368572567429912
Organic Italian Parsley Bunch,Carrots,0.025157232704402517,0.03163428142307331,0.002065145968271848,0.08208955223880596,2.594955489614243,1.0,0.001269314989075035,1.0549675308073836,0.6304985337243401,0.03773584905660377,0.05210352849941837,0.07368572567429912
Carrots,Organic Lemon,0.03163428142307331,0.04003567070308833,0.0023936919177696423,0.07566765578635015,1.890005948633032,1.0,0.0011271922437866547,1.0385488891590986,0.4862843935557938,0.034552845528455285,0.037118030322396536,0.06772831792834506
Organic Lemon,Carrots,0.04003567070308833,0.03163428142307331,0.0023936919177696423,0.059788980070339975,1.8900059486330318,1.0,0.0011271922437866547,1.029945084720846,0.4905402438685346,0.034552845528455285,0.029074447914824716,0.06772831792834506
Carrots,Organic Raspberries,0.03163428142307331,0.06049938984323665,0.00211208110391439,0.06676557863501482,1.1035744130315173,1.0,0.00019822637968921878,1.0067144852872154,0.09691956399982758,0.02346193952033368,0.006669701673458851,0.050838181094078394
Organic Raspberries,Carrots,0.06049938984323665,0.03163428142307331,0.00211208110391439,0.03491078355314197,1.1035744130315175,1.0,0.00019822637968921878,1.0033950251170887,0.09989730950913936,0.02346193952033368,0.0033835379208628745,0.050838181094078394
Carrots,Organic Small Bunch Celery,0.03163428142307331,0.029193654369661128,0.0038017459870459025,0.1201780415430267,4.116580953562262,1.0,0.0028782257089481084,1.103412271424702,0.7818120239924556,0.06666666666666667,0.09372042898451591,0.1252015609644394
Organic Small Bunch Celery,Carrots,0.029193654369661128,0.03163428142307331,0.0038017459870459025,0.1302250803858521,4.116580953562262,1.0,0.0028782257089481084,1.113352083095838,0.7798465325378238,0.06666666666666667,0.10181153367104327,0.1252015609644394
Carrots,Organic Strawberries,0.03163428142307331,0.11090772552332676,0.004177227072186238,0.1320474777448071,1.1906066698395514,1.0,0.0006687408709883489,1.024355885465432,0.1653218955173811,0.030189959294436904,0.023776780912783627,0.0848557321013498
Organic Strawberries,Carrots,0.11090772552332676,0.03163428142307331,0.004177227072186238,0.037663986457892505,1.1906066698395514,1.0,0.0006687408709883489,1.00626569612897,0.18006236331703565,0.030189959294436904,0.0062266816339597575,0.0848557321013498
Carrots,Organic Whole Milk,0.03163428142307331,0.05749554116211396,0.0023467567821271003,0.07418397626112759,1.2902561618119057,1.0,0.0005279266524328917,1.018025649449896,0.23230903450949983,0.027041644131963225,0.01770647867235618,0.05750015139586992
Organic Whole Milk,Carrots,0.05749554116211396,0.03163428142307331,0.0023467567821271003,0.04081632653061224,1.2902561618119057,1.0,0.0005279266524328917,1.009572770431264,0.2386833325033614,0.027041644131963225,0.00948200140855101,0.05750015139586992
Carrots,Organic Yellow Onion,0.03163428142307331,0.04702900591382709,0.004881254106824369,0.1543026706231454,3.2810106789388582,1.0,0.0033935252986989836,1.1268464035334746,0.7179269693083187,0.06615776081424937,0.11256760738262096,0.12904754289640302
Organic Yellow Onion,Carrots,0.04702900591382709,0.03163428142307331,0.004881254106824369,0.10379241516966067,3.2810106789388582,1.0,0.0033935252986989836,1.0805149777439649,0.7295246863066013,0.06615776081424937,0.07451537405994525,0.12904754289640302
Carrots,Organic Zucchini,0.03163428142307331,0.042523232892143055,0.004130291936543696,0.13056379821958455,3.070410910448641,1.0,0.002785100020214755,1.1012616741138148,0.6963388734181677,0.05898123324396783,0.0919506021993367,0.11384702052259581
Organic Zucchini,Carrots,0.042523232892143055,0.03163428142307331,0.004130291936543696,0.09713024282560706,3.070410910448641,1.0,0.002785100020214755,1.072541981700117,0.7042580213903744,0.05898123324396783,0.06763556386401628,0.11384702052259581
Carrots,Yellow Onions,0.03163428142307331,0.0308363841171501,0.0025344973246972683,0.08011869436201781,2.5981870655664405,1.0,0.001559010471465354,1.0535746404920014,0.6352106759725992,0.0422866092404072,0.05085035120718443,0.0811552375919678
Yellow Onions,Carrots,0.0308363841171501,0.03163428142307331,0.0025344973246972683,0.0821917808219178,2.59818706556644,1.0,0.001559010471465354,1.0550850366584426,0.6346877169193019,0.0422866092404072,0.052209096655282124,0.0811552375919678
Organic Strawberries,"Clementines, Bag",0.11090772552332676,0.016943583966957665,0.0026753027316248944,0.024121878967414304,1.42365859634274,1.0,0.0007961283716361137,1.0073557290052382,0.3347058720019708,0.021372328458942633,0.00730201734446069,0.09100830790475978
"Clementines, Bag",Organic Strawberries,0.016943583966957665,0.11090772552332676,0.0026753027316248944,0.15789473684210525,1.4236585963427402,1.0,0.0007961283716361137,1.0557970759410495,0.30271345587650195,0.021372328458942633,0.05284829557925855,0.09100830790475978
Honeycrisp Apple,Cucumber Kirby,0.03646860039425514,0.043368065333708815,0.0035201351731906504,0.09652509652509653,2.2257182971468685,1.0,0.0019385625286636745,1.0588362011904675,0.5715504895513663,0.046125461254612546,0.05556685833400582,0.08884696384696385
Cucumber Kirby,Honeycrisp Apple,0.043368065333708815,0.03646860039425514,0.0035201351731906504,0.08116883116883117,2.2257182971468685,1.0,0.0019385625286636745,1.048649014411906,0.5756726523403003,0.046125461254612546,0.046392085190857656,0.08884696384696385
Large Lemon,Cucumber Kirby,0.0645827466441378,0.043368065333708815,0.0066178541255984226,0.10247093023255814,2.362819956206584,1.0,0.0038170253497050908,1.0658506413771796,0.6165985203531509,0.06530801296896711,0.061782241170389746,0.12753416641498036
Cucumber Kirby,Large Lemon,0.043368065333708815,0.0645827466441378,0.0066178541255984226,0.1525974025974026,2.362819956206584,1.0,0.0038170253497050908,1.1038640384429332,0.6029245663152928,0.06530801296896711,0.0940913326512925,0.12753416641498036
Limes,Cucumber Kirby,0.059513751994743264,0.043368065333708815,0.005115929785037079,0.0859621451104101,1.982153099266664,1.0,0.0025349335002749097,1.046599907814372,0.5268531075360485,0.05232837253960634,0.044525044829869374,0.10196375653788903
Cucumber Kirby,Limes,0.043368065333708815,0.059513751994743264,0.005115929785037079,0.11796536796536797,1.982153099266664,1.0,0.0025349335002749097,1.066269071358107,0.5179610719658199,0.05232837253960634,0.062150420694187546,0.10196375653788903
Michigan Organic Kale,Cucumber Kirby,0.028865108420163335,0.043368065333708815,0.00211208110391439,0.07317073170731707,1.6872030408615772,1.0,0.0008602571960841581,1.0321555084557352,0.4194094050553379,0.030120481927710843,0.031153743977828354,0.060936015204307886
Cucumber Kirby,Michigan Organic Kale,0.043368065333708815,0.028865108420163335,0.00211208110391439,0.0487012987012987,1.6872030408615772,1.0,0.0008602571960841581,1.0208516949030364,0.4257678343636541,0.030120481927710843,0.020425782713733992,0.060936015204307886
Organic Avocado,Cucumber Kirby,0.07612879001220313,0.043368065333708815,0.007509621702806721,0.09864364981504316,2.274568834371547,1.0,0.0042080633637812965,1.061324896052479,0.6065306848201585,0.06705783738474434,0.05778145436950788,0.13590191148760816
Cucumber Kirby,Organic Avocado,0.043368065333708815,0.07612879001220313,0.007509621702806721,0.17316017316017315,2.2745688343715473,1.0,0.0042080633637812965,1.1173520916606339,0.5857594936708861,0.06705783738474434,0.10502695841041707,0.13590191148760816
Organic Baby Arugula,Cucumber Kirby,0.03107105979536281,0.043368065333708815,0.0024875621890547263,0.08006042296072508,1.8460685839839919,1.0,0.0011400704378618587,1.039885616993571,0.4730050853096336,0.03457273320287019,0.03835577330984243,0.06870986516001622
Cucumber Kirby,Organic Baby Arugula,0.043368065333708815,0.03107105979536281,0.0024875621890547263,0.05735930735930736,1.8460685839839919,1.0,0.0011400704378618587,1.027887876864621,0.47908531945501304,0.03457273320287019,0.02713124407079067,0.06870986516001622
Organic Baby Carrots,Cucumber Kirby,0.03412184361212804,0.043368065333708815,0.0024406270534121843,0.07152682255845942,1.649297057825256,1.0,0.0009608287103348206,1.0303280244479907,0.4075887667413008,0.03252032520325203,0.029435309657076657,0.06390193941775785
Cucumber Kirby,Organic Baby Carrots,0.043368065333708815,0.03412184361212804,0.0024406270534121843,0.05627705627705627,1.6492970578252557,1.0,0.0009608287103348206,1.0234763950715524,0.4115282715518217,0.03252032520325203,0.022937895963796147,0.06390193941775785
Organic Baby Spinach,Cucumber Kirby,0.10452454707594105,0.043368065333708815,0.007368816295879095,0.07049842837898518,1.6255838907388076,1.0,0.0028357889093133604,1.0291880765709325,0.4297565302565297,0.052438209752839006,0.02836029413417026,0.12020592414620254
Cucumber Kirby,Organic Baby Spinach,0.043368065333708815,0.10452454707594105,0.007368816295879095,0.1699134199134199,1.6255838907388076,1.0,0.0028357889093133604,1.078773557368749,0.40228264354647875,0.052438209752839006,0.07302140178601207,0.12020592414620254
Organic Fuji Apple,Cucumber Kirby,0.03867455176945461,0.043368065333708815,0.0034732000375481084,0.08980582524271845,2.070782372966839,1.0,0.0017959595496584969,1.0510196188866985,0.5378935228559288,0.04420549581839904,0.04854297481215579,0.08494620266464926
Cucumber Kirby,Organic Fuji Apple,0.043368065333708815,0.03867455176945461,0.0034732000375481084,0.08008658008658008,2.070782372966839,1.0,0.0017959595496584969,1.045017310782381,0.5405325843948158,0.04420549581839904,0.04307805269625404,0.08494620266464926
Organic Garlic,Cucumber Kirby,0.04721674645639726,0.043368065333708815,0.0025814324603398104,0.054671968190854875,1.260650383413803,1.0,0.0005337335151736101,1.0119576511822175,0.2170049261083745,0.029333333333333333,0.011816355326972523,0.0570978888573322
Cucumber Kirby,Organic Garlic,0.043368065333708815,0.04721674645639726,0.0025814324603398104,0.05952380952380952,1.260650383413803,1.0,0.0005337335151736101,1.0130859911096535,0.21613188107153383,0.029333333333333333,0.012916959887403236,0.0570978888573322
Organic Grape Tomatoes,Cucumber Kirby,0.034966676053693795,0.043368065333708815,0.0028161081385525205,0.08053691275167786,1.8570556959818707,1.0,0.0012996710469532966,1.0404245128852363,0.47823549438256896,0.03729024238657551,0.03885386434536594,0.0727359888433714
Cucumber Kirby,Organic Grape Tomatoes,0.043368065333708815,0.034966676053693795,0.0028161081385525205,0.06493506493506493,1.8570556959818703,1.0,0.0012996710469532966,1.0320495269981331,0.48243548228829364,0.03729024238657551,0.03105425288198499,0.0727359888433714
Organic Hass Avocado,Cucumber Kirby,0.0930723739791608,0.043368065333708815,0.0037548108514033605,0.040342914775592535,0.9302447426501889,1.0,-0.00028155794408826545,0.9968476754825304,-0.07636713008439037,0.028298549699327907,-0.0031622930915133677,0.06346150067783955
Cucumber Kirby,Organic Hass Avocado,0.043368065333708815,0.0930723739791608,0.0037548108514033605,0.08658008658008658,0.930244742650189,1.0,-0.00028155794408826545,0.9928923299090704,-0.07268769065931448,0.028298549699327907,-0.007158550707689038,0.06346150067783955
Organic Peeled Whole Baby Carrots,Cucumber Kirby,0.023232892143058292,0.043368065333708815,0.002065145968271848,0.08888888888888888,2.0496392496392493,1.0,0.0010575803839206858,1.0499618795117829,0.524290038921724,0.031999999999999994,0.04758446995715172,0.06825396825396825
Cucumber Kirby,Organic Peeled Whole Baby Carrots,0.043368065333708815,0.023232892143058292,0.002065145968271848,0.047619047619047616,2.0496392496392497,1.0,0.0010575803839206858,1.0256054632497889,0.5353252870179569,0.031999999999999994,0.024966192329605907,0.06825396825396825
Organic Raspberries,Cucumber Kirby,0.06049938984323665,0.043368065333708815,0.0023936919177696423,0.0395655546935609,0.9123200306287971,1.0,-0.0002300495736013643,0.9960408431218493,-0.0928021668946066,0.02358926919518964,-0.003974894107496393,0.047380179944183046
Cucumber Kirby,Organic Raspberries,0.043368065333708815,0.06049938984323665,0.0023936919177696423,0.05519480519480519,0.9123200306287971,1.0,-0.0002300495736013643,0.9943855255267461,-0.09129198749554172,0.02358926919518964,-0.005646174777413229,0.047380179944183046
Organic Small Bunch Celery,Cucumber Kirby,0.029193654369661128,0.043368065333708815,0.002205951375199474,0.07556270096463022,1.7423581241909214,1.0,0.0009398790651662966,1.0348261971520576,0.43887761945711967,0.03135423615743829,0.03365415105251749,0.06321425091521554
Cucumber Kirby,Organic Small Bunch Celery,0.043368065333708815,0.029193654369661128,0.002205951375199474,0.050865800865800864,1.7423581241909216,1.0,0.0009398790651662966,1.022833595624211,0.4453804671205507,0.03135423615743829,0.022323861595762582,0.06321425091521554
Organic Strawberries,Cucumber Kirby,0.11090772552332676,0.043368065333708815,0.005773021684032667,0.052052475666525606,1.200248968128782,1.0,0.000963168197523988,1.009161277507342,0.18765152968533344,0.0388748419721871,0.009078110418555321,0.09258467939170435
Cucumber Kirby,Organic Strawberries,0.043368065333708815,0.11090772552332676,0.005773021684032667,0.1331168831168831,1.2002489681287818,1.0,0.000963168197523988,1.0256195525798328,0.1744030481223271,0.0388748419721871,0.024979586743826828,0.09258467939170435
Organic Tomato Cluster,Cucumber Kirby,0.02787947057166995,0.043368065333708815,0.002159016239556932,0.07744107744107744,1.785670558397831,1.0,0.0009499375383355375,1.036933155459447,0.4526046652224293,0.031249999999999993,0.035617682070434496,0.0636123136123136
Cucumber Kirby,Organic Tomato Cluster,0.043368065333708815,0.02787947057166995,0.002159016239556932,0.04978354978354978,1.785670558397831,1.0,0.0009499375383355375,1.0230516733391537,0.45993267717039327,0.031249999999999993,0.02253226688336769,0.0636123136123136
Organic Whole Milk,Cucumber Kirby,0.05749554116211396,0.043368065333708815,0.0034732000375481084,0.06040816326530612,1.3929181023058572,1.0,0.0009797296520326058,1.018135638545792,0.29929057587042746,0.03566265060240964,0.01781259574774861,0.0702473716759431
Cucumber Kirby,Organic Whole Milk,0.043368065333708815,0.05749554116211396,0.0034732000375481084,0.08008658008658008,1.3929181023058572,1.0,0.0009797296520326058,1.0245577881955372,0.2948706728512439,0.03566265060240964,0.023969158673605658,0.0702473716759431
Organic Zucchini,Cucumber Kirby,0.042523232892143055,0.043368065333708815,0.0030977189524077726,0.07284768211920531,1.6797540208136237,1.0,0.0012535686101407969,1.0317958723900713,0.4226470588235295,0.037414965986394565,0.03081604922145954,0.07213812677388837
Cucumber Kirby,Organic Zucchini,0.043368065333708815,0.042523232892143055,0.0030977189524077726,0.07142857142857142,1.6797540208136235,1.0,0.0012535686101407969,1.0311288261161535,0.42302031204003543,0.037414965986394565,0.030189075630252103,0.07213812677388837
Original Hummus,Cucumber Kirby,0.03191589223692856,0.043368065333708815,0.0028161081385525205,0.08823529411764706,2.034568372803667,1.0,0.0014319776388377926,1.049209218666255,0.5252593813633278,0.038860103626943,0.04690124504320422,0.07658517952635599
Cucumber Kirby,Original Hummus,0.043368065333708815,0.03191589223692856,0.0028161081385525205,0.06493506493506493,2.0345683728036668,1.0,0.0014319776388377926,1.0353121708021735,0.5315474438229811,0.038860103626943,0.03410775203657973,0.07658517952635599
Red Onion,Cucumber Kirby,0.017929221815451046,0.043368065333708815,0.002018210832629306,0.112565445026178,2.5955837356360916,1.0,0.0012406551695542678,1.0779746284440213,0.6259530615783367,0.034045922406967535,0.07233438189224554,0.07955112078148727
Cucumber Kirby,Red Onion,0.043368065333708815,0.017929221815451046,0.002018210832629306,0.04653679653679653,2.5955837356360916,1.0,0.0012406551695542678,1.0300038581640445,0.6425984623915767,0.034045922406967535,0.02912985026825592,0.07955112078148727
Red Peppers,Cucumber Kirby,0.023749178635126256,0.043368065333708815,0.002252886510842016,0.09486166007905138,2.1873620450695546,1.0,0.0012229305801719392,1.0568903033649417,0.5560336538461538,0.03473227206946454,0.05382801146326507,0.07340485601355166
Cucumber Kirby,Red Peppers,0.043368065333708815,0.023749178635126256,0.002252886510842016,0.051948051948051945,2.1873620450695546,1.0,0.0012229305801719392,1.0297440170560996,0.5674369541752526,0.03473227206946454,0.028884865134865132,0.07340485601355166
Red Vine Tomato,Cucumber Kirby,0.022763540786632872,0.043368065333708815,0.0027222378672674364,0.11958762886597939,2.7575043513187842,1.0,0.0017350271432061968,1.0865725721619466,0.6521996194160737,0.04293116210214656,0.0796749102452437,0.09117909581827108
Cucumber Kirby,Red Vine Tomato,0.043368065333708815,0.022763540786632872,0.0027222378672674364,0.06277056277056277,2.7575043513187842,1.0,0.0017350271432061968,1.042686476112184,0.6662470942921239,0.04293116210214656,0.0409389371494938,0.09117909581827108
Roma Tomato,Cucumber Kirby,0.017412935323383085,0.043368065333708815,0.00211208110391439,0.12129380053908355,2.7968460111317253,1.0,0.0013569157871582665,1.0886823550956872,0.6538396624472573,0.036,0.08145842970688423,0.08499754962019113
Cucumber Kirby,Roma Tomato,0.043368065333708815,0.017412935323383085,0.00211208110391439,0.0487012987012987,2.7968460111317253,1.0,0.0013569157871582665,1.0328901567249078,0.6715794982500899,0.036,0.031842840703600196,0.08499754962019113
Seedless Red Grapes,Cucumber Kirby,0.03482587064676617,0.043368065333708815,0.0025344973246972683,0.07277628032345013,1.678107606679035,1.0,0.001024166691185021,1.0317164179104479,0.41867124856815574,0.033498759305210915,0.030741410488245923,0.06560891938250428
Cucumber Kirby,Seedless Red Grapes,0.043368065333708815,0.03482587064676617,0.0025344973246972683,0.05844155844155844,1.6781076066790352,1.0,0.001024166691185021,1.0250814891061932,0.4224097515236756,0.033498759305210915,0.024467800240996113,0.06560891938250428
Strawberries,Cucumber Kirby,0.06242373040458087,0.043368065333708815,0.004130291936543696,0.06616541353383458,1.5256713211600428,1.0,0.0014230955179840078,1.0244126192481218,0.36749098918702433,0.04062788550323176,0.023830845881261876,0.08070175438596491
Cucumber Kirby,Strawberries,0.043368065333708815,0.06242373040458087,0.004130291936543696,0.09523809523809523,1.5256713211600428,1.0,0.0014230955179840078,1.0362685085002001,0.36017073888725337,0.04062788550323176,0.03499914182733565,0.08070175438596491
Yellow Onions,Cucumber Kirby,0.0308363841171501,0.043368065333708815,0.00211208110391439,0.0684931506849315,1.5793453122220245,1.0,0.0007747667828664837,1.0269725180976361,0.37849774807496717,0.029296875,0.02626410894383037,0.058597224693115096
Cucumber Kirby,Yellow Onions,0.043368065333708815,0.0308363841171501,0.00211208110391439,0.0487012987012987,1.5793453122220242,1.0,0.0007747667828664837,1.0187795006550096,0.38345599057992336,0.029296875,0.018433331886767882,0.058597224693115096
Large Lemon,Extra Virgin Olive Oil,0.0645827466441378,0.022341124565849996,0.002159016239556932,0.03343023255813954,1.4963540648817668,1.0,0.0007161650519755189,1.0114726410506694,0.3546107026767599,0.02547065337763012,0.011342512476414835,0.0650344440101622
Extra Virgin Olive Oil,Large Lemon,0.022341124565849996,0.0645827466441378,0.002159016239556932,0.09663865546218486,1.4963540648817666,1.0,0.0007161650519755189,1.0354851455753264,0.3392890688597132,0.02547065337763012,0.03426910151918268,0.0650344440101622
Organic Avocado,Extra Virgin Olive Oil,0.07612879001220313,0.022341124565849996,0.0023936919177696423,0.03144266337854501,1.407389466267395,1.0,0.0006928891370595752,1.0093970056996762,0.31331707647497126,0.024914509037616023,0.009309524049125299,0.06929276026070108
Extra Virgin Olive Oil,Organic Avocado,0.022341124565849996,0.07612879001220313,0.0023936919177696423,0.10714285714285714,1.4073894662673947,1.0,0.0006928891370595752,1.0347357551863323,0.296079372699632,0.024914509037616023,0.03356968676517549,0.06929276026070108
Organic Baby Spinach,Extra Virgin Olive Oil,0.10452454707594105,0.022341124565849996,0.0026753027316248944,0.025594970812752582,1.145643798606106,1.0,0.0003401068052122434,1.0033393159409456,0.14196742445767963,0.021541950113378682,0.0033282020228759725,0.07267143498620823
Extra Virgin Olive Oil,Organic Baby Spinach,0.022341124565849996,0.10452454707594105,0.0026753027316248944,0.11974789915966387,1.145643798606106,1.0,0.0003401068052122434,1.0172943092884297,0.13003343692885594,0.021541950113378682,0.01700030082791542,0.07267143498620823
Organic Garlic,Extra Virgin Olive Oil,0.04721674645639726,0.022341124565849996,0.002159016239556932,0.04572564612326044,2.0467029754247625,1.0,0.0011041410253804047,1.0245050298820364,0.5367530520454059,0.032033426183844006,0.023918896605961925,0.07118215079272265
Extra Virgin Olive Oil,Organic Garlic,0.022341124565849996,0.04721674645639726,0.002159016239556932,0.09663865546218486,2.046702975424762,1.0,0.0011041410253804047,1.0547089039226858,0.5230958692521238,0.032033426183844006,0.05187109326489216,0.07118215079272265
Organic Hass Avocado,Extra Virgin Olive Oil,0.0930723739791608,0.022341124565849996,0.002018210832629306,0.02168431669188099,0.9706009483975133,1.0,-6.113066807850089e-05,0.9993286340133605,-0.03231858790481213,0.01779801324503311,-0.0006718170217370939,0.056010225572831245
Extra Virgin Olive Oil,Organic Hass Avocado,0.022341124565849996,0.0930723739791608,0.002018210832629306,0.0903361344537815,0.9706009483975132,1.0,-6.113066807850089e-05,0.996992032300045,-0.030050680065840753,0.01779801324503311,-0.003017042867449739,0.056010225572831245
Organic Strawberries,Extra Virgin Olive Oil,0.11090772552332676,0.022341124565849996,0.002205951375199474,0.019889970376639865,0.8902851026148928,1.0,-0.00027185193603226996,0.9974991030444285,-0.12173494441797456,0.016833810888252147,-0.0025071671221944813,0.059314733087479594
Extra Virgin Olive Oil,Organic Strawberries,0.022341124565849996,0.11090772552332676,0.002205951375199474,0.09873949579831932,0.8902851026148928,1.0,-0.00027185193603226996,0.9864986541978938,-0.11194140868782756,0.016833810888252147,-0.013686126934540903,0.059314733087479594
Fresh Cauliflower,Large Lemon,0.029052848962733503,0.0645827466441378,0.002159016239556932,0.07431340872374798,1.1506696847879176,1.0,0.0002827034557063128,1.0105118321592998,0.13485890109520576,0.023601847101077475,0.010402483003922453,0.05387182064094376
Large Lemon,Fresh Cauliflower,0.0645827466441378,0.029052848962733503,0.002159016239556932,0.03343023255813954,1.1506696847879176,1.0,0.0002827034557063128,1.0045287818250215,0.13998123868321732,0.023601847101077475,0.00450836442614787,0.05387182064094376
Fresh Cauliflower,Limes,0.029052848962733503,0.059513751994743264,0.0023467567821271003,0.08077544426494346,1.357256794565367,1.0,0.0006177127342182444,1.02313003078252,0.271095857301687,0.027218290691344585,0.022607127233700237,0.06010381046054744
Limes,Fresh Cauliflower,0.059513751994743264,0.029052848962733503,0.0023467567821271003,0.03943217665615142,1.3572567945653669,1.0,0.0006177127342182444,1.0108054084690097,0.27987623515320886,0.027218290691344585,0.010689899735870938,0.06010381046054744
Fresh Cauliflower,Organic Avocado,0.029052848962733503,0.07612879001220313,0.0028630432741950625,0.09854604200323101,1.294464840271788,1.0,0.0006512850362548703,1.0248678834810865,0.23428667881230564,0.027981651376146794,0.02426447728717944,0.0680769667476081
Organic Avocado,Fresh Cauliflower,0.07612879001220313,0.029052848962733503,0.0028630432741950625,0.03760789149198521,1.294464840271788,1.0,0.0006512850362548703,1.0088893523269995,0.24622477771744394,0.027981651376146794,0.008811027994790777,0.0680769667476081
Fresh Cauliflower,Organic Baby Spinach,0.029052848962733503,0.10452454707594105,0.005115929785037079,0.17609046849757673,1.6846805216925773,1.0,0.0020791939059416355,1.0868613830588087,0.41857648489965993,0.039824625502374866,0.07991946757216677,0.11251761862238513
Organic Baby Spinach,Fresh Cauliflower,0.10452454707594105,0.029052848962733503,0.005115929785037079,0.04894476874719353,1.6846805216925773,1.0,0.0020791939059416355,1.020915630481583,0.4538545910749654,0.039824625502374866,0.020487129256426997,0.11251761862238513
Fresh Cauliflower,Organic Cilantro,0.029052848962733503,0.02900591382709096,0.002205951375199474,0.07592891760904684,2.6177047226186927,1.0,0.0013632469417549373,1.0507785652815222,0.6364774259505147,0.03949579831932773,0.048324706041103636,0.07599034877216096
Organic Cilantro,Fresh Cauliflower,0.02900591382709096,0.029052848962733503,0.002205951375199474,0.07605177993527508,2.6177047226186927,1.0,0.0013632469417549373,1.0508674944676544,0.6364466604136841,0.03949579831932773,0.04840524113215888,0.07599034877216096
Fresh Cauliflower,Organic Cucumber,0.029052848962733503,0.03355862198441754,0.002018210832629306,0.06946688206785137,2.0700159291435543,1.0,0.0010432372567185553,1.0385889114438291,0.5323790584132714,0.03330751355538342,0.0371551352210986,0.06480337110385576
Organic Cucumber,Fresh Cauliflower,0.03355862198441754,0.029052848962733503,0.002018210832629306,0.06013986013986013,2.070015929143554,1.0,0.0010432372567185553,1.0330762098089963,0.534861132601396,0.03330751355538342,0.03201720211436457,0.06480337110385576
Fresh Cauliflower,Organic Garlic,0.029052848962733503,0.04721674645639726,0.0031915892236928567,0.1098546042003231,2.326602581602469,1.0,0.0018198082203834647,1.0703681196796553,0.5872500206153908,0.043673731535003216,0.06574198015231941,0.08872451879996274
Organic Garlic,Fresh Cauliflower,0.04721674645639726,0.029052848962733503,0.0031915892236928567,0.06759443339960239,2.326602581602469,1.0,0.0018198082203834647,1.0413356438629957,0.5984453781512605,0.043673731535003216,0.03969483240740216,0.08872451879996274
Fresh Cauliflower,Organic Hass Avocado,0.029052848962733503,0.0930723739791608,0.00445883788604149,0.15347334410339256,1.6489677606993858,1.0,0.0017548202622218842,1.0713515276849226,0.40533617603732836,0.03789389708815317,0.06659954817921036,0.10069027769970434
Organic Hass Avocado,Fresh Cauliflower,0.0930723739791608,0.029052848962733503,0.00445883788604149,0.04790721129601614,1.6489677606993858,1.0,0.0017548202622218842,1.0198030723023832,0.43394863497822345,0.03789389708815317,0.019418525831339482,0.10069027769970434
Fresh Cauliflower,Organic Lemon,0.029052848962733503,0.04003567070308833,0.002018210832629306,0.06946688206785137,1.7351247237252536,1.0,0.0008550605385707461,1.0316283330465075,0.436349757908854,0.030090972708187544,0.030658651021250736,0.05993859929887293
Organic Lemon,Fresh Cauliflower,0.04003567070308833,0.029052848962733503,0.002018210832629306,0.050410316529894486,1.7351247237252534,1.0,0.0008550605385707461,1.0224912590552941,0.4413419763291675,0.030090972708187544,0.021996529413928163,0.05993859929887293
Fresh Cauliflower,Organic Raspberries,0.029052848962733503,0.06049938984323665,0.002252886510842016,0.07754442649434572,1.2817389843976181,1.0,0.0004952068753889284,1.0184778943730937,0.22638714329450044,0.025806451612903222,0.018142656286582896,0.05739129780884858
Organic Raspberries,Fresh Cauliflower,0.06049938984323665,0.029052848962733503,0.002252886510842016,0.037238169123351435,1.2817389843976181,1.0,0.0004952068753889284,1.008501915944429,0.23396467169572516,0.025806451612903222,0.008430242729353006,0.05739129780884858
Fresh Cauliflower,Organic Strawberries,0.029052848962733503,0.11090772552332676,0.00422416220782878,0.1453957996768982,1.310961873853573,1.0,0.0010019768093992645,1.0403556103989806,0.24429888872775707,0.03112033195020747,0.03879020788238363,0.09174148849693407
Organic Strawberries,Fresh Cauliflower,0.11090772552332676,0.029052848962733503,0.00422416220782878,0.03808717731696995,1.310961873853573,1.0,0.0010019768093992645,1.009392044831087,0.26679042976883866,0.03112033195020747,0.009304655093312793,0.09174148849693407
Fresh Cauliflower,Organic Whole Milk,0.029052848962733503,0.05749554116211396,0.00211208110391439,0.0726978998384491,1.264409350169793,1.0,0.00044167183050086625,1.0163941812206472,0.21537412116036367,0.025013896609227346,0.016129747221652134,0.05471629685800006
Organic Whole Milk,Fresh Cauliflower,0.05749554116211396,0.029052848962733503,0.00211208110391439,0.03673469387755102,1.264409350169793,1.0,0.00044167183050086625,1.0079747966276706,0.2218736340045039,0.025013896609227346,0.00791170240997254,0.05471629685800006
Fresh Cauliflower,Organic Yellow Onion,0.029052848962733503,0.04702900591382709,0.0030038486811226886,0.10339256865912763,2.1984850976560613,1.0,0.0016375220754407695,1.0628631447555694,0.5614531469038527,0.04110468850353244,0.05914509790442146,0.08363241207407479
Organic Yellow Onion,Fresh Cauliflower,0.04702900591382709,0.029052848962733503,0.0030038486811226886,0.06387225548902196,2.1984850976560613,1.0,0.0016375220754407695,1.0371951442850118,0.5720439937943262,0.04110468850353244,0.03586127884415826,0.08363241207407479
Organic Zucchini,Fresh Cauliflower,0.042523232892143055,0.029052848962733503,0.0031446540880503146,0.0739514348785872,2.5454107779049737,1.0,0.001909233025427741,1.0484840510605047,0.6341000877963127,0.045953360768175584,0.04624204918659926,0.09109526509680571
Fresh Cauliflower,Organic Zucchini,0.029052848962733503,0.042523232892143055,0.0031446540880503146,0.10823909531502424,2.545410777904974,1.0,0.001909233025427741,1.0736922442749337,0.625302933776999,0.045953360768175584,0.06863441984225033,0.09109526509680571
Garlic,Large Lemon,0.015488594762038862,0.0645827466441378,0.0029099784098376045,0.1878787878787879,2.9091173361522205,1.0,0.001909682418447129,1.1518197522665468,0.6665774710267958,0.037712895377128956,0.13180860283720297,0.1164684637068358
Large Lemon,Garlic,0.0645827466441378,0.015488594762038862,0.0029099784098376045,0.045058139534883725,2.90911733615222,1.0,0.001909682418447129,1.0309647592141815,0.7015619183270478,0.037712895377128956,0.03003474070033527,0.1164684637068358
Garlic,Limes,0.015488594762038862,0.059513751994743264,0.0027222378672674364,0.17575757575757575,2.9532262689991398,1.0,0.0018004534798523762,1.14103110971226,0.6717923932770458,0.03766233766233767,0.12359970601312052,0.1107494503393557
Limes,Garlic,0.059513751994743264,0.015488594762038862,0.0027222378672674364,0.04574132492113565,2.9532262689991398,1.0,0.0018004534798523762,1.031702861026227,0.7032397066263755,0.03766233766233767,0.030728674140432687,0.1107494503393557
Grape White/Green Seedless,Organic Baby Spinach,0.01614568666103445,0.10452454707594105,0.0023936919177696423,0.14825581395348839,1.4183827445410973,1.0,0.0007060713322949534,1.0513431938767108,0.29981235887160895,0.02023809523809524,0.048835807541958355,0.08557828865613351
Organic Baby Spinach,Grape White/Green Seedless,0.10452454707594105,0.01614568666103445,0.0023936919177696423,0.022900763358778622,1.418382744541097,1.0,0.0007060713322949534,1.0069133988078476,0.32940230969477785,0.02023809523809524,0.006865931882555928,0.08557828865613351
Organic Strawberries,Grape White/Green Seedless,0.11090772552332676,0.01614568666103445,0.0025814324603398104,0.023275497249259418,1.441592280211399,1.0,0.0007907510757521638,1.0072997150866445,0.34453408071103275,0.020739064856711918,0.007246815398946722,0.091579609089746
Grape White/Green Seedless,Organic Strawberries,0.01614568666103445,0.11090772552332676,0.0025814324603398104,0.15988372093023256,1.4415922802113987,1.0,0.0007907510757521638,1.0582966865743102,0.31134954159474737,0.020739064856711918,0.05508539081135697,0.091579609089746
Grated Parmesan,Large Lemon,0.02032291373322069,0.0645827466441378,0.0023936919177696423,0.11778290993071593,1.8237519469359258,1.0,0.0010811823290663818,1.0603028028876658,0.46104969080048064,0.02901023890784983,0.056873190114592756,0.07742343170954401
Large Lemon,Grated Parmesan,0.0645827466441378,0.02032291373322069,0.0023936919177696423,0.037063953488372096,1.8237519469359258,1.0,0.0010811823290663818,1.0173854118513874,0.48286453567879734,0.02901023890784983,0.01708832429565735,0.07742343170954401
Grated Parmesan,Organic Avocado,0.02032291373322069,0.07612879001220313,0.002205951375199474,0.10854503464203231,1.425807958127707,1.0,0.0006587925431669971,1.0363633003230985,0.3048384811489137,0.023406374501992032,0.035087406425682824,0.06876080338760063
Organic Avocado,Grated Parmesan,0.07612879001220313,0.02032291373322069,0.002205951375199474,0.028976572133168926,1.425807958127707,1.0,0.0006587925431669971,1.0089118945553752,0.32325206345363117,0.023406374501992032,0.008833174237977153,0.06876080338760063
Grated Parmesan,Organic Baby Spinach,0.02032291373322069,0.10452454707594105,0.0036609405801182764,0.18013856812933024,1.723409219830943,1.0,0.0015366972268899613,1.0922278059608945,0.428462361509839,0.030209140201394265,0.08444008242379109,0.10758163251549584
Organic Baby Spinach,Grated Parmesan,0.10452454707594105,0.02032291373322069,0.0036609405801182764,0.03502469690166143,1.723409219830943,1.0,0.0015366972268899613,1.0152353983788356,0.4687507139679684,0.030209140201394265,0.015006764345652198,0.10758163251549584
Grated Parmesan,Organic Garlic,0.02032291373322069,0.04721674645639726,0.0025814324603398104,0.12702078521939952,2.69016386668442,1.0,0.0016218505953430953,1.0914157375248148,0.6413086937017374,0.039739884393063585,0.08375885960022297,0.0908463767051272
Organic Garlic,Grated Parmesan,0.04721674645639726,0.02032291373322069,0.0025814324603398104,0.054671968190854875,2.69016386668442,1.0,0.0016218505953430953,1.0363355928332072,0.6594106583072101,0.039739884393063585,0.035061608502580076,0.0908463767051272
Organic Hass Avocado,Grated Parmesan,0.0930723739791608,0.02032291373322069,0.0027222378672674364,0.02924861321230459,1.439193887070119,1.0,0.0008307360399428974,1.0091946296452068,0.33648394712750745,0.024597116200169637,0.009110858673950154,0.08159890244910842
Grated Parmesan,Organic Hass Avocado,0.02032291373322069,0.0930723739791608,0.0027222378672674364,0.13394919168591224,1.439193887070119,1.0,0.0008307360399428974,1.0471990988453956,0.31149711638695093,0.024597116200169637,0.04507175273301487,0.08159890244910842
Grated Parmesan,Organic Raspberries,0.02032291373322069,0.06049938984323665,0.002205951375199474,0.10854503464203231,1.79415089843533,1.0,0.0009764274945028878,1.0538957621706697,0.4518154879917148,0.028059701492537312,0.05113955678089326,0.07250370428765696
Organic Raspberries,Grated Parmesan,0.06049938984323665,0.02032291373322069,0.002205951375199474,0.03646237393328161,1.79415089843533,1.0,0.0009764274945028878,1.016750212719709,0.4711367677899317,0.028059701492537312,0.01647426527200201,0.07250370428765696
Organic Strawberries,Grated Parmesan,0.11090772552332676,0.02032291373322069,0.0031915892236928567,0.028776978417266192,1.4159868410121788,1.0,0.0009376210855345686,1.0087045554894987,0.3304254869872777,0.024926686217008803,0.008629440049742417,0.09291042916244373
Grated Parmesan,Organic Strawberries,0.02032291373322069,0.11090772552332676,0.0031915892236928567,0.15704387990762125,1.4159868410121788,1.0,0.0009376210855345686,1.0547313831463,0.29987304172854895,0.024926686217008803,0.05189130049684731,0.09291042916244373
Grated Parmesan,Organic Whole Milk,0.02032291373322069,0.05749554116211396,0.002065145968271848,0.10161662817551961,1.767382759108262,1.0,0.0008966690451893669,1.0491116469840736,0.44319869513900073,0.02726146220570012,0.04681260295341969,0.06876749776122919
Organic Whole Milk,Grated Parmesan,0.05749554116211396,0.02032291373322069,0.002065145968271848,0.03591836734693877,1.7673827591082618,1.0,0.0008966690451893669,1.0161764866018668,0.46067856997342577,0.02726146220570012,0.015918973539686552,0.06876749776122919
Organic Yellow Onion,Grated Parmesan,0.04702900591382709,0.02032291373322069,0.002205951375199474,0.046906187624750496,2.308044419244651,1.0,0.0012501849450536405,1.0278915606694377,0.5947009707761178,0.03386167146974063,0.027134730682361618,0.07772561113339141
Grated Parmesan,Organic Yellow Onion,0.02032291373322069,0.04702900591382709,0.002205951375199474,0.10854503464203231,2.308044419244651,1.0,0.0012501849450536405,1.0690063223816395,0.5784893647601349,0.03386167146974063,0.06455183747454396,0.07772561113339141
Green Bell Pepper,Large Lemon,0.02243499483713508,0.0645827466441378,0.002065145968271848,0.09205020920502091,1.4253065096818138,1.0,0.0006162323807426138,1.0302521822675166,0.30524468809469774,0.024309392265193366,0.029363861380942078,0.06201347669553371
Large Lemon,Green Bell Pepper,0.0645827466441378,0.02243499483713508,0.002065145968271848,0.03197674418604651,1.4253065096818138,1.0,0.0006162323807426138,1.009856942270347,0.3189983122747799,0.024309392265193366,0.009760731305353706,0.06201347669553371
Limes,Green Bell Pepper,0.059513751994743264,0.02243499483713508,0.002159016239556932,0.0362776025236593,1.6170096221110566,1.0,0.0008238255208163296,1.0143636878449367,0.40572043552033743,0.02705882352941176,0.014160293804930146,0.06625595607354512
Green Bell Pepper,Limes,0.02243499483713508,0.059513751994743264,0.002159016239556932,0.09623430962343095,1.6170096221110566,1.0,0.0008238255208163296,1.0406306170058164,0.3903315770576398,0.02705882352941176,0.0390442260124174,0.06625595607354512
Green Bell Pepper,Organic Avocado,0.02243499483713508,0.07612879001220313,0.0023467567821271003,0.10460251046025104,1.3740203994242348,1.0,0.0006388077712459824,1.0318000896592685,0.2784559247167275,0.024390243902439025,0.030820010560155906,0.06771432551372601
Organic Avocado,Green Bell Pepper,0.07612879001220313,0.02243499483713508,0.0023467567821271003,0.030826140567200986,1.3740203994242348,1.0,0.0006388077712459824,1.0086580396782232,0.2946393009550904,0.024390243902439025,0.008583721477087776,0.06771432551372601
Green Bell Pepper,Organic Baby Spinach,0.02243499483713508,0.10452454707594105,0.0031446540880503146,0.1401673640167364,1.3409994870860287,1.0,0.0007996464140476943,1.0414532031574215,0.26012342741831457,0.025398028809704324,0.039803231707143234,0.08512634029305613
Organic Baby Spinach,Green Bell Pepper,0.10452454707594105,0.02243499483713508,0.0031446540880503146,0.030085316569375842,1.3409994870860287,1.0,0.0007996464140476943,1.007887623378565,0.2839693247166338,0.025398028809704324,0.007825895660991055,0.08512634029305613
Green Bell Pepper,Organic Cilantro,0.02243499483713508,0.02900591382709096,0.002159016239556932,0.09623430962343095,3.3177478977942068,1.0,0.0015082687125997614,1.0743869749783577,0.7146232913886824,0.0438095238095238,0.06923666864060421,0.08533398329067987
Organic Cilantro,Green Bell Pepper,0.02900591382709096,0.02243499483713508,0.002159016239556932,0.07443365695792879,3.3177478977942068,1.0,0.0015082687125997614,1.0561803727109276,0.7194592958741047,0.0438095238095238,0.05319202492537117,0.08533398329067987
Green Bell Pepper,Organic Garlic,0.02243499483713508,0.04721674645639726,0.00211208110391439,0.09414225941422594,1.9938319871565586,1.0,0.0010527736409388015,1.0518022983691504,0.5098926658557923,0.03127171646977067,0.04925098419110827,0.06943693487609905
Organic Garlic,Green Bell Pepper,0.04721674645639726,0.02243499483713508,0.00211208110391439,0.04473161033797216,1.9938319871565584,1.0,0.0010527736409388015,1.0233406817833945,0.5231548987411057,0.03127171646977067,0.022808320043251146,0.06943693487609905
Green Bell Pepper,Organic Hass Avocado,0.02243499483713508,0.0930723739791608,0.0028630432741950625,0.12761506276150628,1.3711379360547922,1.0,0.0007749650444926846,1.0395956960142954,0.2768908184757593,0.025416666666666667,0.03808759132622537,0.07918826763894779
Organic Hass Avocado,Green Bell Pepper,0.0930723739791608,0.02243499483713508,0.0028630432741950625,0.03076147251638931,1.3711379360547922,1.0,0.0007749650444926846,1.0085907415390016,0.29845686317927417,0.025416666666666667,0.008517569302582613,0.07918826763894779
Organic Red Bell Pepper,Green Bell Pepper,0.02548577865390031,0.02243499483713508,0.0028630432741950625,0.11233885819521179,5.007304838299545,1.0,0.0022912699616744418,1.1012817381814017,0.8212212297569053,0.06354166666666666,0.09196714579926936,0.11997696047835904
Green Bell Pepper,Organic Red Bell Pepper,0.02243499483713508,0.02548577865390031,0.0028630432741950625,0.12761506276150628,5.007304838299545,1.0,0.0022912699616744418,1.117069059480661,0.8186583634262831,0.06354166666666666,0.10480019877650883,0.11997696047835904
Organic Strawberries,Green Bell Pepper,0.11090772552332676,0.02243499483713508,0.0029099784098376045,0.026237833262801526,1.1695047604544964,1.0,0.0004217641603233742,1.0039053051715991,0.16301706477667302,0.022310183519251535,0.003890113092819728,0.07797247311675641
Green Bell Pepper,Organic Strawberries,0.02243499483713508,0.11090772552332676,0.0029099784098376045,0.1297071129707113,1.1695047604544966,1.0,0.0004217641603233742,1.0216012192304083,0.1482635038440809,0.022310183519251535,0.021144472837141697,0.07797247311675641
Organic Tomato Cluster,Green Bell Pepper,0.02787947057166995,0.02243499483713508,0.0024406270534121843,0.08754208754208755,3.9020328811123792,1.0,0.0018151512750747096,1.071353529643435,0.7650525893573403,0.050980392156862744,0.06660129235508533,0.09816434921037431
Green Bell Pepper,Organic Tomato Cluster,0.02243499483713508,0.02787947057166995,0.0024406270534121843,0.10878661087866108,3.902032881112379,1.0,0.0018151512750747096,1.090783129264652,0.7607916857484748,0.050980392156862744,0.08322747834012906,0.09816434921037431
Green Bell Pepper,Organic Yellow Onion,0.02243499483713508,0.04702900591382709,0.0029099784098376045,0.1297071129707113,2.7580237015508735,1.0,0.0018548829049652986,1.0950003249355544,0.6520502797103155,0.04372355430183357,0.08675826186731556,0.09579168023785066
Organic Yellow Onion,Green Bell Pepper,0.04702900591382709,0.02243499483713508,0.0029099784098376045,0.061876247504990024,2.7580237015508735,1.0,0.0018548829049652986,1.042042696992756,0.6688782124609166,0.04372355430183357,0.040346424493053465,0.09579168023785066
Organic Zucchini,Green Bell Pepper,0.042523232892143055,0.02243499483713508,0.002205951375199474,0.05187637969094923,2.3122973759317245,1.0,0.0012519428648059521,1.0310522638853965,0.5927346683354193,0.035153328347045626,0.030117060960983495,0.0751013697617926
Green Bell Pepper,Organic Zucchini,0.02243499483713508,0.042523232892143055,0.002205951375199474,0.09832635983263598,2.3122973759317245,1.0,0.0012519428648059521,1.0618883867228668,0.5805544091627882,0.035153328347045626,0.05828144228402658,0.0751013697617926
Green Bell Pepper,Red Peppers,0.02243499483713508,0.023749178635126256,0.0026283675959823524,0.11715481171548117,4.9330047794664855,1.0,0.002095554895917096,1.1058006933943356,0.8155813602567972,0.0603448275862069,0.09567790473125201,0.11391337423718723
Red Peppers,Green Bell Pepper,0.023749178635126256,0.02243499483713508,0.0026283675959823524,0.11067193675889328,4.9330047794664855,1.0,0.002095554895917096,1.0992175391386882,0.8166792582417582,0.0603448275862069,0.09026196872407241,0.11391337423718723
Half & Half,Large Lemon,0.030320097625082136,0.0645827466441378,0.002252886510842016,0.07430340557275542,1.150514795881633,1.0,0.00029473132769581266,1.0105009124881053,0.13491448854469193,0.0243161094224924,0.01039178921892258,0.05459356325149399
Large Lemon,Half & Half,0.0645827466441378,0.030320097625082136,0.002252886510842016,0.03488372093023256,1.1505147958816329,1.0,0.00029473132769581266,1.0047285735450955,0.13985616323799976,0.0243161094224924,0.004706319367838087,0.05459356325149399
Limes,Half & Half,0.059513751994743264,0.030320097625082136,0.0024406270534121843,0.04100946372239748,1.3525505171352952,1.0,0.0006361642828966419,1.0111464771475294,0.2771503374357951,0.02792696025778732,0.011023602810716394,0.060752409879774594
Half & Half,Limes,0.030320097625082136,0.059513751994743264,0.0024406270534121843,0.0804953560371517,1.3525505171352952,1.0,0.0006361642828966419,1.0228183774602624,0.2688063146920844,0.02792696025778732,0.02230931508771106,0.060752409879774594
Half & Half,Organic Avocado,0.030320097625082136,0.07612879001220313,0.0023936919177696423,0.07894736842105263,1.0370238172496593,1.0,8.545957252026554e-05,1.0030601708438938,0.03681832849306234,0.023004059539918808,0.003050834768286294,0.05519501589979882
Organic Avocado,Half & Half,0.07612879001220313,0.030320097625082136,0.0023936919177696423,0.03144266337854501,1.0370238172496595,1.0,8.545957252026554e-05,1.0011590080535433,0.038643907064959765,0.023004059539918808,0.0011576663089680544,0.05519501589979882
Half & Half,Organic Baby Spinach,0.030320097625082136,0.10452454707594105,0.0034262649019055663,0.1130030959752322,1.081115385203546,1.0,0.0002570704303455399,1.009558713069707,0.07737537959659975,0.02607142857142857,0.009468209174919917,0.072891309999291
Organic Baby Spinach,Half & Half,0.10452454707594105,0.030320097625082136,0.0034262649019055663,0.03277952402334979,1.081115385203546,1.0,0.0002570704303455399,1.0025427774321922,0.08378716612326384,0.02607142857142857,0.002536328114302549,0.072891309999291
Half & Half,Organic Hass Avocado,0.030320097625082136,0.0930723739791608,0.0027691730029099785,0.0913312693498452,0.9812930029086243,1.0,-5.2790462336331154e-05,0.9980838950757446,-0.019280652407587306,0.022957198443579768,-0.0019197834307404659,0.06054208449842235
Organic Hass Avocado,Half & Half,0.0930723739791608,0.030320097625082136,0.0027691730029099785,0.0297528996469995,0.9812930029086243,1.0,-5.2790462336331154e-05,0.9994154087367266,-0.020587257446386186,0.022957198443579768,-0.0005849332101175546,0.06054208449842235
Organic Reduced Fat 2% Milk,Half & Half,0.02102694076785882,0.030320097625082136,0.002159016239556932,0.10267857142857142,3.386485515258735,1.0,0.0015214773427186332,1.0806382991640875,0.7198447472974606,0.04389312977099236,0.07462098948969713,0.08694300088456434
Half & Half,Organic Reduced Fat 2% Milk,0.030320097625082136,0.02102694076785882,0.002159016239556932,0.07120743034055727,3.3864855152587348,1.0,0.0015214773427186332,1.0540276604399386,0.7267435498127025,0.04389312977099236,0.05125829469919998,0.08694300088456434
Organic Strawberries,Half & Half,0.11090772552332676,0.030320097625082136,0.0035670703088331924,0.03216250528988574,1.060765228647532,1.0,0.00020433724359011137,1.0019036332802496,0.06443013250277149,0.025912035458574838,0.0019000163459005621,0.07490478205670757
Half & Half,Organic Strawberries,0.030320097625082136,0.11090772552332676,0.0035670703088331924,0.11764705882352941,1.0607652286475318,1.0,0.00020433724359011137,1.0076379110735632,0.05907550822846081,0.025912035458574838,0.007580015588561355,0.07490478205670757
Half & Half,Organic Whole Milk,0.030320097625082136,0.05749554116211396,0.0028161081385525205,0.09287925696594428,1.6154166929929867,1.0,0.001072837717510297,1.0390066218588299,0.3928767344304615,0.03313086692435119,0.03754222642878386,0.07092942440133948
Organic Whole Milk,Half & Half,0.05749554116211396,0.030320097625082136,0.0028161081385525205,0.0489795918367347,1.6154166929929867,1.0,0.001072837717510297,1.0196204982053858,0.4042046378832396,0.03313086692435119,0.01924294209455322,0.07092942440133948
Organic Baby Spinach,Hass Avocados,0.10452454707594105,0.02107387590350136,0.0031446540880503146,0.030085316569375842,1.4276119261183113,1.0,0.0009419167541022469,1.0092909622050474,0.3344921704178933,0.02568033729398237,0.009205434857703492,0.08965290327355208
Hass Avocados,Organic Baby Spinach,0.02107387590350136,0.10452454707594105,0.0031446540880503146,0.1492204899777283,1.4276119261183111,1.0,0.0009419167541022469,1.0525352836725195,0.30597766310605484,0.02568033729398237,0.04991308556347183,0.08965290327355208
Organic Strawberries,Hass Avocados,0.11090772552332676,0.02107387590350136,0.0024406270534121843,0.022005924672027086,1.04422768610737,1.0,0.00010337140899400587,1.0009530208740918,0.04763785282974441,0.018840579710144932,0.0009521134900613291,0.06890942113334095
Hass Avocados,Organic Strawberries,0.02107387590350136,0.11090772552332676,0.0024406270534121843,0.1158129175946548,1.04422768610737,1.0,0.00010337140899400587,1.0055476857431394,0.04326623417336379,0.018840579710144932,0.005517078724157487,0.06890942113334095
Raspberries,Hass Avocados,0.02388998404205388,0.02107387590350136,0.002065145968271848,0.08644400785854617,4.101951072236492,1.0,0.001561691409232977,1.0715556928282104,0.7747216600296373,0.04814004376367615,0.06677739039335401,0.09221977675778087
Hass Avocados,Raspberries,0.02107387590350136,0.02388998404205388,0.002065145968271848,0.09799554565701558,4.101951072236491,1.0,0.001561691409232977,1.0821565362101675,0.7724929934140271,0.04814004376367615,0.07591927180691321,0.09221977675778087
Strawberries,Hass Avocados,0.06242373040458087,0.02107387590350136,0.0026283675959823524,0.042105263157894736,1.9979838237017935,1.0,0.0013128576480025903,1.021955843837004,0.5327518021625951,0.03250145095763204,0.02148414138380905,0.08341343336068456
Hass Avocados,Strawberries,0.02107387590350136,0.06242373040458087,0.0026283675959823524,0.12472160356347439,1.9979838237017935,1.0,0.0013128576480025903,1.0711749237871329,0.5102483578654649,0.03250145095763204,0.06644565906704972,0.08341343336068456
Large Lemon,Honeycrisp Apple,0.0645827466441378,0.03646860039425514,0.003942551393973529,0.06104651162790699,1.6739472030169709,1.0,0.0015873090142450455,1.0261758559268614,0.43040642247867544,0.04059932334461092,0.02550815805661193,0.08457730986800754
Honeycrisp Apple,Large Lemon,0.03646860039425514,0.0645827466441378,0.003942551393973529,0.10810810810810811,1.6739472030169706,1.0,0.0015873090142450455,1.0488011628535425,0.41784792245116675,0.04059932334461092,0.046530424051748696,0.08457730986800754
Limes,Honeycrisp Apple,0.059513751994743264,0.03646860039425514,0.0035201351731906504,0.05914826498422713,1.6218956676369927,1.0,0.0013497519337315536,1.0241054607712359,0.40770136740193635,0.03807106598984771,0.023538064871837072,0.07783668075466182
Honeycrisp Apple,Limes,0.03646860039425514,0.059513751994743264,0.0035201351731906504,0.09652509652509653,1.6218956676369927,1.0,0.0013497519337315536,1.0409655480058184,0.3979502167665254,0.03807106598984771,0.03935341384188575,0.07783668075466182
Organic Avocado,Honeycrisp Apple,0.07612879001220313,0.03646860039425514,0.004975124378109453,0.06535141800246609,1.7919913924846107,1.0,0.002198813956656255,1.030902328601925,0.47838010375249707,0.04622764936764065,0.029976000387770596,0.10088677721230124
Honeycrisp Apple,Organic Avocado,0.03646860039425514,0.07612879001220313,0.004975124378109453,0.1364221364221364,1.7919913924846107,1.0,0.002198813956656255,1.0698180777354964,0.45868936442418784,0.04622764936764065,0.06526163577575891,0.10088677721230124
Organic Baby Carrots,Honeycrisp Apple,0.03412184361212804,0.03646860039425514,0.0023467567821271003,0.0687757909215956,1.8858906066608954,1.0,0.0011023809027211353,1.03469324595772,0.4863414160066085,0.034387895460797804,0.03352998204371941,0.06656292763582997
Honeycrisp Apple,Organic Baby Carrots,0.03646860039425514,0.03412184361212804,0.0023467567821271003,0.06435006435006435,1.8858906066608954,1.0,0.0011023809027211353,1.0323071905273404,0.4875259389156802,0.034387895460797804,0.03129610141612668,0.06656292763582997
Honeycrisp Apple,Organic Baby Spinach,0.03646860039425514,0.10452454707594105,0.004881254106824369,0.13384813384813385,1.2805425863351323,1.0,0.0010693901681213648,1.033855017714701,0.2273730032936521,0.03586206896551723,0.03274638816333873,0.09027386485850787
Organic Baby Spinach,Honeycrisp Apple,0.10452454707594105,0.03646860039425514,0.004881254106824369,0.0466995958688819,1.2805425863351323,1.0,0.0010693901681213648,1.0107321841365964,0.24465330387417494,0.03586206896551723,0.010618227365307506,0.09027386485850787
Honeycrisp Apple,Organic D'Anjou Pears,0.03646860039425514,0.0220125786163522,0.002065145968271848,0.056628056628056624,2.572531715388858,1.0,0.0012623780350649741,1.0366933511802106,0.6344140661326106,0.03660565723793677,0.03539460452643732,0.0752223438790603
Organic D'Anjou Pears,Honeycrisp Apple,0.0220125786163522,0.03646860039425514,0.002065145968271848,0.09381663113006396,2.572531715388858,1.0,0.0012623780350649741,1.0632852386237515,0.6250365390236774,0.03660565723793677,0.05951859042608713,0.0752223438790603
Organic Hass Avocado,Honeycrisp Apple,0.0930723739791608,0.03646860039425514,0.0037078757157608185,0.03983862834089763,1.092409028868938,1.0,0.0003136565013701332,1.0035098557868656,0.09327311782312282,0.029466616933979856,0.0034975797862129144,0.07075586500699965
Honeycrisp Apple,Organic Hass Avocado,0.03646860039425514,0.0930723739791608,0.0037078757157608185,0.10167310167310167,1.092409028868938,1.0,0.0003136565013701332,1.0095741624902463,0.0877936799501292,0.029466616933979856,0.009483367191797567,0.07075586500699965
Organic Raspberries,Honeycrisp Apple,0.06049938984323665,0.03646860039425514,0.002205951375199474,0.03646237393328161,0.9998292651512201,1.0,-3.7669708978114655e-07,0.9999935379161072,-0.0001817273664410679,0.023278850916295196,-6.46212565161444e-06,0.04847571721117105
Honeycrisp Apple,Organic Raspberries,0.03646860039425514,0.06049938984323665,0.002205951375199474,0.060489060489060484,0.9998292651512201,1.0,-3.7669708978114655e-07,0.9999890056052124,-0.00017719582936979596,0.023278850916295196,-1.0994515665551775e-05,0.04847571721117105
Organic Strawberries,Honeycrisp Apple,0.11090772552332676,0.03646860039425514,0.005632216277105041,0.05078290308929328,1.3925103387650999,1.0,0.0015875667543591059,1.0150801146983393,0.3170339967270232,0.03973509933774834,0.014856083258828126,0.10261152876472386
Honeycrisp Apple,Organic Strawberries,0.03646860039425514,0.11090772552332676,0.005632216277105041,0.15444015444015444,1.3925103387650997,1.0,0.0015875667543591059,1.0514835574861114,0.29254103950509036,0.03973509933774834,0.04896277941730088,0.10261152876472386
Organic Whole Milk,Honeycrisp Apple,0.05749554116211396,0.03646860039425514,0.0031446540880503146,0.05469387755102041,1.4997525805689071,1.0,0.0010478721729577328,1.0192797621045229,0.35355095445535134,0.034625322997416025,0.01891508378888601,0.07046148189005333
Honeycrisp Apple,Organic Whole Milk,0.03646860039425514,0.05749554116211396,0.0031446540880503146,0.08622908622908623,1.4997525805689071,1.0,0.0010478721729577328,1.0314450204465315,0.34583548718485607,0.034625322997416025,0.030486375738106235,0.07046148189005333
Organic Yellow Onion,Honeycrisp Apple,0.04702900591382709,0.03646860039425514,0.002018210832629306,0.04291417165668662,1.176743039018488,1.0,0.00030312880901888417,1.0067345801928638,0.15760899444719326,0.024769585253456218,0.0066895290232045004,0.04912761349887098
Honeycrisp Apple,Organic Yellow Onion,0.03646860039425514,0.04702900591382709,0.002018210832629306,0.05534105534105534,1.176743039018488,1.0,0.00030312880901888417,1.0087989951021203,0.15588158328490487,0.024769585253456218,0.00872224808395021,0.04912761349887098
Original Hummus,Honeycrisp Apple,0.03191589223692856,0.03646860039425514,0.0023467567821271003,0.07352941176470588,2.016238928003634,1.0,0.0011828288619124428,1.0400021456062007,0.5206438475710269,0.0355366027007818,0.03846352219098951,0.06893973805738512
Honeycrisp Apple,Original Hummus,0.03646860039425514,0.03191589223692856,0.0023467567821271003,0.06435006435006435,2.016238928003634,1.0,0.0011828288619124428,1.0346648579531037,0.5231039017974574,0.0355366027007818,0.03350346509466068,0.06893973805738512
Seedless Red Grapes,Honeycrisp Apple,0.03482587064676617,0.03646860039425514,0.0027691730029099785,0.07951482479784366,2.1803640375068944,1.0,0.0014991222429110431,1.0467647123096087,0.5608946356805871,0.04041095890410959,0.04467547650362205,0.0777239503654598
Honeycrisp Apple,Seedless Red Grapes,0.03646860039425514,0.03482587064676617,0.0027691730029099785,0.07593307593307594,2.180364037506895,1.0,0.0014991222429110431,1.0444850954142935,0.5618509078930095,0.04041095890410959,0.04259045496158898,0.0777239503654598
Strawberries,Honeycrisp Apple,0.06242373040458087,0.03646860039425514,0.0032854594949779407,0.052631578947368425,1.443202601097338,1.0,0.001008953415734566,1.017060921806064,0.3275430516619944,0.03436426116838488,0.016774729458455435,0.07136083451872927
Honeycrisp Apple,Strawberries,0.03646860039425514,0.06242373040458087,0.0032854594949779407,0.0900900900900901,1.443202601097338,1.0,0.001008953415734566,1.0304056032187279,0.3187198597106532,0.03436426116838488,0.029508383032612114,0.07136083451872927
Yellow Onions,Honeycrisp Apple,0.0308363841171501,0.03646860039425514,0.00211208110391439,0.0684931506849315,1.878140371291056,1.0,0.0009875213339422871,1.0343792966355791,0.48243498474502383,0.03239740820734341,0.03323664418593943,0.0632041042999947
Honeycrisp Apple,Yellow Onions,0.03646860039425514,0.0308363841171501,0.00211208110391439,0.05791505791505791,1.878140371291056,1.0,0.0009875213339422871,1.0287433463674514,0.4852550051147157,0.03239740820734341,0.027940250081758138,0.0632041042999947
Jalapeno Peppers,Large Lemon,0.016708908288744953,0.0645827466441378,0.0027691730029099785,0.1657303370786517,2.566170466422786,1.0,0.001690065812197829,1.121240882810394,0.6206852473605438,0.03526598924088464,0.10813098654278741,0.10430412202769795
Large Lemon,Jalapeno Peppers,0.0645827466441378,0.016708908288744953,0.0027691730029099785,0.04287790697674419,2.5661704664227862,1.0,0.001690065812197829,1.027341338036968,0.6524513764276664,0.03526598924088464,0.026613684298162854,0.10430412202769795
Limes,Jalapeno Peppers,0.059513751994743264,0.016708908288744953,0.0046935135642542005,0.07886435331230283,4.719898628291922,1.0,0.0036991037402549234,1.0674769728509172,0.8380037927936921,0.06561679790026247,0.06321164256190569,0.17988161485839863
Jalapeno Peppers,Limes,0.016708908288744953,0.059513751994743264,0.0046935135642542005,0.2808988764044944,4.719898628291922,1.0,0.0036991037402549234,1.30786368863231,0.8015236276849641,0.06561679790026247,0.23539432381845282,0.17988161485839863
Jalapeno Peppers,Organic Avocado,0.016708908288744953,0.07612879001220313,0.0029569135454801465,0.17696629213483148,2.32456462405963,1.0,0.0016848845750331216,1.1225192858554802,0.5794946395423722,0.0328981723237598,0.10914670901365169,0.10790361462475237
Organic Avocado,Jalapeno Peppers,0.07612879001220313,0.016708908288744953,0.0029569135454801465,0.03884093711467325,2.3245646240596303,1.0,0.0016848845750331216,1.0230263956097856,0.616765530299365,0.0328981723237598,0.022508114852755525,0.10790361462475237
Jalapeno Peppers,Organic Baby Spinach,0.016708908288744953,0.10452454707594105,0.0027222378672674364,0.16292134831460675,1.5586898281055281,1.0,0.0009757467962529329,1.0697626216139766,0.36452637642992347,0.02297029702970297,0.06521317926468952,0.09448267685151082
Organic Baby Spinach,Jalapeno Peppers,0.10452454707594105,0.016708908288744953,0.0027222378672674364,0.026044005388414906,1.5586898281055281,1.0,0.0009757467962529329,1.0095847216417542,0.4002739968660254,0.02297029702970297,0.009493726911960288,0.09448267685151082
Organic Cilantro,Jalapeno Peppers,0.02900591382709096,0.016708908288744953,0.0022998216464845582,0.07928802588996764,4.745254718010255,1.0,0.0018151644925164562,1.0679681804526462,0.8128403333491169,0.05297297297297297,0.06364251453993558,0.10846423766408494
Jalapeno Peppers,Organic Cilantro,0.016708908288744953,0.02900591382709096,0.0022998216464845582,0.13764044943820225,4.745254718010254,1.0,0.0018151644925164562,1.1259735982982266,0.8026749792995956,0.05297297297297297,0.11187970880367058,0.10846423766408494
Jalapeno Peppers,Organic Garlic,0.016708908288744953,0.04721674645639726,0.002205951375199474,0.13202247191011235,2.7960942211897155,1.0,0.0014170110889666092,1.0977049781926298,0.653273752094653,0.03574144486692015,0.08900841312890906,0.08937107690933052
Organic Garlic,Jalapeno Peppers,0.04721674645639726,0.016708908288744953,0.002205951375199474,0.04671968190854871,2.796094221189716,1.0,0.0014170110889666092,1.0314815831715565,0.6741913845508857,0.03574144486692015,0.03052074189706629,0.08937107690933052
Large Alfresco Eggs,Organic Baby Spinach,0.01689664883131512,0.10452454707594105,0.0023936919177696423,0.14166666666666666,1.3553435114503816,1.0,0.0006275773515752004,1.0432723723387094,0.26668576339157835,0.020110410094637224,0.04147754075161171,0.08228371501272264
Organic Baby Spinach,Large Alfresco Eggs,0.10452454707594105,0.01689664883131512,0.0023936919177696423,0.022900763358778622,1.3553435114503816,1.0,0.0006275773515752004,1.006144835961701,0.2927826405996121,0.020110410094637224,0.006107307558585761,0.08228371501272264
Large Alfresco Eggs,Organic Hass Avocado,0.01689664883131512,0.0930723739791608,0.0023936919177696423,0.14166666666666666,1.5221129601613717,1.0,0.000821080698746931,1.0566147099271912,0.3489140141877433,0.022251308900523563,0.05358122444754956,0.08369263741805345
Organic Hass Avocado,Large Alfresco Eggs,0.0930723739791608,0.01689664883131512,0.0023936919177696423,0.025718608169440244,1.5221129601613719,1.0,0.000821080698746931,1.0090548371467403,0.37822040786505573,0.022251308900523563,0.008973582815721085,0.08369263741805345
Limes,Large Lemon,0.059513751994743264,0.0645827466441378,0.011546043368065334,0.194006309148265,3.0039959467390513,1.0,0.00770248180114678,1.1605763965315394,0.7093246409058562,0.10258548790658883,0.13835917825955515,0.18639268945785342
Large Lemon,Limes,0.0645827466441378,0.059513751994743264,0.011546043368065334,0.17877906976744187,3.003995946739051,1.0,0.00770248180114678,1.145229271907286,0.713168447289089,0.10258548790658883,0.12681239946427372,0.18639268945785342
Michigan Organic Kale,Large Lemon,0.028865108420163335,0.0645827466441378,0.0028630432741950625,0.0991869918699187,1.535812535450936,1.0,0.0009988552902400853,1.0384144599528073,0.3592486160530714,0.031606217616580314,0.03699337926645699,0.07175919360937795
Large Lemon,Michigan Organic Kale,0.0645827466441378,0.028865108420163335,0.0028630432741950625,0.04433139534883721,1.535812535450936,1.0,0.0009988552902400853,1.0161837344592055,0.37296603686673857,0.031606217616580314,0.01592599242677133,0.07175919360937795
Orange Bell Pepper,Large Lemon,0.016333427203604617,0.0645827466441378,0.0024875621890547263,0.15229885057471265,2.358197173215718,1.0,0.0014327045981338614,1.1034752683655595,0.5855106439293684,0.03171753441053262,0.09377216810561104,0.09540814621758889
Large Lemon,Orange Bell Pepper,0.0645827466441378,0.016333427203604617,0.0024875621890547263,0.03851744186046512,2.3581971732157183,1.0,0.0014327045981338614,1.0230727166801512,0.6157115943538234,0.03171753441053262,0.02255237218623294,0.09540814621758889
Large Lemon,Organic Avocado,0.0645827466441378,0.07612879001220313,0.010560405519571952,0.16351744186046513,2.147905435437158,1.0,0.005643799161889069,1.1044715768403202,0.5713280927691364,0.08113956004327445,0.09458964724035106,0.15111753720643478
Organic Avocado,Large Lemon,0.07612879001220313,0.0645827466441378,0.010560405519571952,0.13871763255240446,2.147905435437158,1.0,0.005643799161889069,1.0860750071175438,0.5784682426787691,0.08113956004327445,0.07925328043961513,0.15111753720643478
Organic Baby Arugula,Large Lemon,0.03107105979536281,0.0645827466441378,0.0034732000375481084,0.11178247734138973,1.7308411789503269,1.0,0.001466545654819336,1.0531398328598311,0.4357865906984295,0.03767820773930754,0.050458477784026574,0.08278077355441579
Large Lemon,Organic Baby Arugula,0.0645827466441378,0.03107105979536281,0.0034732000375481084,0.053779069767441866,1.7308411789503269,1.0,0.001466545654819336,1.0239986341947624,0.451398814770616,0.03767820773930754,0.023436197464886475,0.08278077355441579
Organic Baby Carrots,Large Lemon,0.03412184361212804,0.0645827466441378,0.0030977189524077726,0.0907840440165062,1.4057011931800008,1.0,0.0008940365713748155,1.0288174632219544,0.29880710992524007,0.03240058910162003,0.028010278064008083,0.06937458014778798
Large Lemon,Organic Baby Carrots,0.0645827466441378,0.03412184361212804,0.0030977189524077726,0.047965116279069776,1.4057011931800008,1.0,0.0008940365713748155,1.0145407199921463,0.30853745685657374,0.03240058910162003,0.014332317772576927,0.06937458014778798
Large Lemon,Organic Baby Spinach,0.0645827466441378,0.10452454707594105,0.009152351450295691,0.14171511627906977,1.3558070352231075,1.0,0.0024018691083969356,1.0433312643721466,0.28055064520694223,0.05721830985915493,0.04153164565448191,0.11463842926661166
Organic Baby Spinach,Large Lemon,0.10452454707594105,0.0645827466441378,0.009152351450295691,0.08756174225415356,1.3558070352231075,1.0,0.0024018691083969356,1.0251841649721976,0.2930643303618826,0.05721830985915493,0.024565503284846753,0.11463842926661166
Organic Blueberries,Large Lemon,0.042429362620857974,0.0645827466441378,0.0026753027316248944,0.06305309734513274,0.9763148924675861,1.0,-6.490204479022658e-05,0.9983674109016523,-0.024708648949660086,0.02564102564102564,-0.0016352588040442354,0.052238757974891956
Large Lemon,Organic Blueberries,0.0645827466441378,0.042429362620857974,0.0026753027316248944,0.04142441860465117,0.9763148924675861,1.0,-6.490204479022658e-05,0.9989516277738434,-0.025279028582411156,0.02564102564102564,-0.0010494724639399195,0.052238757974891956
Organic Cilantro,Large Lemon,0.02900591382709096,0.0645827466441378,0.0026753027316248944,0.09223300970873786,1.4281369948069542,1.0,0.0008020211477481856,1.0304596480818589,0.308742418691741,0.02942694889003614,0.02955928273228144,0.06682871415669452
Large Lemon,Organic Cilantro,0.0645827466441378,0.02900591382709096,0.0026753027316248944,0.04142441860465117,1.4281369948069544,1.0,0.0008020211477481856,1.0129551649536943,0.32048485488684086,0.02942694889003614,0.012789475192899158,0.06682871415669452
Organic Cucumber,Large Lemon,0.03355862198441754,0.0645827466441378,0.0026283675959823524,0.07832167832167831,1.2127337778500569,1.0,0.00046105961463632165,1.0149064281478628,0.1815078709838556,0.02751842751842752,0.01468749013154432,0.059509676370141484
Large Lemon,Organic Cucumber,0.0645827466441378,0.03355862198441754,0.0026283675959823524,0.040697674418604654,1.2127337778500569,1.0,0.00046105961463632165,1.0074419213253345,0.1875277757866819,0.02751842751842752,0.007386948237715055,0.059509676370141484
Large Lemon,Organic Fuji Apple,0.0645827466441378,0.03867455176945461,0.00398948652961607,0.06177325581395349,1.5972584810340935,1.0,0.001491777751113792,1.0246195327383658,0.39974380921460406,0.04018912529550828,0.02402797521590143,0.08246429780988937
Organic Fuji Apple,Large Lemon,0.03867455176945461,0.0645827466441378,0.00398948652961607,0.10315533980582524,1.5972584810340935,1.0,0.001491777751113792,1.04300922431019,0.38897051643623964,0.04018912529550828,0.04123570847480746,0.08246429780988937
Organic Gala Apples,Large Lemon,0.034027973340842954,0.0645827466441378,0.0032854594949779407,0.09655172413793105,1.4950080192461912,1.0,0.0010878395138928052,1.0353855094396949,0.34277107179298544,0.034465780403742007,0.03417616831323427,0.07371190858059343
Large Lemon,Organic Gala Apples,0.0645827466441378,0.034027973340842954,0.0032854594949779407,0.05087209302325582,1.4950080192461912,1.0,0.0010878395138928052,1.0177469438614088,0.35396745752992637,0.034465780403742007,0.01743748184993385,0.07371190858059343
Large Lemon,Organic Garlic,0.0645827466441378,0.04721674645639726,0.006664789261240965,0.10319767441860465,2.1856159554302095,1.0,0.0036154020874869697,1.062422817565638,0.5799156201635302,0.06339285714285714,0.05875515522969413,0.12217537796476952
Organic Garlic,Large Lemon,0.04721674645639726,0.0645827466441378,0.006664789261240965,0.1411530815109344,2.1856159554302095,1.0,0.0036154020874869697,1.0891548111990712,0.5693457295497122,0.06339285714285714,0.08185687680240683,0.12217537796476952
Organic Garnet Sweet Potato (Yam),Large Lemon,0.024640946212334553,0.0645827466441378,0.0028630432741950625,0.11619047619047619,1.7990946843853823,1.0,0.0012716632878920333,1.058392366404801,0.4553860280631505,0.03315217391304348,0.05517081212816286,0.0802609357696567
Large Lemon,Organic Garnet Sweet Potato (Yam),0.0645827466441378,0.024640946212334553,0.0028630432741950625,0.04433139534883721,1.7990946843853821,1.0,0.0012716632878920333,1.020603846396827,0.4748307601194345,0.03315217391304348,0.0201878980464042,0.0802609357696567
Organic Ginger Root,Large Lemon,0.022575800244062704,0.0645827466441378,0.002018210832629306,0.08939708939708939,1.3842255717255718,1.0,0.0005602036451783402,1.0272504540277847,0.2839855942376951,0.023704520396912898,0.026527565815072082,0.060323544698544694
Large Lemon,Organic Ginger Root,0.0645827466441378,0.022575800244062704,0.002018210832629306,0.03125,1.3842255717255718,1.0,0.0005602036451783402,1.0089540126512901,0.2967385850476668,0.023704520396912898,0.008874549819927972,0.060323544698544694
Large Lemon,Organic Grape Tomatoes,0.0645827466441378,0.034966676053693795,0.0030507838167652306,0.04723837209302326,1.3509540346496023,1.0,0.0007925398362018843,1.0128801325325076,0.27771816743216654,0.0316147859922179,0.012716344332180033,0.06724334712033714
Organic Grape Tomatoes,Large Lemon,0.034966676053693795,0.0645827466441378,0.0030507838167652306,0.087248322147651,1.350954034649602,1.0,0.0007925398362018843,1.0248321378678196,0.2691952277089188,0.0316147859922179,0.024230444138376942,0.06724334712033714
Organic Hass Avocado,Large Lemon,0.0930723739791608,0.0645827466441378,0.006523983854313339,0.07009581442259204,1.0853644055870248,1.0,0.0005131143060487552,1.0059286406749863,0.08672186610283299,0.04316770186335404,0.005893699051066035,0.08555662814152859
Large Lemon,Organic Hass Avocado,0.0645827466441378,0.0930723739791608,0.006523983854313339,0.10101744186046513,1.0853644055870248,1.0,0.0005131143060487552,1.0088378443045067,0.08408061308103572,0.04316770186335404,0.008760421067073962,0.08555662814152859
Organic Italian Parsley Bunch,Large Lemon,0.025157232704402517,0.0645827466441378,0.0034732000375481084,0.1380597014925373,2.1377180232558137,1.0,0.0018484768515320631,1.0852459909063683,0.5459459459459459,0.040261153427638745,0.07854992473657801,0.09591938562998958
Large Lemon,Organic Italian Parsley Bunch,0.0645827466441378,0.025157232704402517,0.0034732000375481084,0.053779069767441866,2.137718023255814,1.0,0.0018484768515320631,1.0302485774183887,0.568956211605484,0.040261153427638745,0.029360465116279072,0.09591938562998958
Organic Raspberries,Large Lemon,0.06049938984323665,0.0645827466441378,0.0028161081385525205,0.04654771140418929,0.7207453046349253,1.0,-0.0010911086278181555,0.9810844911112339,-0.2919866723574034,0.02303262955854127,-0.019280203754257038,0.04507618128349
Large Lemon,Organic Raspberries,0.0645827466441378,0.06049938984323665,0.0028161081385525205,0.043604651162790706,0.7207453046349254,1.0,-0.0010911086278181555,0.98233498448002,-0.29288795958143315,0.02303262955854127,-0.017982679838416407,0.04507618128349
Organic Red Onion,Large Lemon,0.025626584060827937,0.0645827466441378,0.0033793297662630243,0.13186813186813184,2.0418476871965243,1.0,0.0017242945805078737,1.077505950068145,0.5236673089274245,0.038918918918918924,0.07193087895546499,0.09209685663174035
Large Lemon,Organic Red Onion,0.0645827466441378,0.025626584060827937,0.0033793297662630243,0.05232558139534884,2.0418476871965243,1.0,0.0017242945805078737,1.0281731751014576,0.5454758320789429,0.038918918918918924,0.02740119639736524,0.09209685663174035
Organic Small Bunch Celery,Large Lemon,0.029193654369661128,0.0645827466441378,0.0030977189524077726,0.10610932475884245,1.6429980183952744,1.0,0.0012123125686354218,1.0464559920635725,0.4031252380701232,0.03416149068322982,0.04439364141053173,0.07703722051895612
Large Lemon,Organic Small Bunch Celery,0.0645827466441378,0.029193654369661128,0.0030977189524077726,0.047965116279069776,1.6429980183952744,1.0,0.0012123125686354218,1.0197171996849972,0.41837643874773844,0.03416149068322982,0.019335948919061142,0.07703722051895612
Organic Strawberries,Large Lemon,0.11090772552332676,0.0645827466441378,0.006383178447385713,0.057553956834532384,0.8911661368579558,1.0,-0.000779547090964873,0.9925419711180523,-0.12077048038988138,0.03774632250902026,-0.007514069025762814,0.07819558306842898
Large Lemon,Organic Strawberries,0.0645827466441378,0.11090772552332676,0.006383178447385713,0.09883720930232559,0.8911661368579556,1.0,-0.000779547090964873,0.9866056207095987,-0.11548020592934467,0.03774632250902026,-0.01357622438920186,0.07819558306842898
Large Lemon,Organic Whole Milk,0.0645827466441378,0.05749554116211396,0.0030977189524077726,0.047965116279069776,0.8342406264831516,1.0,-0.0006155010156326289,0.9899894163060543,-0.17519864759114695,0.026035502958579884,-0.010111808802257823,0.05092133364973897
Organic Whole Milk,Large Lemon,0.05749554116211396,0.0645827466441378,0.0030977189524077726,0.053877551020408164,0.8342406264831514,1.0,-0.0006155010156326289,0.9886851901302254,-0.17411060912914766,0.026035502958579884,-0.011444299947776394,0.05092133364973897
Organic Yellow Onion,Large Lemon,0.04702900591382709,0.0645827466441378,0.0047873838355392846,0.10179640718562874,1.5762167525414288,1.0,0.0017501214616809316,1.0414312087361932,0.3836102999119271,0.04481546572934974,0.039782952910035425,0.08796215708118646
Large Lemon,Organic Yellow Onion,0.0645827466441378,0.04702900591382709,0.0047873838355392846,0.07412790697674419,1.576216752541429,1.0,0.0017501214616809316,1.029268514805788,0.39080900799858337,0.04481546572934974,0.028436228627192268,0.08796215708118646
Organic Zucchini,Large Lemon,0.042523232892143055,0.0645827466441378,0.004318032479113864,0.10154525386313466,1.5723278915755432,1.0,0.0015717653027509226,1.041140087887483,0.38016624040920727,0.04200913242009133,0.03951445954881823,0.08420285948970688
Large Lemon,Organic Zucchini,0.0645827466441378,0.042523232892143055,0.004318032479113864,0.06686046511627908,1.5723278915755432,1.0,0.0015717653027509226,1.0260810214489182,0.3891315255568403,0.04200913242009133,0.02541809165526677,0.08420285948970688
Original Hummus,Large Lemon,0.03191589223692856,0.0645827466441378,0.0023467567821271003,0.07352941176470588,1.138530266757866,1.0,0.00028554079986793874,1.0096567179079148,0.12568602734412895,0.024925224327018946,0.009564357604557136,0.05493331053351573
Large Lemon,Original Hummus,0.0645827466441378,0.03191589223692856,0.0023467567821271003,0.036337209302325583,1.138530266757866,1.0,0.00028554079986793874,1.0045880333951631,0.1300752634219771,0.024925224327018946,0.004567079481981429,0.05493331053351573
Red Onion,Large Lemon,0.017929221815451046,0.0645827466441378,0.002252886510842016,0.1256544502617801,1.945634968951662,1.0,0.001094968120808193,1.0698484753950281,0.4949021856878864,0.028070175438596492,0.06528819454478108,0.08026908559600633
Large Lemon,Red Onion,0.0645827466441378,0.017929221815451046,0.002252886510842016,0.03488372093023256,1.945634968951662,1.0,0.001094968120808193,1.0175673123357976,0.5195852149188829,0.028070175438596492,0.01726402973329836,0.08026908559600633
Large Lemon,Red Peppers,0.0645827466441378,0.023749178635126256,0.0026283675959823524,0.040697674418604654,1.7136455556576893,1.0,0.0010945804091836231,1.0176675228773229,0.4452010608558526,0.030668127053669225,0.017360800536672633,0.07568480558874896
Red Peppers,Large Lemon,0.023749178635126256,0.0645827466441378,0.0026283675959823524,0.11067193675889328,1.7136455556576893,1.0,0.0010945804091836231,1.0518247337734807,0.42657967032967037,0.030668127053669225,0.049271263652031126,0.07568480558874896
Large Lemon,Red Vine Tomato,0.0645827466441378,0.022763540786632872,0.002018210832629306,0.03125,1.3728092783505155,1.0,0.0005480788452826982,1.0087602159621853,0.29031610637230315,0.023652365236523653,0.008684141011478796,0.05995489690721649
Red Vine Tomato,Large Lemon,0.022763540786632872,0.0645827466441378,0.002018210832629306,0.08865979381443298,1.3728092783505155,1.0,0.0005480788452826982,1.0264193843384462,0.27789251236732154,0.023652365236523653,0.02573936613197738,0.05995489690721649
Large Lemon,Seedless Red Grapes,0.0645827466441378,0.03482587064676617,0.0030977189524077726,0.047965116279069776,1.3772840531561463,1.0,0.0008485685717661579,1.0138012228931679,0.2928461737292647,0.032163742690058485,0.013613342124190849,0.06845695167053219
Seedless Red Grapes,Large Lemon,0.03482587064676617,0.0645827466441378,0.0030977189524077726,0.0889487870619946,1.3772840531561463,1.0,0.0008485685717661579,1.0267449733580618,0.2838175570134334,0.032163742690058485,0.026048311948964235,0.06845695167053219
Large Lemon,Small Hass Avocado,0.0645827466441378,0.021730967802496948,0.00211208110391439,0.032703488372093026,1.5049255361896632,1.0,0.0007086355159938139,1.0113434923394171,0.3586798238278419,0.02508361204013378,0.011216260771281199,0.06494785649706164
Small Hass Avocado,Large Lemon,0.021730967802496948,0.0645827466441378,0.00211208110391439,0.09719222462203024,1.5049255361896632,1.0,0.0007086355159938139,1.0361200677123545,0.3429683293618428,0.02508361204013378,0.03486089000486585,0.06494785649706164
Sparkling Water Grapefruit,Large Lemon,0.03327701117056228,0.0645827466441378,0.0023467567821271003,0.07052186177715092,1.0919613277790534,1.0,0.00019763600062453314,1.0063897308487197,0.08711559935913006,0.024570024570024572,0.006349161416155424,0.053429535539738254
Large Lemon,Sparkling Water Grapefruit,0.0645827466441378,0.03327701117056228,0.0023467567821271003,0.036337209302325583,1.0919613277790534,1.0,0.00019763600062453314,1.0031755902181796,0.09003110888108388,0.024570024570024572,0.0031655377674102494,0.053429535539738254
Strawberries,Large Lemon,0.06242373040458087,0.0645827466441378,0.0047873838355392846,0.07669172932330827,1.1874956286063998,1.0,0.0007558878702382766,1.0131147776574079,0.1684040456390806,0.03917050691244239,0.012945006771821681,0.07540981815002623
Large Lemon,Strawberries,0.0645827466441378,0.06242373040458087,0.0047873838355392846,0.07412790697674419,1.1874956286063998,1.0,0.0007558878702382766,1.0126412456540792,0.16879273535806694,0.03917050691244239,0.012483439429641153,0.07540981815002623
Unsalted Butter,Large Lemon,0.01450295691354548,0.0645827466441378,0.002065145968271848,0.1423948220064725,2.2048430797019645,1.0,0.0011285051763334937,1.0907318161772128,0.5544947979581499,0.026812918951858625,0.08318434910536393,0.0871857830962595
Large Lemon,Unsalted Butter,0.0645827466441378,0.01450295691354548,0.002065145968271848,0.03197674418604651,2.2048430797019645,1.0,0.0011285051763334937,1.0180509994646858,0.5841809971263057,0.026812918951858625,0.017730938306801305,0.0871857830962595
Yellow Onions,Large Lemon,0.0308363841171501,0.0645827466441378,0.004177227072186238,0.1354642313546423,2.0975297334607625,1.0,0.0021857286893270187,1.0819879145331013,0.5398971901134042,0.04578189300411522,0.0757752590688414,0.10007223195639092
Large Lemon,Yellow Onions,0.0645827466441378,0.0308363841171501,0.004177227072186238,0.06468023255813954,2.0975297334607625,1.0,0.0021857286893270187,1.0361842544326352,0.5593746652609978,0.04578189300411522,0.03492067581402106,0.10007223195639092
Organic Strawberries,Lime Sparkling Water,0.11090772552332676,0.018210832629306298,0.002065145968271848,0.018620397799407534,1.0224901946241673,1.0,4.542394146950235e-05,1.00041733613495,0.02473928963925271,0.016254155892131507,0.0004171620381574209,0.06601122982753882
Lime Sparkling Water,Organic Strawberries,0.018210832629306298,0.11090772552332676,0.002065145968271848,0.1134020618556701,1.0224901946241673,1.0,4.542394146950235e-05,1.0028133793515965,0.022403497640135963,0.016254155892131507,0.0028054864539358787,0.06601122982753882
Sparkling Water Grapefruit,Lime Sparkling Water,0.03327701117056228,0.018210832629306298,0.005303670327607247,0.15937940761636107,8.751901182149972,1.0,0.004697668246776581,1.16793375782856,0.9162284566744621,0.11483739837398374,0.14378705701664543,0.2253082605092115
Lime Sparkling Water,Sparkling Water Grapefruit,0.018210832629306298,0.03327701117056228,0.005303670327607247,0.2912371134020619,8.751901182149972,1.0,0.004697668246776581,1.3639582533302614,0.9021683488920497,0.11483739837398374,0.2668397309386964,0.2253082605092115
Limes,Michigan Organic Kale,0.059513751994743264,0.028865108420163335,0.0025344973246972683,0.04258675078864353,1.4753712395168115,1.0,0.000816626420878292,1.0143319954886596,0.3425935167625955,0.02952433023510115,0.014129491677678173,0.065195814418712
Michigan Organic Kale,Limes,0.028865108420163335,0.059513751994743264,0.0025344973246972683,0.08780487804878048,1.4753712395168115,1.0,0.000816626420878292,1.0310143360485433,0.3317813971721467,0.02952433023510115,0.03008138195964253,0.065195814418712
Limes,Organic Avocado,0.059513751994743264,0.07612879001220313,0.009950248756218905,0.167192429022082,2.1961787254898146,1.0,0.00541953882777276,1.109345354417165,0.5791298419794844,0.07916355489171024,0.09856746051333466,0.1489476325135071
Organic Avocado,Limes,0.07612879001220313,0.059513751994743264,0.009950248756218905,0.13070283600493218,2.1961787254898146,1.0,0.00541953882777276,1.081892690967749,0.589544999674096,0.07916355489171024,0.07569391276180683,0.1489476325135071
Organic Baby Arugula,Limes,0.03107105979536281,0.059513751994743264,0.0035670703088331924,0.1148036253776435,1.9290268472366503,1.0,0.001717914961958132,1.0624605736851194,0.49704769577499264,0.04099244875943905,0.0587886037676451,0.08737026694749683
Limes,Organic Baby Arugula,0.059513751994743264,0.03107105979536281,0.0035670703088331924,0.05993690851735016,1.9290268472366503,1.0,0.001717914961958132,1.0307062887411744,0.5120796801865929,0.04099244875943905,0.029791502270425426,0.08737026694749683
Limes,Organic Baby Carrots,0.059513751994743264,0.03412184361212804,0.00211208110391439,0.03548895899053627,1.0400656949826215,1.0,8.136216557878741e-05,1.0014174180701731,0.04095995386543342,0.023076923076923075,0.0014154118398545,0.048693585409986154
Organic Baby Carrots,Limes,0.03412184361212804,0.059513751994743264,0.00211208110391439,0.06189821182943603,1.0400656949826215,1.0,8.136216557878741e-05,1.0025417922284774,0.03988316028745589,0.023076923076923075,0.002535347900886518,0.048693585409986154
Limes,Organic Baby Spinach,0.059513751994743264,0.10452454707594105,0.007274946024594011,0.1222397476340694,1.1694836385682454,1.0,0.0010542980525535877,1.0201822770060258,0.15409238575738352,0.046407185628742506,0.01978301080200653,0.09592005343086496
Organic Baby Spinach,Limes,0.10452454707594105,0.059513751994743264,0.007274946024594011,0.06960035922766053,1.1694836385682454,1.0,0.0010542980525535877,1.0108411555539125,0.16183779159318887,0.046407185628742506,0.010724885402961138,0.09592005343086496
Organic Black Beans,Limes,0.016802778560030037,0.059513751994743264,0.0023936919177696423,0.14245810055865923,2.393700544560563,1.0,0.0013936955217254254,1.0967233771527098,0.5921871899418542,0.03238095238095238,0.08819304773444424,0.09133946037396684
Limes,Organic Black Beans,0.059513751994743264,0.016802778560030037,0.0023936919177696423,0.04022082018927445,2.393700544560563,1.0,0.0013936955217254254,1.0243994057402481,0.619080609586883,0.03238095238095238,0.02381825448504303,0.09133946037396684
Limes,Organic Blackberries,0.059513751994743264,0.02802027597859758,0.002159016239556932,0.0362776025236593,1.294691121221248,1.0,0.0004914244841424137,1.008568158804532,0.24201842586043032,0.025288620120945574,0.008495369132700038,0.056664764410908376
Organic Blackberries,Limes,0.02802027597859758,0.059513751994743264,0.002159016239556932,0.07705192629815745,1.2946911212212482,1.0,0.0004914244841424137,1.0190023413051512,0.23417669696225324,0.025288620120945574,0.018647985912193965,0.056664764410908376
Limes,Organic Cilantro,0.059513751994743264,0.02900591382709096,0.007932037923589598,0.13328075709779177,4.594951150041346,1.0,0.006205787161703212,1.120309828268652,0.8318780116595037,0.0984274898078043,0.10738978203429773,0.2033717701346564
Organic Cilantro,Limes,0.02900591382709096,0.059513751994743264,0.007932037923589598,0.273462783171521,4.594951150041346,1.0,0.006205787161703212,1.294477731107458,0.8057410865058553,0.0984274898078043,0.2274876763275989,0.2033717701346564
Limes,Organic Cucumber,0.059513751994743264,0.03355862198441754,0.0028161081385525205,0.04731861198738171,1.4100284573470694,1.0,0.0008189086324865563,1.014443433215032,0.309195861197059,0.031201248049921998,0.014237790636839134,0.06561734795173281
Organic Cucumber,Limes,0.03355862198441754,0.059513751994743264,0.0028161081385525205,0.0839160839160839,1.4100284573470692,1.0,0.0008189086324865563,1.0266376600362725,0.3008919754585337,0.031201248049921998,0.025946505834718223,0.06561734795173281
Limes,Organic Fuji Apple,0.059513751994743264,0.03867455176945461,0.00211208110391439,0.03548895899053627,0.9176307770052984,1.0,-0.0001895865786007908,0.9966971940771312,-0.08712739377103215,0.021983390327308255,-0.0033137505979706165,0.04505030473798658
Organic Fuji Apple,Limes,0.03867455176945461,0.059513751994743264,0.00211208110391439,0.05461165048543689,0.9176307770052984,1.0,-0.0001895865786007908,0.9948147218951624,-0.08539997936000125,0.021983390327308255,-0.00521230535768448,0.04505030473798658
Limes,Organic Garlic,0.059513751994743264,0.04721674645639726,0.006336243311743171,0.10646687697160884,2.254854155822165,1.0,0.003526197573138472,1.0663099430655678,0.5917283088058616,0.06311360448807855,0.06218636851020187,0.12033085399276268
Organic Garlic,Limes,0.04721674645639726,0.059513751994743264,0.006336243311743171,0.13419483101391652,2.2548541558221653,1.0,0.003526197573138472,1.0862562175583104,0.5840912242291553,0.06311360448807855,0.0794068804063532,0.12033085399276268
Organic Garnet Sweet Potato (Yam),Limes,0.024640946212334553,0.059513751994743264,0.0023467567821271003,0.09523809523809523,1.6002703920684993,1.0,0.0008802816203304132,1.0394848004268626,0.38458207016024254,0.02868617326448652,0.03798497141146108,0.06733513594712333
Limes,Organic Garnet Sweet Potato (Yam),0.059513751994743264,0.024640946212334553,0.0023467567821271003,0.03943217665615142,1.6002703920684993,1.0,0.0008802816203304132,1.0153984238117897,0.39884219982034136,0.02868617326448652,0.015164908129347102,0.06733513594712333
Organic Ginger Root,Limes,0.022575800244062704,0.059513751994743264,0.0033323946306204823,0.14760914760914762,2.4802527594325703,1.0,0.0019888240538124703,1.1033509397329964,0.6106000710143212,0.04231227651966627,0.0936700518495109,0.10180141923044131
Limes,Organic Ginger Root,0.059513751994743264,0.022575800244062704,0.0033323946306204823,0.055993690851735015,2.4802527594325703,1.0,0.0019888240538124703,1.0354000712535743,0.6345816188678133,0.04231227651966627,0.03418975161042335,0.10180141923044131
Limes,Organic Grape Tomatoes,0.059513751994743264,0.034966676053693795,0.0030507838167652306,0.051261829652996846,1.4660195202506723,1.0,0.00096978573002517,1.0171756066200468,0.3379962686280683,0.03336755646817248,0.016885586429976694,0.06925507590032393
Organic Grape Tomatoes,Limes,0.034966676053693795,0.059513751994743264,0.0030507838167652306,0.087248322147651,1.4660195202506723,1.0,0.00096978573002517,1.0303856687704651,0.32939882451093,0.03336755646817248,0.029489607329965684,0.06925507590032393
Limes,Organic Hass Avocado,0.059513751994743264,0.0930723739791608,0.008260583873087392,0.138801261829653,1.4913261142423535,1.0,0.002721497690529621,1.0530991115333554,0.35030374107377804,0.05723577235772358,0.05042176083126775,0.11377783716797829
Organic Hass Avocado,Limes,0.0930723739791608,0.059513751994743264,0.008260583873087392,0.08875441250630357,1.4913261142423533,1.0,0.002721497690529621,1.032088671717999,0.3632658678070882,0.05723577235772358,0.031091002737763447,0.11377783716797829
Limes,Organic Italian Parsley Bunch,0.059513751994743264,0.025157232704402517,0.0027222378672674364,0.04574132492113565,1.8182176656151419,1.0,0.0012250365592235807,1.0215707677114196,0.4784874256154686,0.03321878579610539,0.02111529459651979,0.07697514007250812
Organic Italian Parsley Bunch,Limes,0.025157232704402517,0.059513751994743264,0.0027222378672674364,0.10820895522388059,1.8182176656151419,1.0,0.0012250365592235807,1.0546038262150996,0.46162402669632924,0.03321878579610539,0.05177662441361413,0.07697514007250812
Organic Lemon,Limes,0.04003567070308833,0.059513751994743264,0.0047404486998967425,0.11840562719812427,1.9895507043243184,1.0,0.002357775722729935,1.0668015552506436,0.5181171224246074,0.05,0.06261853942924622,0.09902931202177506
Limes,Organic Lemon,0.059513751994743264,0.04003567070308833,0.0047404486998967425,0.07965299684542587,1.9895507043243184,1.0,0.002357775722729935,1.0430460750201234,0.528847664684624,0.05,0.04126958151804838,0.09902931202177506
Limes,Organic Raspberries,0.059513751994743264,0.06049938984323665,0.00398948652961607,0.06703470031545741,1.1080227501327662,1.0,0.00038894084665239484,1.0070048805399627,0.1036606917445089,0.03438511326860841,0.0069561535155685476,0.06648864573569613
Organic Raspberries,Limes,0.06049938984323665,0.059513751994743264,0.00398948652961607,0.06594259115593483,1.1080227501327662,1.0,0.00038894084665239484,1.0068827023910099,0.10376944303224604,0.03438511326860841,0.006835654614649541,0.06648864573569613
Organic Red Bell Pepper,Limes,0.02548577865390031,0.059513751994743264,0.0030977189524077726,0.12154696132596686,2.042334036286317,1.0,0.0015809646422066277,1.0706164206852293,0.523711322150854,0.03782234957020058,0.06595865645329124,0.08679871725604336
Limes,Organic Red Bell Pepper,0.059513751994743264,0.02548577865390031,0.0030977189524077726,0.052050473186119876,2.042334036286317,1.0,0.0015809646422066277,1.028023321686235,0.5426598553657143,0.03782234957020058,0.027259422130880416,0.08679871725604336
Organic Red Onion,Limes,0.025626584060827937,0.059513751994743264,0.004130291936543696,0.16117216117216115,2.7081498942697677,1.0,0.0026051577682751417,1.1211910292813758,0.6473331581713084,0.05098493626882966,0.10809132977014002,0.11528639604349383
Limes,Organic Red Onion,0.059513751994743264,0.025626584060827937,0.004130291936543696,0.0694006309148265,2.7081498942697677,1.0,0.0026051577682751417,1.0470385520431102,0.6706575688010961,0.05098493626882966,0.044925329589175986,0.11528639604349383
Limes,Organic Small Bunch Celery,0.059513751994743264,0.029193654369661128,0.0024406270534121843,0.04100946372239748,1.4047389615263677,1.0,0.0007032031474359191,1.0123210906737414,0.3063563844080862,0.028291621327529923,0.012171129088638594,0.062305374948015455
Organic Small Bunch Celery,Limes,0.029193654369661128,0.059513751994743264,0.0024406270534121843,0.08360128617363344,1.4047389615263675,1.0,0.0007032031474359191,1.0262849934373153,0.29678830162295644,0.028291621327529923,0.025611787764020066,0.062305374948015455
Organic Strawberries,Limes,0.11090772552332676,0.059513751994743264,0.007181075753308927,0.06474820143884892,1.087953611873908,1.0,0.0005805408822126008,1.0055968344056208,0.09092775402230087,0.043990799309948245,0.005565684192839362,0.09270533100333614
Limes,Organic Strawberries,0.059513751994743264,0.11090772552332676,0.007181075753308927,0.12066246056782334,1.087953611873908,1.0,0.0005805408822126008,1.0110932771627101,0.08595890031163017,0.043990799309948245,0.010971566534236619,0.09270533100333614
Organic Tomato Cluster,Limes,0.02787947057166995,0.059513751994743264,0.002252886510842016,0.0808080808080808,1.3578051811490297,1.0,0.0005936746134949076,1.0231663577200045,0.27107473928157594,0.026460859977949284,0.022641829009729993,0.05933148519899308
Limes,Organic Tomato Cluster,0.059513751994743264,0.02787947057166995,0.002252886510842016,0.03785488958990536,1.3578051811490297,1.0,0.0005936746134949076,1.0103678945205923,0.2801926339954088,0.026460859977949284,0.010261504326116439,0.05933148519899308
Limes,Organic Whole Milk,0.059513751994743264,0.05749554116211396,0.0037078757157608185,0.062302839116719244,1.0836116654863839,1.0,0.0002861003382352155,1.0051267063132376,0.08204285275697695,0.032725766362883185,0.0051005572541616565,0.0633963175175433
Organic Whole Milk,Limes,0.05749554116211396,0.059513751994743264,0.0037078757157608185,0.06448979591836734,1.0836116654863839,1.0,0.0002861003382352155,1.005319069639127,0.08186717213008834,0.032725766362883185,0.0052909268308581016,0.0633963175175433
Limes,Organic Yellow Onion,0.059513751994743264,0.04702900591382709,0.004881254106824369,0.08201892744479496,1.7440072536315383,1.0,0.002082381512309549,1.0381161688155218,0.4536035378933872,0.048014773776546636,0.0367166700225966,0.09290567130722782
Organic Yellow Onion,Limes,0.04702900591382709,0.059513751994743264,0.004881254106824369,0.10379241516966067,1.744007253631538,1.0,0.002082381512309549,1.0494067043443955,0.44766093835242776,0.048014773776546636,0.04708060672745735,0.09290567130722782
Organic Zucchini,Limes,0.042523232892143055,0.059513751994743264,0.004083356800901154,0.09602649006622517,1.6135176635260202,1.0,0.001552639664543443,1.0403913805772438,0.39712305611899934,0.04168663152850983,0.03882325568175434,0.08231923872396432
Limes,Organic Zucchini,0.059513751994743264,0.042523232892143055,0.004083356800901154,0.06861198738170346,1.61351766352602,1.0,0.001552639664543443,1.028010618706827,0.4042973522720624,0.04168663152850983,0.027247402115420295,0.08231923872396432
Original Hummus,Limes,0.03191589223692856,0.059513751994743264,0.0027222378672674364,0.08529411764705884,1.4331833364260533,1.0,0.0008228033719879183,1.0281843225780942,0.31221725508815473,0.03068783068783069,0.02741174122109171,0.06551772128409725
Limes,Original Hummus,0.059513751994743264,0.03191589223692856,0.0027222378672674364,0.04574132492113565,1.4331833364260533,1.0,0.0008228033719879183,1.014488139374855,0.3213790350059027,0.03068783068783069,0.014281230910972373,0.06551772128409725
Limes,Red Onion,0.059513751994743264,0.017929221815451046,0.0026753027316248944,0.044952681388012616,2.507229920557583,1.0,0.0016082674710414004,1.0282954143171,0.639194302754591,0.035781544256120526,0.027516814646004438,0.09708367053693825
Red Onion,Limes,0.017929221815451046,0.059513751994743264,0.0026753027316248944,0.1492146596858639,2.5072299205575836,1.0,0.0016082674710414004,1.1054330668861787,0.6121284380900638,0.035781544256120526,0.09537716035866933,0.09708367053693825
Limes,Red Peppers,0.059513751994743264,0.023749178635126256,0.0028161081385525205,0.04731861198738171,1.9924315158165111,1.0,0.0014027054111827612,1.0247401005717383,0.5296203879296004,0.03500583430571762,0.024142805144382436,0.08294784354309796
Red Peppers,Limes,0.023749178635126256,0.059513751994743264,0.0028161081385525205,0.11857707509881422,1.992431515816511,1.0,0.0014027054111827612,1.0670090616382508,0.5102179487179488,0.03500583430571762,0.06280083651339136,0.08294784354309796
Limes,Red Vine Tomato,0.059513751994743264,0.022763540786632872,0.0026753027316248944,0.044952681388012616,1.974766659078344,1.0,0.0013205590107270026,1.0232335510177948,0.5248466510121997,0.033608490566037735,0.02270600978113428,0.08123922729194447
Red Vine Tomato,Limes,0.022763540786632872,0.059513751994743264,0.0026753027316248944,0.1175257731958763,1.9747666590783444,1.0,0.0013205590107270026,1.0657379212209102,0.5051091298680398,0.033608490566037735,0.061683008469475026,0.08123922729194447
Limes,Roma Tomato,0.059513751994743264,0.017412935323383085,0.002205951375199474,0.03706624605678233,2.1286615592609284,1.0,0.0011696422608631486,1.0204098263799757,0.5637735111798222,0.029522613065326633,0.02000159725272531,0.08187544108769035
Roma Tomato,Limes,0.017412935323383085,0.059513751994743264,0.002205951375199474,0.12668463611859837,2.1286615592609284,1.0,0.0011696422608631486,1.0769148086726859,0.5396175599245892,0.029522613065326633,0.07142144211712032,0.08187544108769035
Limes,Seedless Red Grapes,0.059513751994743264,0.03482587064676617,0.0022998216464845582,0.03864353312302839,1.1096214511041007,1.0,0.00022720341781190707,1.0039711206069735,0.10504327492050808,0.02498725140234574,0.003955413184168585,0.052340634486042495
Seedless Red Grapes,Limes,0.03482587064676617,0.059513751994743264,0.0022998216464845582,0.0660377358490566,1.109621451104101,1.0,0.00022720341781190707,1.006985275641992,0.1023564064801177,0.02498725140234574,0.006936820041920352,0.052340634486042495
Limes,Small Hass Avocado,0.059513751994743264,0.021730967802496948,0.0023467567821271003,0.03943217665615142,1.814561459688903,1.0,0.0010534653537235459,1.0184278594634104,0.4773091126858968,0.0297441998810232,0.018094418070141637,0.07371176867364806
Small Hass Avocado,Limes,0.021730967802496948,0.059513751994743264,0.0023467567821271003,0.1079913606911447,1.814561459688903,1.0,0.0010534653537235459,1.0543465685870068,0.458874442258792,0.0297441998810232,0.05154526054923291,0.07371176867364806
Sparkling Water Grapefruit,Limes,0.03327701117056228,0.059513751994743264,0.002018210832629306,0.060648801128349784,1.019072047981562,1.0,3.7771042698161224e-05,1.0012083330866772,0.019359333206122764,0.022233712512926575,0.0012068747799491232,0.047280236526320005
Limes,Sparkling Water Grapefruit,0.059513751994743264,0.03327701117056228,0.002018210832629306,0.03391167192429022,1.019072047981562,1.0,3.7771042698161224e-05,1.00065693864141,0.019899400441486706,0.022233712512926575,0.0006565073563590529,0.047280236526320005
Strawberries,Limes,0.06242373040458087,0.059513751994743264,0.0036140054444757344,0.057894736842105256,0.9727959488626929,1.0,-0.00010106496540920624,0.9982814922960825,-0.028962835299836575,0.030543435144783814,-0.0017214660565977342,0.05931014444628922
Limes,Strawberries,0.059513751994743264,0.06242373040458087,0.0036140054444757344,0.06072555205047318,0.9727959488626929,1.0,-0.00010106496540920624,0.9981920317774907,-0.028875808469767276,0.030543435144783814,-0.0018112428921014429,0.05931014444628922
Limes,Yellow Onions,0.059513751994743264,0.0308363841171501,0.00398948652961607,0.06703470031545741,2.173883295161546,1.0,0.0021542976128533587,1.0387992095853371,0.5741643817922417,0.04619565217391304,0.03735005689966272,0.09820532580460846
Yellow Onions,Limes,0.0308363841171501,0.059513751994743264,0.00398948652961607,0.1293759512937595,2.173883295161546,1.0,0.0021542976128533587,1.0802438198242197,0.5571749664561451,0.04619565217391304,0.07428306309336462,0.09820532580460846
Michigan Organic Kale,Organic Avocado,0.028865108420163335,0.07612879001220313,0.004364967614756406,0.15121951219512195,1.986364319870079,1.0,0.0021675018371583154,1.0884689542959676,0.5113271938399273,0.04337686567164179,0.08127834417949951,0.10427806682505789
Organic Avocado,Michigan Organic Kale,0.07612879001220313,0.028865108420163335,0.004364967614756406,0.05733662145499384,1.986364319870079,1.0,0.0021675018371583154,1.0302032662802454,0.5374858244128193,0.04337686567164179,0.029317773752844167,0.10427806682505789
Michigan Organic Kale,Organic Baby Spinach,0.028865108420163335,0.10452454707594105,0.005209800056322163,0.18048780487804877,1.7267504134403713,1.0,0.0021926876724066577,1.0926932610085243,0.4333872802772324,0.040644452581471986,0.08483008390018906,0.11516532138828348
Organic Baby Spinach,Michigan Organic Kale,0.10452454707594105,0.028865108420163335,0.005209800056322163,0.049842837898518184,1.7267504134403715,1.0,0.0021926876724066577,1.0220781680284954,0.4700045189064529,0.040644452581471986,0.021601251958137762,0.11516532138828348
Michigan Organic Kale,Organic Cilantro,0.028865108420163335,0.02900591382709096,0.002065145968271848,0.07154471544715446,2.466556160707238,1.0,0.0012278871208269526,1.0458167478044467,0.6122490674469795,0.03700588730025231,0.04380953728330786,0.07137106322519535
Organic Cilantro,Michigan Organic Kale,0.02900591382709096,0.028865108420163335,0.002065145968271848,0.07119741100323625,2.466556160707238,1.0,0.0012278871208269526,1.0455772874500682,0.6123378506644167,0.03700588730025231,0.043590548491370715,0.07137106322519535
Michigan Organic Kale,Organic Cucumber,0.028865108420163335,0.03355862198441754,0.0025344973246972683,0.08780487804878048,2.616462561828415,1.0,0.0015658240626857793,1.0594678208192214,0.6361676305854934,0.04231974921630094,0.05612989809661099,0.081664676786628
Organic Cucumber,Michigan Organic Kale,0.03355862198441754,0.028865108420163335,0.0025344973246972683,0.07552447552447551,2.616462561828415,1.0,0.0015658240626857793,1.0504711762172212,0.6392571727669586,0.04231974921630094,0.04804622664561767,0.081664676786628
Michigan Organic Kale,Organic Garlic,0.028865108420163335,0.04721674645639726,0.0025344973246972683,0.08780487804878048,1.859613053386995,1.0,0.0011715808189859986,1.0444950105691901,0.4759933196934792,0.03446075303126994,0.04259954343385798,0.07074140522717354
Organic Garlic,Michigan Organic Kale,0.04721674645639726,0.028865108420163335,0.0025344973246972683,0.0536779324055666,1.859613053386995,1.0,0.0011715808189859986,1.0262202740854156,0.48516146688560485,0.03446075303126994,0.025550337240007825,0.07074140522717354
Michigan Organic Kale,Organic Hass Avocado,0.028865108420163335,0.0930723739791608,0.004271097343471322,0.14796747967479673,1.5898109540853351,1.0,0.0015845531776408571,1.0644284160359085,0.38202148728464513,0.0362983645791783,0.06052865093159547,0.09692877261601662
Organic Hass Avocado,Michigan Organic Kale,0.0930723739791608,0.028865108420163335,0.004271097343471322,0.04589006555723651,1.589810954085335,1.0,0.0015845531776408571,1.0178438107837295,0.4090672562959475,0.0362983645791783,0.017530991095765357,0.09692877261601662
Organic Lemon,Michigan Organic Kale,0.04003567070308833,0.028865108420163335,0.0022998216464845582,0.0574443141852286,1.9900952163097243,1.0,0.0011441876709659567,1.0303209732805978,0.5182603819408759,0.034531360112755455,0.029428667441422866,0.06855955546659803
Michigan Organic Kale,Organic Lemon,0.028865108420163335,0.04003567070308833,0.0022998216464845582,0.07967479674796747,1.9900952163097243,1.0,0.0011441876709659567,1.0430707818332168,0.5122990475006879,0.034531360112755455,0.041292290593663274,0.06855955546659803
Michigan Organic Kale,Organic Raspberries,0.028865108420163335,0.06049938984323665,0.002159016239556932,0.07479674796747966,1.2363223523623907,1.0,0.00041269479237817795,1.0154532078144278,0.19683101033215444,0.024757804090419805,0.01521804027552189,0.05524166335534572
Organic Raspberries,Michigan Organic Kale,0.06049938984323665,0.028865108420163335,0.002159016239556932,0.03568657874321179,1.2363223523623907,1.0,0.00041269479237817795,1.0070739141161782,0.20345858194447758,0.024757804090419805,0.00702422534932436,0.05524166335534572
Michigan Organic Kale,Organic Small Bunch Celery,0.028865108420163335,0.029193654369661128,0.0026753027316248944,0.09268292682926829,3.1747627637048077,1.0,0.0018326247330638509,1.0699747357753735,0.705376606660918,0.048305084745762714,0.0653984934743952,0.09216139910595247
Organic Small Bunch Celery,Michigan Organic Kale,0.029193654369661128,0.028865108420163335,0.0026753027316248944,0.09163987138263666,3.1747627637048073,1.0,0.0018326247330638509,1.0691077921462981,0.7056153243290008,0.048305084745762714,0.0646406215107272,0.09216139910595247
Organic Strawberries,Michigan Organic Kale,0.11090772552332676,0.028865108420163335,0.004036421665258612,0.03639441388066018,1.2608445238070662,1.0,0.0008350581433940688,1.0078136797554476,0.23268765906041244,0.0297372060857538,0.0077530995186963275,0.08811590612732195
Michigan Organic Kale,Organic Strawberries,0.028865108420163335,0.11090772552332676,0.004036421665258612,0.13983739837398373,1.2608445238070662,1.0,0.0008350581433940688,1.0336327954691005,0.21302993212417926,0.0297372060857538,0.03253843687674062,0.08811590612732195
Organic Yellow Onion,Michigan Organic Kale,0.04702900591382709,0.028865108420163335,0.0026753027316248944,0.056886227544910184,1.9707609171900102,1.0,0.0013178053770297729,1.0297112818656047,0.5168906308324002,0.036538461538461534,0.02885399275394405,0.07478457718708924
Michigan Organic Kale,Organic Yellow Onion,0.028865108420163335,0.04702900591382709,0.0026753027316248944,0.09268292682926829,1.9707609171900102,1.0,0.0013178053770297729,1.0503174934820723,0.5072228199903849,0.036538461538461534,0.04790693651617367,0.07478457718708924
Organic Zucchini,Michigan Organic Kale,0.042523232892143055,0.028865108420163335,0.0023936919177696423,0.056291390728476824,1.9501534485543532,1.0,0.0011662541899620774,1.029062235989862,0.5088581314878893,0.0346938775510204,0.028241475562366593,0.06960910999838475
Michigan Organic Kale,Organic Zucchini,0.028865108420163335,0.042523232892143055,0.0023936919177696423,0.08292682926829267,1.950153448554353,1.0,0.0011662541899620774,1.0440571130697376,0.5017015070491007,0.0346938775510204,0.04219799139167862,0.06960910999838475
Michigan Organic Kale,Yellow Onions,0.028865108420163335,0.0308363841171501,0.002159016239556932,0.07479674796747966,2.4256004751828337,1.0,0.0012689206687295919,1.0475142772723247,0.6052001185140357,0.03752039151712887,0.045359073669190834,0.07240598433381593
Yellow Onions,Michigan Organic Kale,0.0308363841171501,0.028865108420163335,0.002159016239556932,0.0700152207001522,2.4256004751828337,1.0,0.0012689206687295919,1.0442481567396935,0.6064310936207037,0.03752039151712887,0.04237321986551848,0.07240598433381593
Orange Bell Pepper,Organic Baby Spinach,0.016333427203604617,0.10452454707594105,0.0022998216464845582,0.14080459770114942,1.3470959850115354,1.0,0.0005925775658299313,1.042225610761112,0.2619407912033981,0.01939825811559778,0.040514846617783394,0.08140364595430169
Organic Baby Spinach,Orange Bell Pepper,0.10452454707594105,0.016333427203604617,0.0022998216464845582,0.02200269420745397,1.3470959850115354,1.0,0.0005925775658299313,1.0057968124965897,0.28773809434670666,0.01939825811559778,0.005763403129306915,0.08140364595430169
Orange Bell Pepper,Organic Hass Avocado,0.016333427203604617,0.0930723739791608,0.002159016239556932,0.13218390804597702,1.4202271027874869,1.0,0.0006388253945016449,1.0450689200505034,0.30080035848093717,0.02013129102844639,0.04312530894931359,0.07769054202097136
Organic Hass Avocado,Orange Bell Pepper,0.0930723739791608,0.016333427203604617,0.002159016239556932,0.02319717599596571,1.4202271027874869,1.0,0.0006388253945016449,1.0070267495380754,0.3262523372687202,0.02013129102844639,0.006977718855331876,0.07769054202097136
Organic Strawberries,Orange Bell Pepper,0.11090772552332676,0.016333427203604617,0.0022998216464845582,0.02073635209479475,1.2695652808382099,1.0,0.0004883183853319388,1.004496158823631,0.23881526426756106,0.018407212622088654,0.00447603386447643,0.08077047489797208
Orange Bell Pepper,Organic Strawberries,0.016333427203604617,0.11090772552332676,0.0022998216464845582,0.14080459770114942,1.2695652808382099,1.0,0.0004883183853319388,1.0347963595915795,0.21585444942362864,0.018407212622088654,0.03362628721008761,0.08077047489797208
Orange Bell Pepper,Red Peppers,0.016333427203604617,0.023749178635126256,0.00211208110391439,0.12931034482758622,5.444834400981327,1.0,0.0017241756235321533,1.121238567112132,0.8298947100550307,0.05562422744128554,0.10812914456233423,0.10912157557584844
Red Peppers,Orange Bell Pepper,0.023749178635126256,0.016333427203604617,0.00211208110391439,0.08893280632411066,5.444834400981327,1.0,0.0017241756235321533,1.0796860864099262,0.8361987179487179,0.05562422744128554,0.07380486551872802,0.10912157557584844
Organic Baby Arugula,Organic Avocado,0.03107105979536281,0.07612879001220313,0.004271097343471322,0.13746223564954682,1.8056537563188932,1.0,0.00190569515685354,1.0711081278667627,0.46049193975952357,0.04149566803465572,0.06638744120855744,0.09678290574092631
Organic Avocado,Organic Baby Arugula,0.07612879001220313,0.03107105979536281,0.004271097343471322,0.056103575832305796,1.8056537563188932,1.0,0.00190569515685354,1.0265204056250303,0.48295039648423105,0.04149566803465572,0.025835244462464026,0.09678290574092631
Organic Baby Carrots,Organic Avocado,0.03412184361212804,0.07612879001220313,0.00398948652961607,0.11691884456671249,1.5358032690125627,1.0,0.0013918318624391397,1.046190606948798,0.36119973816826395,0.03754416961130742,0.04415123462397767,0.08466164176547708
Organic Avocado,Organic Baby Carrots,0.07612879001220313,0.03412184361212804,0.00398948652961607,0.05240443896424168,1.5358032690125627,1.0,0.0013918318624391397,1.0192936692655357,0.37762291260743264,0.03754416961130742,0.018928469632738865,0.08466164176547708
Organic Avocado,Organic Baby Spinach,0.07612879001220313,0.10452454707594105,0.012109264995775838,0.1590628853267571,1.5217754085190331,1.0,0.004151937700310882,1.0648542409404864,0.37112619701359,0.07184628237259816,0.06090433643125357,0.13745690292381862
Organic Baby Spinach,Organic Avocado,0.10452454707594105,0.07612879001220313,0.012109264995775838,0.11585092052088011,1.5217754085190331,1.0,0.004151937700310882,1.0449269602045828,0.38289470423059413,0.07184628237259816,0.042995311553437915,0.13745690292381862
Organic Black Beans,Organic Avocado,0.016802778560030037,0.07612879001220313,0.0022998216464845582,0.13687150837988826,1.797894178509186,1.0,0.0010206464458664827,1.0703750588208132,0.4513781453005109,0.025375453133091662,0.06574803685947468,0.08354056306787261
Organic Avocado,Organic Black Beans,0.07612879001220313,0.016802778560030037,0.0022998216464845582,0.03020961775585697,1.7978941785091862,1.0,0.0010206464458664827,1.0138244711860338,0.4803632080753457,0.025375453133091662,0.013635961232876102,0.08354056306787261
Organic Avocado,Organic Blackberries,0.07612879001220313,0.02802027597859758,0.0026283675959823524,0.03452527743526511,1.2321533685691095,1.0,0.0004952178899237177,1.0067376196441347,0.2039382965134845,0.025889967637540454,0.006692527936441084,0.06416381124694578
Organic Blackberries,Organic Avocado,0.02802027597859758,0.07612879001220313,0.0026283675959823524,0.09380234505862646,1.2321533685691095,1.0,0.0004952178899237177,1.0195029803377351,0.19384429130191844,0.025889967637540454,0.01912989046022635,0.06416381124694578
Organic Blueberries,Organic Avocado,0.042429362620857974,0.07612879001220313,0.0032854594949779407,0.07743362831858408,1.0171398797507722,1.0,5.536345766302348e-05,1.0014143571090748,0.017597714509782137,0.028501628664495116,0.0014123595283353253,0.060295112556332735
Organic Avocado,Organic Blueberries,0.07612879001220313,0.042429362620857974,0.0032854594949779407,0.04315659679408139,1.0171398797507722,1.0,5.536345766302348e-05,1.0007600346836136,0.018239614480216177,0.028501628664495116,0.0007594574695960239,0.060295112556332735
Organic Broccoli,Organic Avocado,0.016990519102600205,0.07612879001220313,0.002159016239556932,0.1270718232044199,1.6691690907480707,1.0,0.0008655485785967552,1.0583587911885521,0.4078287441458797,0.023735810113519093,0.05514083850809645,0.0777159362631224
Organic Avocado,Organic Broccoli,0.07612879001220313,0.016990519102600205,0.002159016239556932,0.02836004932182491,1.6691690907480705,1.0,0.0008655485785967552,1.0117013819895828,0.43393442478110683,0.023735810113519093,0.011566043298835062,0.0777159362631224
Organic Cilantro,Organic Avocado,0.02900591382709096,0.07612879001220313,0.00422416220782878,0.14563106796116504,1.9129565560916046,1.0,0.002015977084974113,1.0813492571448076,0.4915055426656354,0.04186046511627907,0.07522940123859899,0.1005590604910634
Organic Avocado,Organic Cilantro,0.07612879001220313,0.02900591382709096,0.00422416220782878,0.055487053020961775,1.9129565560916046,1.0,0.002015977084974113,1.0280368196948162,0.5165752218383797,0.04186046511627907,0.027272194105984707,0.1005590604910634
Organic Cucumber,Organic Avocado,0.03355862198441754,0.07612879001220313,0.0033323946306204823,0.09930069930069929,1.3043777430953756,1.0,0.0007776173444698563,1.0257265763063272,0.24145377339067187,0.03133274492497794,0.02508131981816192,0.07153690945306235
Organic Avocado,Organic Cucumber,0.07612879001220313,0.03355862198441754,0.0033323946306204823,0.043773119605425403,1.3043777430953756,1.0,0.0007776173444698563,1.0106820858422145,0.2525794883096588,0.03133274492497794,0.01056918490181116,0.07153690945306235
Organic Avocado,Organic D'Anjou Pears,0.07612879001220313,0.0220125786163522,0.0022998216464845582,0.03020961775585697,1.3723797780517881,1.0,0.0006240306713731687,1.0084523823803413,0.2936975643742562,0.023996082272282077,0.00838153841274121,0.06734361484807774
Organic D'Anjou Pears,Organic Avocado,0.0220125786163522,0.07612879001220313,0.0022998216464845582,0.1044776119402985,1.372379778051788,1.0,0.0006240306713731687,1.031656184486373,0.27744602664216816,0.023996082272282077,0.030684820158504374,0.06734361484807774
Organic Fuji Apple,Organic Avocado,0.03867455176945461,0.07612879001220313,0.003942551393973529,0.10194174757281554,1.3390695892641233,1.0,0.00099830456350064,1.0287430770674926,0.26339968660054613,0.03556308213378493,0.027939995620118275,0.07686483186285661
Organic Avocado,Organic Fuji Apple,0.07612879001220313,0.03867455176945461,0.003942551393973529,0.05178791615289767,1.3390695892641236,1.0,0.00099830456350064,1.013829568940146,0.27407805227354126,0.03556308213378493,0.013640920884368607,0.07686483186285661
Organic Gala Apples,Organic Avocado,0.034027973340842954,0.07612879001220313,0.0031915892236928567,0.09379310344827586,1.2320319741485608,1.0,0.0006010807866869772,1.0194925833198671,0.19496708843393548,0.029837648091268102,0.01911988732315412,0.0678583273098346
Organic Avocado,Organic Gala Apples,0.07612879001220313,0.034027973340842954,0.0031915892236928567,0.04192355117139335,1.232031974148561,1.0,0.0006010807866869772,1.0082410728707547,0.20385173984245208,0.029837648091268102,0.008173712708697666,0.0678583273098346
Organic Avocado,Organic Garlic,0.07612879001220313,0.04721674645639726,0.006430113583028255,0.08446362515413071,1.7888489041092535,1.0,0.0028355598069897524,1.0406831227257398,0.4773190126628469,0.05499799277398636,0.039092709238123594,0.11032326386931188
Organic Garlic,Organic Avocado,0.04721674645639726,0.07612879001220313,0.006430113583028255,0.13618290258449306,1.7888489041092537,1.0,0.0028355598069897524,1.069521791999682,0.4628348495199742,0.05499799277398636,0.06500268860319089,0.11032326386931188
Organic Garnet Sweet Potato (Yam),Organic Avocado,0.024640946212334553,0.07612879001220313,0.0028630432741950625,0.11619047619047619,1.5262356878633083,1.0,0.0009871578542942532,1.0453284164732615,0.3535038705753444,0.02924256951102589,0.04336284727262172,0.0768991838412307
Organic Avocado,Organic Garnet Sweet Potato (Yam),0.07612879001220313,0.024640946212334553,0.0028630432741950625,0.03760789149198521,1.5262356878633083,1.0,0.0009871578542942532,1.0134736612707196,0.37320483308403934,0.02924256951102589,0.013294535206594333,0.0768991838412307
Organic Granny Smith Apple,Organic Avocado,0.026095935417253358,0.07612879001220313,0.002252886510842016,0.08633093525179855,1.1340116562730087,1.0,0.0002662345232899211,1.0111661274669588,0.12134136546184746,0.022535211267605635,0.011042821909917703,0.05796201509815575
Organic Avocado,Organic Granny Smith Apple,0.07612879001220313,0.026095935417253358,0.002252886510842016,0.029593094944512947,1.1340116562730087,1.0,0.0002662345232899211,1.0036038073400348,0.12791268712321352,0.022535211267605635,0.003590866548809293,0.05796201509815575
Organic Avocado,Organic Grape Tomatoes,0.07612879001220313,0.034966676053693795,0.005303670327607247,0.06966707768187423,1.9923849088456542,1.0,0.0026416995888908605,1.0372989075155128,0.5391324520341755,0.05013309671694765,0.035957723704586955,0.11067246501543376
Organic Grape Tomatoes,Organic Avocado,0.034966676053693795,0.07612879001220313,0.005303670327607247,0.15167785234899328,1.9923849088456542,1.0,0.0026416995888908605,1.089057043419159,0.5161365296357526,0.05013309671694765,0.08177445245619036,0.11067246501543376
Organic Half & Half,Organic Avocado,0.03379329766263024,0.07612879001220313,0.002065145968271848,0.06111111111111111,0.8027332511302918,1.0,-0.0005074968933064046,0.9840048390402569,-0.2027672158850866,0.019147084421235857,-0.016255164939375462,0.044119057405123986
Organic Avocado,Organic Half & Half,0.07612879001220313,0.03379329766263024,0.002065145968271848,0.027127003699136867,0.8027332511302918,1.0,-0.0005074968933064046,0.9931478271173725,-0.210106596429275,0.019147084421235857,-0.0068994491006601506,0.044119057405123986
Organic Italian Parsley Bunch,Organic Avocado,0.025157232704402517,0.07612879001220313,0.002252886510842016,0.08955223880597014,1.1763255240443897,1.0,0.00033769682500042796,1.0147437880193835,0.15376344086021504,0.02274881516587678,0.01452956716114611,0.05957266687524154
Organic Avocado,Organic Italian Parsley Bunch,0.07612879001220313,0.025157232704402517,0.002252886510842016,0.029593094944512947,1.1763255240443895,1.0,0.00033769682500042796,1.004571136310965,0.16224683329946485,0.02274881516587678,0.004550336104371344,0.05957266687524154
Organic Kiwi,Organic Avocado,0.021684032666854407,0.07612879001220313,0.0024875621890547263,0.11471861471861472,1.50690185277115,1.0,0.0008367830195420141,1.0435904621378047,0.3438426695343305,0.026095519448547513,0.041769701544137644,0.07369716185992388
Organic Avocado,Organic Kiwi,0.07612879001220313,0.021684032666854407,0.0024875621890547263,0.032675709001233046,1.50690185277115,1.0,0.0008367830195420141,1.0113629694164195,0.36410570025267147,0.026095519448547513,0.011235303011910922,0.07369716185992388
Organic Large Extra Fancy Fuji Apple,Organic Avocado,0.03219750305078382,0.07612879001220313,0.0028630432741950625,0.08892128279883382,1.1680375162219196,1.0,0.00041188632552467165,1.0140410400826059,0.1486492502901847,0.0271473075211393,0.013846619148138263,0.06326458714540951
Organic Avocado,Organic Large Extra Fancy Fuji Apple,0.07612879001220313,0.03219750305078382,0.0028630432741950625,0.03760789149198521,1.1680375162219196,1.0,0.00041188632552467165,1.0056218129734968,0.1557177169774237,0.0271473075211393,0.0055903848752782166,0.06326458714540951
Organic Lemon,Organic Avocado,0.04003567070308833,0.07612879001220313,0.0028161081385525205,0.07033997655334115,0.9239602592142334,1.0,-0.00023175902940060413,0.9937731930890172,-0.07896060150737094,0.02484472049689441,-0.006265822980822666,0.053665672616991164
Organic Avocado,Organic Lemon,0.07612879001220313,0.04003567070308833,0.0028161081385525205,0.036991368680641186,0.9239602592142334,1.0,-0.00023175902940060413,0.9968387593595331,-0.08179306291331515,0.02484472049689441,-0.0031712657747156366,0.053665672616991164
Organic Peeled Whole Baby Carrots,Organic Avocado,0.023232892143058292,0.07612879001220313,0.0036140054444757344,0.15555555555555556,2.0433210028771067,1.0,0.0018453134771406858,1.0940580118276542,0.5227455260610804,0.03774509803921569,0.08597168597168599,0.10151390601452254
Organic Avocado,Organic Peeled Whole Baby Carrots,0.07612879001220313,0.023232892143058292,0.0036140054444757344,0.04747225647348952,2.0433210028771067,1.0,0.0018453134771406858,1.0254474103197149,0.5526751241036956,0.03774509803921569,0.024815909683540808,0.10151390601452254
Organic Raspberries,Organic Avocado,0.06049938984323665,0.07612879001220313,0.0037548108514033605,0.062063615205585725,0.8152449972689332,1.0,-0.0008509344938388169,0.9850041271085773,-0.1943402168805385,0.0282585658777817,-0.01522417264934924,0.05569272005655365
Organic Avocado,Organic Raspberries,0.07612879001220313,0.06049938984323665,0.0037548108514033605,0.04932182490752158,0.8152449972689331,1.0,-0.0008509344938388169,0.9882425354567251,-0.19698031308547986,0.0282585658777817,-0.011897347180913486,0.05569272005655365
Organic Red Bell Pepper,Organic Avocado,0.02548577865390031,0.07612879001220313,0.0024875621890547263,0.09760589318600368,1.2821153885456193,1.0,0.0005473606976144608,1.0238001367823952,0.22579352422078833,0.02509469696969697,0.02324685837334864,0.06514080109361836
Organic Avocado,Organic Red Bell Pepper,0.07612879001220313,0.02548577865390031,0.0024875621890547263,0.032675709001233046,1.2821153885456193,1.0,0.0005473606976144608,1.007432802436822,0.23817064333449645,0.02509469696969697,0.007377963491801343,0.06514080109361836
Organic Red Onion,Organic Avocado,0.025626584060827937,0.07612879001220313,0.0034732000375481084,0.13553113553113552,1.7802875299792686,1.0,0.0015222792008512665,1.0687154251130022,0.44982034057178566,0.03533906399235912,0.06429721467315452,0.09057691178529649
Organic Avocado,Organic Red Onion,0.07612879001220313,0.025626584060827937,0.0034732000375481084,0.04562268803945746,1.7802875299792684,1.0,0.0015222792008512665,1.020951990086135,0.4744091785343563,0.03533906399235912,0.020522013071709085,0.09057691178529649
Organic Small Bunch Celery,Organic Avocado,0.029193654369661128,0.07612879001220313,0.0030977189524077726,0.10610932475884245,1.3938133620911821,1.0,0.0008752413692110043,1.0335393752021755,0.2910403591122989,0.03030303030303031,0.03245098929647924,0.07339991515377388
Organic Avocado,Organic Small Bunch Celery,0.07612879001220313,0.029193654369661128,0.0030977189524077726,0.040690505548705305,1.3938133620911821,1.0,0.0008752413692110043,1.0119845068203148,0.3058259900365165,0.03030303030303031,0.011842579347356181,0.07339991515377388
Organic Strawberries,Organic Avocado,0.11090772552332676,0.07612879001220313,0.01004411902750399,0.090562843842573,1.1896004629530583,1.0,0.0016008480804075853,1.0158714142397225,0.17926331873140336,0.056748872977989924,0.015623448024276596,0.11124936273509661
Organic Avocado,Organic Strawberries,0.07612879001220313,0.11090772552332676,0.01004411902750399,0.13193588162762024,1.1896004629530583,1.0,0.0016008480804075853,1.0242241968758268,0.17251498916525984,0.056748872977989924,0.0236512640003208,0.11124936273509661
Organic Tomato Cluster,Organic Avocado,0.02787947057166995,0.07612879001220313,0.0027222378672674364,0.09764309764309764,1.2826040927150668,1.0,0.0005998075064653778,1.0238423483819987,0.22665521237063974,0.02687673772011122,0.023287128550286453,0.0667007103505254
Organic Avocado,Organic Tomato Cluster,0.07612879001220313,0.02787947057166995,0.0027222378672674364,0.03575832305795315,1.282604092715067,1.0,0.0005998075064653778,1.0081710349953652,0.23849231653224398,0.02687673772011122,0.008104810306718321,0.0667007103505254
Organic Avocado,Organic Whole Milk,0.07612879001220313,0.05749554116211396,0.005960762226602835,0.07829839704069051,1.3618168549787364,1.0,0.0015836962468342803,1.0225700550067232,0.28757998422316716,0.04669117647058823,0.02207189120805498,0.09098593321422281
Organic Whole Milk,Organic Avocado,0.05749554116211396,0.07612879001220313,0.005960762226602835,0.10367346938775511,1.3618168549787364,1.0,0.0015836962468342803,1.0307306304508663,0.28189454755484394,0.04669117647058823,0.029814414690891616,0.09098593321422281
Organic Whole String Cheese,Organic Avocado,0.026799962451891486,0.07612879001220313,0.0028630432741950625,0.10683012259194397,1.4032814993489262,1.0,0.0008227945603600868,1.034373452751043,0.29529859625959115,0.02861163227016886,0.033231182277177314,0.07221900704196459
Organic Avocado,Organic Whole String Cheese,0.07612879001220313,0.026799962451891486,0.0028630432741950625,0.03760789149198521,1.4032814993489262,1.0,0.0008227945603600868,1.0112302760429417,0.3110656570535777,0.02861163227016886,0.011105557565866257,0.07221900704196459
Organic Yellow Onion,Organic Avocado,0.04702900591382709,0.07612879001220313,0.005256735191964705,0.11177644710578842,1.4682546128458251,1.0,0.001676473876268303,1.0401336543907556,0.3346578436339075,0.0445859872611465,0.0385850935803662,0.09041350098815931
Organic Avocado,Organic Yellow Onion,0.07612879001220313,0.04702900591382709,0.005256735191964705,0.06905055487053022,1.4682546128458251,1.0,0.001676473876268303,1.0236549353693858,0.3451987836386333,0.0445859872611465,0.023108309794696455,0.09041350098815931
Organic Zucchini,Organic Avocado,0.042523232892143055,0.07612879001220313,0.004083356800901154,0.09602649006622517,1.2613689256171354,1.0,0.0008461145334151864,1.0220113751513358,0.21641311697092636,0.035641130684145844,0.02153730935536444,0.07483198732657745
Organic Avocado,Organic Zucchini,0.07612879001220313,0.042523232892143055,0.004083356800901154,0.05363748458692971,1.2613689256171352,1.0,0.0008461145334151864,1.0117441799667388,0.22428508363172614,0.035641130684145844,0.011607855225937477,0.07483198732657745
Original Hummus,Organic Avocado,0.03191589223692856,0.07612879001220313,0.0031915892236928567,0.10000000000000002,1.3135635018495688,1.0,0.000761870965535618,1.0265235666531076,0.24658198390381086,0.03043867502238138,0.02583824425929692,0.07096177558569669
Organic Avocado,Original Hummus,0.07612879001220313,0.03191589223692856,0.0031915892236928567,0.04192355117139335,1.3135635018495688,1.0,0.000761870965535618,1.0104455745120346,0.25838244259296905,0.03043867502238138,0.010337592420135109,0.07096177558569669
Red Onion,Organic Avocado,0.017929221815451046,0.07612879001220313,0.0025344973246972683,0.14136125654450263,1.8568698717245211,1.0,0.0011695673620265843,1.0759719579735927,0.46988395392142296,0.027692307692307693,0.07060774903155727,0.08732674417853985
Organic Avocado,Red Onion,0.07612879001220313,0.017929221815451046,0.0025344973246972683,0.03329223181257707,1.856869871724521,1.0,0.0011695673620265843,1.0158920932495779,0.499484446852868,0.027692307692307693,0.015643485518962292,0.08732674417853985
Organic Avocado,Red Peppers,0.07612879001220313,0.023749178635126256,0.0029099784098376045,0.03822441430332923,1.6095046860607363,1.0,0.0011019821765617767,1.0150505334960418,0.40989570700945915,0.03000968054211036,0.014827373612823679,0.08037702928605196
Red Peppers,Organic Avocado,0.023749178635126256,0.07612879001220313,0.0029099784098376045,0.1225296442687747,1.6095046860607363,1.0,0.0011019821765617767,1.0528802528239305,0.38790322580645165,0.03000968054211036,0.05022437516716694,0.08037702928605196
Red Vine Tomato,Organic Avocado,0.022763540786632872,0.07612879001220313,0.0033323946306204823,0.1463917525773196,1.9229486315735953,1.0,0.001599433814140687,1.082312890927733,0.4911455187104569,0.034872298624754425,0.07605276775108573,0.0950824360913725
Organic Avocado,Red Vine Tomato,0.07612879001220313,0.022763540786632872,0.0033323946306204823,0.043773119605425403,1.9229486315735953,1.0,0.001599433814140687,1.0219713325880602,0.5195153853419235,0.034872298624754425,0.02149897153418153,0.0950824360913725
Roma Tomato,Organic Avocado,0.017412935323383085,0.07612879001220313,0.002065145968271848,0.11859838274932613,1.5578650695790028,1.0,0.0007395202715419428,1.0481841556742282,0.36444188722669735,0.022575679835813236,0.0459691700293204,0.0728626932242315
Organic Avocado,Roma Tomato,0.07612879001220313,0.017412935323383085,0.002065145968271848,0.027127003699136867,1.5578650695790028,1.0,0.0007395202715419428,1.0099849295978915,0.3876036836563152,0.022575679835813236,0.009886216422919038,0.0728626932242315
Seedless Red Grapes,Organic Avocado,0.03482587064676617,0.07612879001220313,0.0032385243593353987,0.09299191374663072,1.221507838647173,1.0,0.0005872729658755881,1.0185920324085367,0.1878828626923652,0.030065359477124184,0.01825267802711412,0.06776599386468404
Organic Avocado,Seedless Red Grapes,0.07612879001220313,0.03482587064676617,0.0032385243593353987,0.04254007398273737,1.221507838647173,1.0,0.0005872729658755881,1.0080569464333196,0.19628242168287943,0.030065359477124184,0.007992550879021705,0.06776599386468404
Sparkling Water Grapefruit,Organic Avocado,0.03327701117056228,0.07612879001220313,0.0027691730029099785,0.08321579689703809,1.0930923358127582,1.0,0.00023583440727250465,1.0077302890482276,0.08809576513940251,0.025968309859154933,0.00767099007764142,0.05979532138316763
Organic Avocado,Sparkling Water Grapefruit,0.07612879001220313,0.03327701117056228,0.0027691730029099785,0.036374845869297165,1.093092335812758,1.0,0.00023583440727250465,1.0032147715171773,0.09218189771267393,0.025968309859154933,0.0032044698786835666,0.05979532138316763
Strawberries,Organic Avocado,0.06242373040458087,0.07612879001220313,0.005913827090960293,0.09473684210526316,1.2444285806995914,1.0,0.001161584027211576,1.0205554063818685,0.20949583945178665,0.0445859872611465,0.020141391886544253,0.08620935816730482
Organic Avocado,Strawberries,0.07612879001220313,0.06242373040458087,0.005913827090960293,0.0776818742293465,1.2444285806995914,1.0,0.001161584027211576,1.0165432548688302,0.21260358102463375,0.0445859872611465,0.016274029451865058,0.08620935816730482
Yellow Onions,Organic Avocado,0.0308363841171501,0.07612879001220313,0.004036421665258612,0.1308980213089802,1.7194286325580348,1.0,0.0016888850540684565,1.0630181873239624,0.4317242684200034,0.039215686274509796,0.059282322800707804,0.09195949154228295
Organic Avocado,Yellow Onions,0.07612879001220313,0.0308363841171501,0.004036421665258612,0.0530209617755857,1.7194286325580348,1.0,0.0016888850540684565,1.0234266829179575,0.45288937302401194,0.039215686274509796,0.0228904359334897,0.09195949154228295
Organic Baby Arugula,Organic Baby Spinach,0.03107105979536281,0.10452454707594105,0.005726086548390125,0.18429003021148035,1.7631268000385272,1.0,0.0024783980961103455,1.0977865737698649,0.44670542943450403,0.04409107336465486,0.08907612472801511,0.11953612422114207
Organic Baby Spinach,Organic Baby Arugula,0.10452454707594105,0.03107105979536281,0.005726086548390125,0.05478221823080377,1.7631268000385274,1.0,0.0024783980961103455,1.025085391845951,0.4833474964749673,0.04409107336465486,0.024471514320165918,0.11953612422114207
Organic Baby Arugula,Organic Cilantro,0.03107105979536281,0.02900591382709096,0.00211208110391439,0.06797583081570996,2.343516264335787,1.0,0.001210836620973706,1.041812131355698,0.5916747400374603,0.03643724696356275,0.040134041539033084,0.07039568239814624
Organic Cilantro,Organic Baby Arugula,0.02900591382709096,0.03107105979536281,0.00211208110391439,0.07281553398058252,2.343516264335787,1.0,0.001210836620973706,1.0450228360322265,0.5904163444186644,0.03643724696356275,0.04308311213865003,0.07039568239814624
Organic Baby Arugula,Organic Garlic,0.03107105979536281,0.04721674645639726,0.0028630432741950625,0.09214501510574018,1.9515324968617298,1.0,0.0013959689217058584,1.0494883757834692,0.503217701487512,0.037958929682638455,0.047154763144970455,0.07639059900416234
Organic Garlic,Organic Baby Arugula,0.04721674645639726,0.03107105979536281,0.0028630432741950625,0.0606361829025845,1.95153249686173,1.0,0.0013959689217058584,1.031473559625254,0.5117451344585319,0.037958929682638455,0.030513200587214944,0.07639059900416234
Organic Baby Arugula,Organic Grape Tomatoes,0.03107105979536281,0.034966676053693795,0.0024875621890547263,0.08006042296072508,2.2896206330217566,1.0,0.0014011105065453255,1.0490181616624874,0.5813082882138536,0.039143279172821274,0.04672765777934966,0.07560068127902025
Organic Grape Tomatoes,Organic Baby Arugula,0.034966676053693795,0.03107105979536281,0.0024875621890547263,0.07114093959731543,2.289620633021756,1.0,0.0014011105065453255,1.0431388156827381,0.5836548952816882,0.039143279172821274,0.04135481781924059,0.07560068127902025
Organic Baby Arugula,Organic Hass Avocado,0.03107105979536281,0.0930723739791608,0.004271097343471322,0.13746223564954682,1.4769391793995184,1.0,0.0013792400462684477,1.0514642529348435,0.3332793925702277,0.03563038371182459,0.04894531867459735,0.09167615060339167
Organic Hass Avocado,Organic Baby Arugula,0.0930723739791608,0.03107105979536281,0.004271097343471322,0.04589006555723651,1.4769391793995181,1.0,0.0013792400462684477,1.0155317592102513,0.3560637468415764,0.03563038371182459,0.01529421317392371,0.09167615060339167
Organic Strawberries,Organic Baby Arugula,0.11090772552332676,0.03107105979536281,0.0045527081573265744,0.04104951333051206,1.3211494426282324,1.0,0.001106687585823603,1.0104055982804756,0.27340621974442053,0.03312841530054645,0.010298436883350606,0.0937875965444101
Organic Baby Arugula,Organic Strawberries,0.03107105979536281,0.11090772552332676,0.0045527081573265744,0.14652567975830816,1.3211494426282326,1.0,0.001106687585823603,1.0417328950505444,0.25087841603461336,0.03312841530054645,0.04006103219820059,0.0937875965444101
Organic Baby Arugula,Organic Whole Milk,0.03107105979536281,0.05749554116211396,0.002018210832629306,0.0649546827794562,1.1297342622849744,1.0,0.00023176343521451965,1.0079773049284015,0.11851858527507281,0.023318872017353578,0.00791417117170926,0.05002836179789136
Organic Whole Milk,Organic Baby Arugula,0.05749554116211396,0.03107105979536281,0.002018210832629306,0.03510204081632653,1.1297342622849744,1.0,0.00023176343521451965,1.004177624154552,0.12184142594584946,0.023318872017353578,0.004160244217818883,0.05002836179789136
Organic Baby Arugula,Organic Yellow Onion,0.03107105979536281,0.04702900591382709,0.0023467567821271003,0.0755287009063444,1.606002496517539,1.0,0.0008855157272621077,1.0308281014461544,0.38943615578376284,0.030978934324659233,0.029906151571639773,0.0627144502535714
Organic Yellow Onion,Organic Baby Arugula,0.04702900591382709,0.03107105979536281,0.0023467567821271003,0.0499001996007984,1.606002496517539,1.0,0.0008855157272621077,1.019818065215385,0.39595744680851064,0.030978934324659233,0.019432941905377386,0.0627144502535714
Organic Zucchini,Organic Baby Arugula,0.042523232892143055,0.03107105979536281,0.0025344973246972683,0.05960264900662252,1.9182689421980355,1.0,0.0012132554128133528,1.0303399293725366,0.49995642701525056,0.035667107001321,0.029446523916639194,0.07058682299273725
Organic Baby Arugula,Organic Zucchini,0.03107105979536281,0.042523232892143055,0.0025344973246972683,0.08157099697885196,1.9182689421980355,1.0,0.0012132554128133528,1.042515822081252,0.4940472346013908,0.035667107001321,0.04078194419761863,0.07058682299273725
Organic Baby Broccoli,Organic Baby Spinach,0.015113113676898526,0.10452454707594105,0.0028161081385525205,0.1863354037267081,1.7826951557257487,1.0,0.001236416776567492,1.1005461673341488,0.44578885500063536,0.024106066693451184,0.09136024486614826,0.10663873913322383
Organic Baby Spinach,Organic Baby Broccoli,0.10452454707594105,0.015113113676898526,0.0028161081385525205,0.02694207453973956,1.7826951557257487,1.0,0.001236416776567492,1.0121564816989141,0.4902999807816622,0.024106066693451184,0.012010476560412268,0.10663873913322383
Organic Baby Broccoli,Organic Hass Avocado,0.015113113676898526,0.0930723739791608,0.0028161081385525205,0.1863354037267081,2.002048467877581,1.0,0.001409494770426651,1.1146209754912604,0.5081919557758292,0.026726057906458798,0.10283403776852677,0.10829629490420126
Organic Hass Avocado,Organic Baby Broccoli,0.0930723739791608,0.015113113676898526,0.0028161081385525205,0.030257186081694407,2.002048467877581,1.0,0.001409494770426651,1.0156165863643838,0.5518760026910935,0.026726057906458798,0.015376458571129481,0.10829629490420126
Organic Strawberries,Organic Baby Broccoli,0.11090772552332676,0.015113113676898526,0.0024875621890547263,0.022429115531104528,1.484083029520848,1.0,0.0008114011255744289,1.0074838581738046,0.3668722154547057,0.020136778115501523,0.0074282660839550645,0.093512694411515
Organic Baby Broccoli,Organic Strawberries,0.015113113676898526,0.11090772552332676,0.0024875621890547263,0.16459627329192547,1.4840830295208483,1.0,0.0008114011255744289,1.0642665887787688,0.3311885425733173,0.020136778115501523,0.06038579943819691,0.093512694411515
Organic Baby Carrots,Organic Baby Spinach,0.03412184361212804,0.10452454707594105,0.006289308176100629,0.18431911966987619,1.7634051026880924,1.0,0.002722737927146853,1.097825723905212,0.4482090495092446,0.04751773049645389,0.08910860965912165,0.12224487640431393
Organic Baby Spinach,Organic Baby Carrots,0.10452454707594105,0.03412184361212804,0.006289308176100629,0.060170633138751685,1.7634051026880926,1.0,0.002722737927146853,1.0277165094485385,0.48344745688195107,0.04751773049645389,0.02696902228748935,0.12224487640431393
Organic Baby Carrots,Organic Cucumber,0.03412184361212804,0.03355862198441754,0.0023936919177696423,0.07015130674002751,2.090410827137099,1.0,0.001248609866578825,1.0393533754694209,0.5400527284143648,0.036664270309130116,0.03786332579296906,0.07073998903434942
Organic Cucumber,Organic Baby Carrots,0.03355862198441754,0.03412184361212804,0.0023936919177696423,0.07132867132867132,2.090410827137099,1.0,0.001248609866578825,1.0400645810501936,0.53973799708801,0.036664270309130116,0.03852124356522042,0.07073998903434942
Organic Baby Carrots,Organic Fuji Apple,0.03412184361212804,0.03867455176945461,0.00211208110391439,0.06189821182943603,1.6004894432499563,1.0,0.0007924340966679101,1.0247560129964903,0.3884456106818709,0.0298804780876494,0.02415795826764789,0.05825493115743646
Organic Fuji Apple,Organic Baby Carrots,0.03867455176945461,0.03412184361212804,0.00211208110391439,0.05461165048543689,1.6004894432499563,1.0,0.0007924340966679101,1.021673428579726,0.3902852369017782,0.0298804780876494,0.02121365592316042,0.05825493115743646
Organic Gala Apples,Organic Baby Carrots,0.034027973340842954,0.03412184361212804,0.0028161081385525205,0.08275862068965517,2.4253853815870605,1.0,0.001655010953778615,1.0530250577161009,0.6083969032926809,0.043103448275862065,0.0503549818948342,0.08264478489778494
Organic Baby Carrots,Organic Gala Apples,0.03412184361212804,0.034027973340842954,0.0028161081385525205,0.08253094910591471,2.4253853815870605,1.0,0.001655010953778615,1.0528660620407904,0.6084560312292466,0.043103448275862065,0.05021157386184437,0.08264478489778494
Organic Baby Carrots,Organic Garlic,0.03412184361212804,0.04721674645639726,0.002205951375199474,0.06464924346629985,1.3692015718618138,1.0,0.000594828936740786,1.018637390185587,0.27917325346123334,0.027876631079478055,0.018296393167142107,0.05568446268742428
Organic Garlic,Organic Baby Carrots,0.04721674645639726,0.03412184361212804,0.002205951375199474,0.04671968190854871,1.3692015718618138,1.0,0.000594828936740786,1.0132152506008334,0.2830101666491981,0.027876631079478055,0.01304288559908347,0.05568446268742428
Organic Baby Carrots,Organic Grape Tomatoes,0.03412184361212804,0.034966676053693795,0.0025814324603398104,0.07565337001375515,2.163584834245728,1.0,0.0013883050083997282,1.0440167061145307,0.5568032725328997,0.03881439661256176,0.04216092123501129,0.07473943668472993
Organic Grape Tomatoes,Organic Baby Carrots,0.034966676053693795,0.03412184361212804,0.0025814324603398104,0.0738255033557047,2.1635848342457282,1.0,0.0013883050083997282,1.0428684442158909,0.5572907225064221,0.03881439661256176,0.041106281864844954,0.07473943668472993
Organic Hass Avocado,Organic Baby Carrots,0.0930723739791608,0.03412184361212804,0.004834318971181827,0.05194150277357539,1.52223611842338,1.0,0.0016585179816554067,1.0187959489984841,0.37827901655504853,0.03950901419255849,0.018449179167782555,0.09680981603603116
Organic Baby Carrots,Organic Hass Avocado,0.03412184361212804,0.0930723739791608,0.004834318971181827,0.14167812929848692,1.52223611842338,1.0,0.0016585179816554067,1.056628820700561,0.3551914785409011,0.03950901419255849,0.05359386341839064,0.09680981603603116
Organic Lemon,Organic Baby Carrots,0.04003567070308833,0.03412184361212804,0.002018210832629306,0.050410316529894486,1.4773620412461235,1.0,0.0006521199379918698,1.017153169628216,0.33659359689088647,0.027976577748861413,0.016863900286016417,0.054778748361233344
Organic Baby Carrots,Organic Lemon,0.03412184361212804,0.04003567070308833,0.002018210832629306,0.0591471801925722,1.4773620412461235,1.0,0.0006521199379918698,1.0203129640334134,0.33453271962725595,0.027976577748861413,0.019908562126971268,0.054778748361233344
Organic Raspberries,Organic Baby Carrots,0.06049938984323665,0.03412184361212804,0.0032385243593353987,0.05352986811481769,1.5687859285478758,1.0,0.00117417364047531,1.020505691462268,0.3859118300169493,0.03543913713405239,0.020093657128835495,0.0742202297933098
Organic Baby Carrots,Organic Raspberries,0.03412184361212804,0.06049938984323665,0.0032385243593353987,0.09491059147180192,1.5687859285478756,1.0,0.00117417364047531,1.0380196711002536,0.37537281216041957,0.03543913713405239,0.03662712004287414,0.0742202297933098
Organic Strawberries,Organic Baby Carrots,0.11090772552332676,0.03412184361212804,0.005773021684032667,0.052052475666525606,1.5254883721471726,1.0,0.0019886456183488897,1.018915215868099,0.3874426016603512,0.041456016177957536,0.018564072430681495,0.11062046066682538
Organic Baby Carrots,Organic Strawberries,0.03412184361212804,0.11090772552332676,0.005773021684032667,0.16918844566712515,1.5254883721471726,1.0,0.0019886456183488897,1.0701491449412937,0.35664148905447457,0.041456016177957536,0.06555081156014193,0.11062046066682538
Organic Baby Carrots,Organic Whole Milk,0.03412184361212804,0.05749554116211396,0.0029099784098376045,0.08528198074277854,1.4832799034331752,1.0,0.0009481245459092816,1.0303770550002151,0.33732868928393966,0.0328042328042328,0.029481494034442488,0.06794711282036886
Organic Whole Milk,Organic Baby Carrots,0.05749554116211396,0.03412184361212804,0.0029099784098376045,0.05061224489795919,1.4832799034331752,1.0,0.0009481245459092816,1.0173695112425996,0.34569429295225307,0.0328042328042328,0.017072962233146333,0.06794711282036886
Organic Baby Carrots,Organic Whole String Cheese,0.03412184361212804,0.026799962451891486,0.002159016239556932,0.06327372764786794,2.3609632946855945,1.0,0.0012445521119625873,1.0389374850183184,0.5968082701445331,0.03674121405750798,0.03747817898555459,0.07191707398155218
Organic Whole String Cheese,Organic Baby Carrots,0.026799962451891486,0.03412184361212804,0.002159016239556932,0.08056042031523643,2.3609632946855945,1.0,0.0012445521119625873,1.050507480566619,0.5923181765760476,0.03674121405750798,0.04807912509045276,0.07191707398155218
Organic Zucchini,Organic Baby Carrots,0.042523232892143055,0.03412184361212804,0.002159016239556932,0.05077262693156733,1.4879801779972124,1.0,0.0007080451369291276,1.0175414066132697,0.34251278772378513,0.028985507246376805,0.017239010127021406,0.05702317728971763
Organic Baby Carrots,Organic Zucchini,0.03412184361212804,0.042523232892143055,0.002159016239556932,0.06327372764786794,1.4879801779972124,1.0,0.0007080451369291276,1.0221521434470073,0.339533547284378,0.028985507246376805,0.021672060846346788,0.05702317728971763
Original Hummus,Organic Baby Carrots,0.03191589223692856,0.03412184361212804,0.003942551393973529,0.12352941176470592,3.6202443563395104,1.0,0.002853522310323521,1.1020086348049547,0.7476370554039515,0.0634920634920635,0.0925660939335645,0.11953637025649326
Organic Baby Carrots,Original Hummus,0.03412184361212804,0.03191589223692856,0.003942551393973529,0.1155433287482806,3.62024435633951,1.0,0.002853522310323521,1.094552327128698,0.7493445699383792,0.0634920634920635,0.08638447407693527,0.11953637025649326
Strawberries,Organic Baby Carrots,0.06242373040458087,0.03412184361212804,0.0025814324603398104,0.041353383458646614,1.2119328582805016,1.0,0.0004514196937890594,1.0075434886242116,0.18651472676302452,0.027472527472527476,0.007487010446082157,0.05850337673620088
Organic Baby Carrots,Strawberries,0.03412184361212804,0.06242373040458087,0.0025814324603398104,0.07565337001375515,1.2119328582805016,1.0,0.0004514196937890594,1.0143124226129014,0.1810495253325321,0.027472527472527476,0.014110467636817536,0.05850337673620088
Organic Bartlett Pear,Organic Baby Spinach,0.016990519102600205,0.10452454707594105,0.0026753027316248944,0.15745856353591162,1.5064266523107914,1.0,0.0008993764178404835,1.0628266031426536,0.3419879913687964,0.022511848341232227,0.059112749866142504,0.0915267671743321
Organic Baby Spinach,Organic Bartlett Pear,0.10452454707594105,0.016990519102600205,0.0026753027316248944,0.025594970812752582,1.5064266523107916,1.0,0.0008993764178404835,1.0088304672619859,0.3754178149393611,0.022511848341232227,0.008753172657396224,0.0915267671743321
Organic Black Beans,Organic Baby Spinach,0.016802778560030037,0.10452454707594105,0.0028161081385525205,0.1675977653631285,1.6034297210717627,1.0,0.001059805319948048,1.0757725239825944,0.38276844249252123,0.02376237623762376,0.07043545200622757,0.09726991995143404
Organic Baby Spinach,Organic Black Beans,0.10452454707594105,0.016802778560030037,0.0028161081385525205,0.02694207453973956,1.6034297210717627,1.0,0.001059805319948048,1.010420033293407,0.4202648636371578,0.02376237623762376,0.01031257590909352,0.09726991995143404
Organic Baby Spinach,Organic Blackberries,0.10452454707594105,0.02802027597859758,0.0033323946306204823,0.03188145487202514,1.137799459804636,1.0,0.0004035879750146996,1.003988332743814,0.13524714511715183,0.02579004722121322,0.0039724891353212465,0.07540471403567756
Organic Blackberries,Organic Baby Spinach,0.02802027597859758,0.10452454707594105,0.0033323946306204823,0.11892797319932998,1.137799459804636,1.0,0.0004035879750146996,1.0163476148206525,0.12460187752620308,0.02579004722121322,0.01608466884977852,0.07540471403567756
Organic Blueberries,Organic Baby Spinach,0.042429362620857974,0.10452454707594105,0.005115929785037079,0.12057522123893805,1.153558897043922,1.0,0.0006810198743710354,1.0182513326331437,0.1390158727018127,0.036068828590337526,0.017924192238419935,0.08475999499306579
Organic Baby Spinach,Organic Blueberries,0.10452454707594105,0.042429362620857974,0.005115929785037079,0.04894476874719353,1.153558897043922,1.0,0.0006810198743710354,1.0068507126739137,0.14865568608744603,0.036068828590337526,0.0068040997415795175,0.08475999499306579
Organic Broccoli,Organic Baby Spinach,0.016990519102600205,0.10452454707594105,0.0031915892236928567,0.18784530386740333,1.7971405676690144,1.0,0.0014156629099084457,1.1025922243486712,0.45122708174178766,0.02697342324474415,0.09304638839556031,0.10918982750622075
Organic Baby Spinach,Organic Broccoli,0.10452454707594105,0.016990519102600205,0.0031915892236928567,0.030534351145038167,1.7971405676690144,1.0,0.0014156629099084457,1.0139704094296014,0.49533518528224757,0.02697342324474415,0.013777926160054584,0.10918982750622075
Organic Broccoli Florets,Organic Baby Spinach,0.015770205575894116,0.10452454707594105,0.00211208110391439,0.1339285714285714,1.2813121431778816,1.0,0.0004637075087995776,1.0339510384277795,0.22306787474169434,0.017871326449563144,0.03283621483605755,0.07706756366668803
Organic Baby Spinach,Organic Broccoli Florets,0.10452454707594105,0.015770205575894116,0.00211208110391439,0.020206555904804666,1.2813121431778816,1.0,0.0004637075087995776,1.0045278424301025,0.24517707077589654,0.017871326449563144,0.00450743348153401,0.07706756366668803
Organic Cilantro,Organic Baby Spinach,0.02900591382709096,0.10452454707594105,0.005162864920679621,0.1779935275080906,1.7028873359170984,1.0,0.002131034915379162,1.0893776179273,0.4250922801096815,0.040219378427787944,0.08204466151723772,0.11369366541547324
Organic Baby Spinach,Organic Cilantro,0.10452454707594105,0.02900591382709096,0.005162864920679621,0.04939380332285586,1.7028873359170986,1.0,0.002131034915379162,1.0214472507827437,0.4609418256150265,0.040219378427787944,0.02099692447780196,0.11369366541547324
Organic Cucumber,Organic Baby Spinach,0.03355862198441754,0.10452454707594105,0.007228010888951469,0.21538461538461537,2.060612759490173,1.0,0.0037203111255375075,1.1412922439228201,0.5325801147519372,0.055236728837876614,0.12380023142641726,0.14226797001830677
Organic Baby Spinach,Organic Cucumber,0.10452454707594105,0.03355862198441754,0.007228010888951469,0.06915132465199819,2.0606127594901724,1.0,0.0037203111255375075,1.0382368301209368,0.5747867887655087,0.055236728837876614,0.03682862041840967,0.14226797001830677
Organic Baby Spinach,Organic D'Anjou Pears,0.10452454707594105,0.0220125786163522,0.0036609405801182764,0.03502469690166143,1.5911219449611906,1.0,0.0013600857702705175,1.0134844055008765,0.41487754693373435,0.029793735676088617,0.013304995545750271,0.10066799877066014
Organic D'Anjou Pears,Organic Baby Spinach,0.0220125786163522,0.10452454707594105,0.0036609405801182764,0.16631130063965885,1.5911219449611904,1.0,0.0013600857702705175,1.074112499798935,0.3798746805177673,0.029793735676088617,0.06899882443674046,0.10066799877066014
Organic Fuji Apple,Organic Baby Spinach,0.03867455176945461,0.10452454707594105,0.0038017459870459025,0.0983009708737864,0.9404582332451249,1.0,-0.00024069402002137525,0.9930979451001677,-0.06178914937703015,0.027272727272727275,-0.0069500243494474,0.0673363857512174
Organic Baby Spinach,Organic Fuji Apple,0.10452454707594105,0.03867455176945461,0.0038017459870459025,0.03637180062864841,0.940458233245125,1.0,-0.00024069402002137525,0.9976103323436274,-0.0660328611117322,0.027272727272727275,-0.0023953918467931367,0.0673363857512174
Organic Gala Apples,Organic Baby Spinach,0.034027973340842954,0.10452454707594105,0.005022059513751995,0.14758620689655172,1.4119765263304584,1.0,0.0014653010123881881,1.0505173193688393,0.3020511160143622,0.03760984182776802,0.04808804047056611,0.0978164532462103
Organic Baby Spinach,Organic Gala Apples,0.10452454707594105,0.034027973340842954,0.005022059513751995,0.04804669959586888,1.4119765263304584,1.0,0.0014653010123881881,1.0147262751745012,0.3258301807585088,0.03760984182776802,0.014512559233739002,0.0978164532462103
Organic Garlic,Organic Baby Spinach,0.04721674645639726,0.10452454707594105,0.009152351450295691,0.19383697813121273,1.854463698277332,1.0,0.004217042412541223,1.110787059977316,0.4835942907667046,0.0641869651086241,0.09973744200763239,0.14069936019268314
Organic Baby Spinach,Organic Garlic,0.10452454707594105,0.04721674645639726,0.009152351450295691,0.08756174225415356,1.8544636982773317,1.0,0.004217042412541223,1.0442166858472457,0.5145429059470676,0.0641869651086241,0.042344358643694374,0.14069936019268314
Organic Garnet Sweet Potato (Yam),Organic Baby Spinach,0.024640946212334553,0.10452454707594105,0.005115929785037079,0.20761904761904762,1.986318557957534,1.0,0.0025403460426701844,1.1301072422719494,0.5091008061792507,0.04124101399924328,0.11512822624725765,0.12828190818312057
Organic Baby Spinach,Organic Garnet Sweet Potato (Yam),0.10452454707594105,0.024640946212334553,0.005115929785037079,0.04894476874719353,1.986318557957534,1.0,0.0025403460426701844,1.0255545858286736,0.5545166860533052,0.04124101399924328,0.02491782122745322,0.12828190818312057
Organic Ginger Root,Organic Baby Spinach,0.022575800244062704,0.10452454707594105,0.004177227072186238,0.185031185031185,1.7702175250446466,1.0,0.0018175017767986645,1.098784930756307,0.44514722743029783,0.033982436044291714,0.0899037909887535,0.11249763113256601
Organic Baby Spinach,Organic Ginger Root,0.10452454707594105,0.022575800244062704,0.004177227072186238,0.03996407723394701,1.7702175250446466,1.0,0.0018175017767986645,1.018112110784131,0.4858845333212408,0.033982436044291714,0.0177898981775018,0.11249763113256601
Organic Grade A Free Range Large Brown Eggs,Organic Baby Spinach,0.01802309208673613,0.10452454707594105,0.0028630432741950625,0.15885416666666669,1.5197785698248767,1.0,0.0009791877369209913,1.0645900121450114,0.34828661021969193,0.02392156862745098,0.06067125504481369,0.09312263789103428
Organic Baby Spinach,Organic Grade A Free Range Large Brown Eggs,0.10452454707594105,0.01802309208673613,0.0028630432741950625,0.027391109115401886,1.5197785698248767,1.0,0.0009791877369209913,1.0096318439163614,0.3819305235607943,0.02392156862745098,0.009539956543961028,0.09312263789103428
Organic Granny Smith Apple,Organic Baby Spinach,0.026095935417253358,0.10452454707594105,0.003942551393973529,0.1510791366906475,1.4453938420884307,1.0,0.0012148855639621129,1.0548397284444422,0.316403901319564,0.03112263801407929,0.05198868317684026,0.09439902052314143
Organic Baby Spinach,Organic Granny Smith Apple,0.10452454707594105,0.026095935417253358,0.003942551393973529,0.03771890435563539,1.4453938420884307,1.0,0.0012148855639621129,1.0120785589480992,0.3441155695990855,0.03112263801407929,0.011934408491622531,0.09439902052314143
Organic Grape Tomatoes,Organic Baby Spinach,0.034966676053693795,0.10452454707594105,0.006336243311743171,0.18120805369127518,1.7336411279507449,1.0,0.0026813673344796736,1.0936544466039737,0.4385126822265094,0.04758547761720127,0.0856344038967613,0.1209138607028446
Organic Baby Spinach,Organic Grape Tomatoes,0.10452454707594105,0.034966676053693795,0.006336243311743171,0.06061966771441401,1.7336411279507449,1.0,0.0026813673344796736,1.0273084189428412,0.4725750437265716,0.04758547761720127,0.026582493085127418,0.1209138607028446
Organic Half & Half,Organic Baby Spinach,0.03379329766263024,0.10452454707594105,0.0035201351731906504,0.10416666666666667,0.9965761113605748,1.0,-1.209395919823334e-05,0.9996005055896472,-0.0035432156133829535,0.02611420612813371,-0.0003996540699198075,0.06892212992067057
Organic Baby Spinach,Organic Half & Half,0.10452454707594105,0.03379329766263024,0.0035201351731906504,0.03367759317467445,0.9965761113605748,1.0,-1.209395919823334e-05,0.999880263060094,-0.003822015225404973,0.02611420612813371,-0.0001197512785575716,0.06892212992067057
Organic Hass Avocado,Organic Baby Spinach,0.0930723739791608,0.10452454707594105,0.014221346099690228,0.15279878971255673,1.461845987254483,1.0,0.004492998364235844,1.056980847112148,0.34835570189529436,0.07755310980291784,0.05390906303347835,0.14442813306912075
Organic Baby Spinach,Organic Hass Avocado,0.10452454707594105,0.0930723739791608,0.014221346099690228,0.13605747642568478,1.4618459872544831,1.0,0.004492998364235844,1.0497545858359714,0.3528107986646456,0.07755310980291784,0.04739639769837189,0.14442813306912075
Organic Italian Parsley Bunch,Organic Baby Spinach,0.025157232704402517,0.10452454707594105,0.00445883788604149,0.17723880597014924,1.6956668163448583,1.0,0.0018292895319297654,1.0883783282705115,0.4208488964346348,0.035607196401799095,0.08120184496042768,0.1099485453290351
Organic Baby Spinach,Organic Italian Parsley Bunch,0.10452454707594105,0.025157232704402517,0.00445883788604149,0.04265828468792097,1.6956668163448583,1.0,0.0018292895319297654,1.0182808830991068,0.45814935682936037,0.035607196401799095,0.017952692034706022,0.1099485453290351
Organic Kiwi,Organic Baby Spinach,0.021684032666854407,0.10452454707594105,0.0035670703088331924,0.16450216450216448,1.5738137031356607,1.0,0.0013005566155503251,1.0717866819971897,0.3726820289064629,0.029085342518178337,0.06697851653037981,0.09931439612625062
Organic Baby Spinach,Organic Kiwi,0.10452454707594105,0.021684032666854407,0.0035670703088331924,0.03412662775033677,1.5738137031356607,1.0,0.0013005566155503251,1.0128822218739728,0.40715887680309837,0.029085342518178337,0.01271838086973111,0.09931439612625062
Organic Lacinato (Dinosaur) Kale,Organic Baby Spinach,0.018070027222378673,0.10452454707594105,0.0031446540880503146,0.17402597402597403,1.6649292333171992,1.0,0.0012558926769812586,1.0841448093577442,0.40672337371504885,0.026326129666011788,0.0776139945802926,0.10205564529767494
Organic Baby Spinach,Organic Lacinato (Dinosaur) Kale,0.10452454707594105,0.018070027222378673,0.0031446540880503146,0.030085316569375842,1.6649292333171992,1.0,0.0012558926769812586,1.0123879858221123,0.4459908643792933,0.026326129666011788,0.012236401454381802,0.10205564529767494
Organic Large Extra Fancy Fuji Apple,Organic Baby Spinach,0.03219750305078382,0.10452454707594105,0.005491410870177415,0.17055393586005832,1.6317117904959149,1.0,0.002125981446818006,1.0796066093249639,0.4000265280575659,0.04184549356223176,0.07373668208157673,0.11154549060627522
Organic Baby Spinach,Organic Large Extra Fancy Fuji Apple,0.10452454707594105,0.03219750305078382,0.005491410870177415,0.05253704535249214,1.6317117904959146,1.0,0.002125981446818006,1.0214673747421348,0.4323364436577917,0.04184549356223176,0.021016211846760304,0.11154549060627522
Organic Lemon,Organic Baby Spinach,0.04003567070308833,0.10452454707594105,0.005726086548390125,0.14302461899179367,1.3683352187872275,1.0,0.0015413762012682942,1.044925528514668,0.28041138700242774,0.041244083840432724,0.04299400032701692,0.09890341861129873
Organic Baby Spinach,Organic Lemon,0.10452454707594105,0.04003567070308833,0.005726086548390125,0.05478221823080377,1.3683352187872275,1.0,0.0015413762012682942,1.0156012167906043,0.3006055924503724,0.041244083840432724,0.015361557797169372,0.09890341861129873
Organic Navel Orange,Organic Baby Spinach,0.01755374073031071,0.10452454707594105,0.0027691730029099785,0.15775401069518719,1.509253233889384,1.0,0.0009343762035857529,1.063199426646343,0.3434494910072001,0.023210070810385522,0.059442683152767864,0.09212352532963221
Organic Baby Spinach,Organic Navel Orange,0.10452454707594105,0.01755374073031071,0.0027691730029099785,0.026493039964077234,1.5092532338893838,1.0,0.0009343762035857529,1.0091825735210325,0.37680616100229114,0.023210070810385522,0.009099021090895738,0.09212352532963221
Organic Peeled Whole Baby Carrots,Organic Baby Spinach,0.023232892143058292,0.10452454707594105,0.0038486811226884445,0.16565656565656567,1.5848580098243323,1.0,0.001420273594171087,1.0732696106474797,0.37780617895554763,0.03106060606060606,0.06826766538491473,0.1012387004304382
Organic Baby Spinach,Organic Peeled Whole Baby Carrots,0.10452454707594105,0.023232892143058292,0.0038486811226884445,0.03682083520431073,1.5848580098243323,1.0,0.001420273594171087,1.014107388903221,0.41210358982357054,0.03106060606060606,0.013911139054492549,0.1012387004304382
Organic Raspberries,Organic Baby Spinach,0.06049938984323665,0.10452454707594105,0.007603491974091805,0.1256788207913111,1.2023857008440386,1.0,0.001279820652356706,1.0241950832467719,0.1791591344887709,0.048300536672629686,0.023623510444974797,0.09921121102430396
Organic Baby Spinach,Organic Raspberries,0.10452454707594105,0.06049938984323665,0.007603491974091805,0.07274360125729681,1.2023857008440386,1.0,0.001279820652356706,1.0132047742465433,0.18796731458995375,0.048300536672629686,0.01303268064085357,0.09921121102430396
Organic Red Bell Pepper,Organic Baby Spinach,0.02548577865390031,0.10452454707594105,0.0045527081573265744,0.17863720073664824,1.709045441802886,1.0,0.0018888186866499578,1.090231324972565,0.42572806206123004,0.036288814066591846,0.08276346762907004,0.11109677728794692
Organic Baby Spinach,Organic Red Bell Pepper,0.10452454707594105,0.02548577865390031,0.0045527081573265744,0.043556353839245616,1.709045441802886,1.0,0.0018888186866499578,1.0188935074825183,0.4633047723977838,0.036288814066591846,0.01854316211043525,0.11109677728794692
Organic Red Onion,Organic Baby Spinach,0.025626584060827937,0.10452454707594105,0.004318032479113864,0.16849816849816848,1.612043995519523,1.0,0.0016394253870522938,1.0769374389791546,0.38965506408645373,0.03431555389779933,0.07144095487300056,0.10490467472955123
Organic Baby Spinach,Organic Red Onion,0.10452454707594105,0.025626584060827937,0.004318032479113864,0.04131118096093399,1.612043995519523,1.0,0.0016394253870522938,1.0163604671178155,0.42398653652889456,0.03431555389779933,0.016097110864819825,0.10490467472955123
Organic Reduced Fat 2% Milk,Organic Baby Spinach,0.02102694076785882,0.10452454707594105,0.002252886510842016,0.10714285714285714,1.0250497145423054,1.0,5.505505068893312e-05,1.002932507274946,0.024962444465752534,0.01827179291968024,0.0029239328206779208,0.06434825838732439
Organic Baby Spinach,Organic Reduced Fat 2% Milk,0.10452454707594105,0.02102694076785882,0.002252886510842016,0.021553659631791646,1.0250497145423054,1.0,5.505505068893312e-05,1.0005383216658918,0.027290039659660696,0.01827179291968024,0.0005380320315923297,0.06434825838732439
Organic Romaine Lettuce,Organic Baby Spinach,0.016239556932319533,0.10452454707594105,0.0024875621890547263,0.1531791907514451,1.4654853337001748,1.0,0.0007901298559900684,1.0574556543062266,0.32287555811608815,0.021031746031746033,0.05433386645790078,0.08848901163077419
Organic Baby Spinach,Organic Romaine Lettuce,0.10452454707594105,0.016239556932319533,0.0024875621890547263,0.023798832510103278,1.4654853337001748,1.0,0.0007901298559900684,1.0077435633448595,0.35470788291384286,0.021031746031746033,0.007684061329210901,0.08848901163077419
Organic Small Bunch Celery,Organic Baby Spinach,0.029193654369661128,0.10452454707594105,0.005819956819675209,0.19935691318327975,1.90727363820519,1.0,0.0027685033191948124,1.11844524441519,0.4899961634674768,0.045504587155963304,0.10590169255636869,0.1275186002827041
Organic Baby Spinach,Organic Small Bunch Celery,0.10452454707594105,0.029193654369661128,0.005819956819675209,0.05568028738212842,1.90727363820519,1.0,0.0027685033191948124,1.028048374569075,0.5312165545972688,0.045504587155963304,0.027283127198009485,0.1275186002827041
Organic Strawberries,Organic Baby Spinach,0.11090772552332676,0.10452454707594105,0.016755843424387497,0.1510791366906475,1.4453938420884307,1.0,0.0051632636468389795,1.0548397284444422,0.34658612428764984,0.08433734939759036,0.05198868317684026,0.15569224010104893
Organic Baby Spinach,Organic Strawberries,0.10452454707594105,0.11090772552332676,0.016755843424387497,0.16030534351145037,1.4453938420884307,1.0,0.0051632636468389795,1.0588280723313108,0.3441155695990855,0.08433734939759036,0.05555960771023395,0.15569224010104893
Organic Tomato Cluster,Organic Baby Spinach,0.02787947057166995,0.10452454707594105,0.004411902750398948,0.15824915824915825,1.5139903752386914,1.0,0.0014978137161781192,1.063824838073782,0.3492301718399447,0.03447011367803447,0.059995626901649224,0.10022920418070844
Organic Baby Spinach,Organic Tomato Cluster,0.10452454707594105,0.02787947057166995,0.004411902750398948,0.04220925011225864,1.5139903752386912,1.0,0.0014978137161781192,1.014961284124187,0.37912130191042165,0.03447011367803447,0.014740743669939289,0.10022920418070844
Organic Unsweetened Almond Milk,Organic Baby Spinach,0.022059513751994744,0.10452454707594105,0.0034732000375481084,0.15744680851063828,1.5063141904479833,1.0,0.0011674393539053648,1.0628117749351205,0.34370995107220864,0.028211971025543268,0.05909962273324907,0.09533768355482519
Organic Baby Spinach,Organic Unsweetened Almond Milk,0.10452454707594105,0.022059513751994744,0.0034732000375481084,0.03322855859901212,1.5063141904479835,1.0,0.0011674393539053648,1.011552932129265,0.3753624687111766,0.028211971025543268,0.011420986250266475,0.09533768355482519
Organic Whole Milk,Organic Baby Spinach,0.05749554116211396,0.10452454707594105,0.007087205482023843,0.12326530612244897,1.179295290635338,1.0,0.001077510083167756,1.0213756329906631,0.16131059935737083,0.045743714026052706,0.020928277805173107,0.0955347635237301
Organic Baby Spinach,Organic Whole Milk,0.10452454707594105,0.05749554116211396,0.007087205482023843,0.06780422092501122,1.179295290635338,1.0,0.001077510083167756,1.0110584922119328,0.16978238616779515,0.045743714026052706,0.01093753951637314,0.0955347635237301
Organic Whole Strawberries,Organic Baby Spinach,0.014643762320473106,0.10452454707594105,0.0034732000375481084,0.23717948717948717,2.2691271458671545,1.0,0.0019425674135129254,1.1739005937491866,0.5676139128554104,0.030020283975659225,0.14813911388679457,0.13520402288924965
Organic Baby Spinach,Organic Whole Strawberries,0.10452454707594105,0.014643762320473106,0.0034732000375481084,0.03322855859901212,2.269127145867155,1.0,0.0019425674135129254,1.019223567725177,0.6245865342254041,0.030020283975659225,0.01886099216493057,0.13520402288924965
Organic Whole String Cheese,Organic Baby Spinach,0.026799962451891486,0.10452454707594105,0.0045527081573265744,0.169877408056042,1.6252393605936375,1.0,0.0017514542203903903,1.0787267586912186,0.3953000430071173,0.03591262495372084,0.07298118643755076,0.10671688094764381
Organic Baby Spinach,Organic Whole String Cheese,0.10452454707594105,0.026799962451891486,0.0045527081573265744,0.043556353839245616,1.6252393605936377,1.0,0.0017514542203903903,1.0175194758777641,0.42961090160661336,0.03591262495372084,0.017217828545887007,0.10671688094764381
Organic Yellow Onion,Organic Baby Spinach,0.04702900591382709,0.10452454707594105,0.008260583873087392,0.17564870259481036,1.6804540895756754,1.0,0.0033448983305128625,1.0862789392613887,0.4249056388351601,0.05764821487061906,0.07942613645814924,0.12733939395568986
Organic Baby Spinach,Organic Yellow Onion,0.10452454707594105,0.04702900591382709,0.008260583873087392,0.07903008531656937,1.6804540895756757,1.0,0.0033448983305128625,1.0347471496001497,0.4521874359719634,0.05764821487061906,0.03358032888863411,0.12733939395568986
Organic Zucchini,Organic Baby Spinach,0.042523232892143055,0.10452454707594105,0.009293156857223317,0.2185430463576159,2.09082988131808,1.0,0.004848435198967305,1.1459050287418042,0.5448915626856803,0.06746166950596252,0.127327330871396,0.15372594616937824
Organic Baby Spinach,Organic Zucchini,0.10452454707594105,0.042523232892143055,0.009293156857223317,0.08890884598114054,2.09082988131808,1.0,0.004848435198967305,1.0509121539424333,0.5826189988357816,0.06746166950596252,0.04844568002324415,0.15372594616937824
Original Hummus,Organic Baby Spinach,0.03191589223692856,0.10452454707594105,0.0046465784286116585,0.14558823529411766,1.3928616709368975,1.0,0.0013105842480221576,1.048060771064303,0.29135238744469816,0.035256410256410256,0.04585685524275228,0.09502132914234396
Organic Baby Spinach,Original Hummus,0.10452454707594105,0.03191589223692856,0.0046465784286116585,0.04445442299057027,1.3928616709368975,1.0,0.0013105842480221576,1.013121855257688,0.31497637944516715,0.035256410256410256,0.012951902270779128,0.09502132914234396
Raspberries,Organic Baby Spinach,0.02388998404205388,0.10452454707594105,0.0025814324603398104,0.10805500982318271,1.033776398425115,1.0,8.43426986926691e-05,1.0039581619787357,0.03347248510493213,0.02051473330846699,0.003942556700703953,0.06637595574230531
Organic Baby Spinach,Raspberries,0.10452454707594105,0.02388998404205388,0.0025814324603398104,0.02469690166142793,1.033776398425115,1.0,8.43426986926691e-05,1.0008273506161813,0.03648657019378759,0.02051473330846699,0.0008266666730001199,0.06637595574230531
Red Peppers,Organic Baby Spinach,0.023749178635126256,0.10452454707594105,0.0030038486811226886,0.12648221343873517,1.210071863280508,1.0,0.0005214765408605008,1.0251370569673615,0.1778260216346154,0.02397901835893593,0.0245206792560245,0.07761021314056202
Organic Baby Spinach,Red Peppers,0.10452454707594105,0.023749178635126256,0.0030038486811226886,0.028738212842388863,1.210071863280508,1.0,0.0005214765408605008,1.005136652417741,0.19386662036794383,0.02397901835893593,0.005110402058650821,0.07761021314056202
Red Vine Tomato,Organic Baby Spinach,0.022763540786632872,0.10452454707594105,0.0027691730029099785,0.12164948453608249,1.1638365143806795,1.0,0.0003898242123424665,1.0194967010989873,0.14405192280609783,0.02223897474557105,0.019123849128663627,0.07407126225007986
Organic Baby Spinach,Red Vine Tomato,0.10452454707594105,0.022763540786632872,0.0027691730029099785,0.026493039964077234,1.1638365143806795,1.0,0.0003898242123424665,1.0038309938506313,0.15720452249833652,0.02223897474557105,0.0038163733478041198,0.07407126225007986
Seedless Red Grapes,Organic Baby Spinach,0.03482587064676617,0.10452454707594105,0.004411902750398948,0.12668463611859837,1.212008467509141,1.0,0.0007717443945204042,1.0253746698605737,0.18123491993858293,0.03269565217391304,0.024746729762715906,0.0844469431154285
Organic Baby Spinach,Seedless Red Grapes,0.10452454707594105,0.03482587064676617,0.004411902750398948,0.04220925011225864,1.2120084675091407,1.0,0.0007717443945204042,1.0077087604639718,0.19534120727590648,0.03269565217391304,0.007649790064762812,0.0844469431154285
Shredded Parmesan,Organic Baby Spinach,0.015582465033323946,0.10452454707594105,0.0030507838167652306,0.1957831325301205,1.8730828117138514,1.0,0.0014220337168303564,1.1134750950216763,0.47349905744108095,0.026062550120288693,0.1019107616587215,0.11248518997408585
Organic Baby Spinach,Shredded Parmesan,0.10452454707594105,0.015582465033323946,0.0030507838167652306,0.02918724741805119,1.8730828117138514,1.0,0.0014220337168303564,1.0140138068320017,0.5205288133953159,0.026062550120288693,0.01382013414174686,0.11248518997408585
Small Hass Avocado,Organic Baby Spinach,0.021730967802496948,0.10452454707594105,0.0022998216464845582,0.10583153347732181,1.0125041096846963,1.0,2.840207940670676e-05,1.0014616780285972,0.012624020005737749,0.018553578190079512,0.001459544644259051,0.0639171138423879
Organic Baby Spinach,Small Hass Avocado,0.10452454707594105,0.021730967802496948,0.0022998216464845582,0.02200269420745397,1.012504109684696,1.0,2.840207940670676e-05,1.0002778396252705,0.013791207556978451,0.018553578190079512,0.0002777624518550269,0.0639171138423879
Sparkling Water Grapefruit,Organic Baby Spinach,0.03327701117056228,0.10452454707594105,0.0030507838167652306,0.0916784203102962,0.8770994266417471,1.0,-0.0004274807038788229,0.9858572921167046,-0.12659554896800612,0.02264019505398816,-0.014345593420453337,0.060432833864173696
Organic Baby Spinach,Sparkling Water Grapefruit,0.10452454707594105,0.03327701117056228,0.0030507838167652306,0.02918724741805119,0.8770994266417471,1.0,-0.0004274807038788229,0.9957872785028483,-0.13530513433385297,0.02264019505398816,-0.004230543599116439,0.060432833864173696
Spring Water,Organic Baby Spinach,0.02431240026283676,0.10452454707594105,0.0026283675959823524,0.1081081081081081,1.034284396655299,1.0,8.712497018034974e-05,1.0040179320663691,0.03397392726573014,0.02082558571959836,0.004001852893304213,0.06662702217259918
Organic Baby Spinach,Spring Water,0.10452454707594105,0.02431240026283676,0.0026283675959823524,0.025145936237090254,1.034284396655299,1.0,8.712497018034974e-05,1.0008550366718851,0.037017139263064006,0.02082558571959836,0.0008543062087475917,0.06662702217259918
Strawberries,Organic Baby Spinach,0.06242373040458087,0.10452454707594105,0.006101567633530461,0.09774436090225563,0.9351330729157874,1.0,-0.0004232445137990048,0.9924852936574987,-0.0688882434985891,0.037934053107674344,-0.007571604728578101,0.07805942786917901
Organic Baby Spinach,Strawberries,0.10452454707594105,0.06242373040458087,0.006101567633530461,0.05837449483610238,0.9351330729157874,1.0,-0.0004232445137990048,0.995699738859799,-0.07189417751833557,0.037934053107674344,-0.004318833251001339,0.07805942786917901
Organic Baby Spinach,Uncured Genoa Salami,0.10452454707594105,0.01661503801745987,0.0025814324603398104,0.02469690166142793,1.4864186067750946,1.0,0.0008447531369152759,1.0082865148872544,0.36543939314524776,0.021773555027711798,0.008218412886520787,0.09003206664992301
Uncured Genoa Salami,Organic Baby Spinach,0.01661503801745987,0.10452454707594105,0.0025814324603398104,0.1553672316384181,1.4864186067750946,1.0,0.0008447531369152759,1.0601950178432002,0.3327710090596689,0.021773555027711798,0.056777306844600646,0.09003206664992301
Unsweetened Almondmilk,Organic Baby Spinach,0.020229043461935606,0.10452454707594105,0.0027222378672674364,0.1345707656612529,1.2874560993168631,1.0,0.0006078062616290906,1.0347182847460306,0.22788436919264915,0.02230769230769231,0.03355336931593134,0.08030738552483391
Organic Baby Spinach,Unsweetened Almondmilk,0.10452454707594105,0.020229043461935606,0.0027222378672674364,0.026044005388414906,1.2874560993168631,1.0,0.0006078062616290906,1.0059704565284782,0.24933624439942087,0.02230769230769231,0.005935021739188885,0.08030738552483391
Unsweetened Original Almond Breeze Almond Milk,Organic Baby Spinach,0.016051816389749365,0.10452454707594105,0.002065145968271848,0.1286549707602339,1.2308589164874466,1.0,0.00038733713038712836,1.0276933050336516,0.19061898319196538,0.017425742574257424,0.026947052100086147,0.07420624604468813
Organic Baby Spinach,Unsweetened Original Almond Breeze Almond Milk,0.10452454707594105,0.016051816389749365,0.002065145968271848,0.019757521329142342,1.2308589164874468,1.0,0.00038733713038712836,1.0037803961979057,0.20945208677794236,0.017425742574257424,0.003766158626154683,0.07420624604468813
Yellow Onions,Organic Baby Spinach,0.0308363841171501,0.10452454707594105,0.0036609405801182764,0.1187214611872146,1.1358237323999973,1.0,0.00043778149681341976,1.0161094517635694,0.12338649292012639,0.027797576621525304,0.015854051682729402,0.07687307904443802
Organic Baby Spinach,Yellow Onions,0.10452454707594105,0.0308363841171501,0.0036609405801182764,0.03502469690166143,1.1358237323999976,1.0,0.00043778149681341976,1.0043403315826462,0.13353989686606688,0.027797576621525304,0.004321574516286422,0.07687307904443802
Organic Hass Avocado,Organic Bartlett Pear,0.0930723739791608,0.016990519102600205,0.0033323946306204823,0.03580433686333838,2.1073127105256564,1.0,0.0017510466826032006,1.019512448022774,0.5793868942579558,0.03122251539138083,0.019138999293844897,0.11596846677421063
Organic Bartlett Pear,Organic Hass Avocado,0.016990519102600205,0.0930723739791608,0.0033323946306204823,0.19613259668508287,2.107312710525656,1.0,0.0017510466826032006,1.1282055004108034,0.5345441633759778,0.03122251539138083,0.11363665605611839,0.11596846677421063
Organic Strawberries,Organic Bartlett Pear,0.11090772552332676,0.016990519102600205,0.0036609405801182764,0.033008887008040624,1.942782725395894,1.0,0.0017765607509882529,1.0165651655844883,0.5458088164628839,0.029467321496033243,0.0162952323621712,0.12423925013385456
Organic Bartlett Pear,Organic Strawberries,0.016990519102600205,0.11090772552332676,0.0036609405801182764,0.2154696132596685,1.942782725395894,1.0,0.0017765607509882529,1.1332795892977314,0.49366197527962236,0.029467321496033243,0.117605214596975,0.12423925013385456
Organic Black Beans,Organic Hass Avocado,0.016802778560030037,0.0930723739791608,0.0024875621890547263,0.14804469273743018,1.5906405564617687,1.0,0.0009236876990265858,1.0645248856244605,0.377668332366579,0.023164335664335664,0.06061378789337512,0.08738593688813012
Organic Hass Avocado,Organic Black Beans,0.0930723739791608,0.016802778560030037,0.0024875621890547263,0.026727181038830056,1.5906405564617687,1.0,0.0009236876990265858,1.0101969378836584,0.40942898237411873,0.023164335664335664,0.010094009891794596,0.08738593688813012
Organic Strawberries,Organic Black Beans,0.11090772552332676,0.016802778560030037,0.0030507838167652306,0.027507405840033857,1.6370748291278252,1.0,0.0011872258642001796,1.0110074126469317,0.4376985206632043,0.024472891566265063,0.010887568685686527,0.10453582582504488
Organic Black Beans,Organic Strawberries,0.016802778560030037,0.11090772552332676,0.0030507838167652306,0.1815642458100559,1.6370748291278252,1.0,0.0011872258642001796,1.0863311749578466,0.395804996988881,0.024472891566265063,0.07947040179639187,0.10453582582504488
Organic Blueberries,Organic Blackberries,0.042429362620857974,0.02802027597859758,0.0028630432741950625,0.0674778761061947,2.4081802819406772,1.0,0.0016741608239626297,1.0423127764120377,0.61065855002965,0.04236111111111111,0.04059508563033388,0.08482771527252783
Organic Blackberries,Organic Blueberries,0.02802027597859758,0.042429362620857974,0.0028630432741950625,0.10217755443886098,2.408180281940677,1.0,0.0016741608239626297,1.0665478927525147,0.6016058591774068,0.04236111111111111,0.06239559723921047,0.08482771527252783
Organic Hass Avocado,Organic Blackberries,0.0930723739791608,0.02802027597859758,0.0030507838167652306,0.03277861825516894,1.169817823357838,1.0,0.0004428702118859009,1.0049195999658191,0.16006353528477424,0.025844930417495034,0.004895515985543935,0.07082817009910876
Organic Blackberries,Organic Hass Avocado,0.02802027597859758,0.0930723739791608,0.0030507838167652306,0.10887772194304858,1.1698178233578382,1.0,0.0004428702118859009,1.0177364525083477,0.14935089537436347,0.025844930417495034,0.017427353087957002,0.07082817009910876
Organic Raspberries,Organic Blackberries,0.06049938984323665,0.02802027597859758,0.005256735191964705,0.08688906128782001,3.1009352425432044,1.0,0.0035615255920204503,1.0644705728662598,0.7211455084606656,0.06313416009019165,0.060565857346964756,0.13724687570253646
Organic Blackberries,Organic Raspberries,0.02802027597859758,0.06049938984323665,0.005256735191964705,0.18760469011725292,3.1009352425432044,1.0,0.0035615255920204503,1.1564574520898716,0.6970481260735497,0.06313416009019165,0.13529027964421197,0.13724687570253646
Organic Strawberries,Organic Blackberries,0.11090772552332676,0.02802027597859758,0.005913827090960293,0.05332204824375794,1.9029808373224568,1.0,0.0028061620136381267,1.0267269056158133,0.5337000977870956,0.04446012702893438,0.026031172914264652,0.13218866231283374
Organic Blackberries,Organic Strawberries,0.02802027597859758,0.11090772552332676,0.005913827090960293,0.21105527638190955,1.9029808373224566,1.0,0.0028061620136381267,1.1269386154194776,0.48818779044767746,0.04446012702893438,0.11264022164350762,0.13218866231283374
Strawberries,Organic Blackberries,0.06242373040458087,0.02802027597859758,0.0030977189524077726,0.04962406015037594,1.7710054029546227,1.0,0.001348588798857844,1.022731829864292,0.46433447409618817,0.035464803868887694,0.0222265790508431,0.08008841198473571
Organic Blackberries,Strawberries,0.02802027597859758,0.06242373040458087,0.0030977189524077726,0.11055276381909548,1.7710054029546227,1.0,0.001348588798857844,1.0541111731609516,0.44789924450941404,0.035464803868887694,0.0513334594478198,0.08008841198473571
Organic Blueberries,Organic Grape Tomatoes,0.042429362620857974,0.034966676053693795,0.0023467567821271003,0.05530973451327433,1.5817841658252656,1.0,0.000863143004198855,1.0215341040368395,0.3840995980786197,0.031269543464665414,0.02108016164290759,0.061211914236502935
Organic Grape Tomatoes,Organic Blueberries,0.034966676053693795,0.042429362620857974,0.0023467567821271003,0.06711409395973154,1.5817841658252658,1.0,0.000863143004198855,1.0264606112913106,0.3811293225037692,0.031269543464665414,0.025778496515343606,0.061211914236502935
Organic Blueberries,Organic Hass Avocado,0.042429362620857974,0.0930723739791608,0.004975124378109453,0.1172566371681416,1.2598436265781265,1.0,0.0010261228725635336,1.0273967091764895,0.2153895382065762,0.038115785688601224,0.02666614456887776,0.08535549962290086
Organic Hass Avocado,Organic Blueberries,0.0930723739791608,0.042429362620857974,0.004975124378109453,0.05345436207766011,1.2598436265781265,1.0,0.0010261228725635336,1.0116476153025247,0.22741693104024055,0.038115785688601224,0.011513510363034328,0.08535549962290086
Organic Lemon,Organic Blueberries,0.04003567070308833,0.042429362620857974,0.002159016239556932,0.05392731535756154,1.270990465717042,1.0,0.0004603282495263374,1.0121533502904687,0.22210412419566383,0.02688486265341905,0.012007419910214987,0.05240613555488696
Organic Blueberries,Organic Lemon,0.042429362620857974,0.04003567070308833,0.002159016239556932,0.050884955752212385,1.2709904657170423,1.0,0.0004603282495263374,1.011430948350126,0.22265933007420408,0.02688486265341905,0.011301758532080236,0.05240613555488696
Organic Blueberries,Organic Raspberries,0.042429362620857974,0.06049938984323665,0.006054632497887919,0.1426991150442478,2.358686846495534,1.0,0.0034876819478885795,1.0958820020409215,0.6015590506782661,0.0625,0.08749299820816023,0.1213883472816274
Organic Raspberries,Organic Blueberries,0.06049938984323665,0.042429362620857974,0.006054632497887919,0.10007757951900699,2.358686846495534,1.0,0.0034876819478885795,1.064059096191133,0.6131292277533089,0.0625,0.06020257372963253,0.1213883472816274
Organic Blueberries,Organic Strawberries,0.042429362620857974,0.11090772552332676,0.009480897399793485,0.2234513274336283,2.0147498867121816,1.0,0.004775153296109669,1.1449279432007302,0.5259773600142095,0.06590538336052203,0.12658258894055244,0.154467940483636
Organic Strawberries,Organic Blueberries,0.11090772552332676,0.042429362620857974,0.009480897399793485,0.08548455353364368,2.0147498867121816,1.0,0.004775153296109669,1.0470797853433191,0.5664884178329673,0.06590538336052203,0.04496293978961926,0.154467940483636
Organic Blueberries,Organic Whole Milk,0.042429362620857974,0.05749554116211396,0.0026283675959823524,0.061946902654867256,1.0774209860935524,1.0,0.00018886843093255355,1.0047453193271805,0.07504166258209988,0.027013989387361312,0.004722907622359532,0.05383059418457649
Organic Whole Milk,Organic Blueberries,0.05749554116211396,0.042429362620857974,0.0026283675959823524,0.045714285714285714,1.0774209860935524,1.0,0.00018886843093255355,1.0034422846787416,0.07624122304666112,0.027013989387361312,0.0034304760037531332,0.05383059418457649
Organic Blueberries,Organic Yellow Onion,0.042429362620857974,0.04702900591382709,0.00211208110391439,0.0497787610619469,1.058469344496847,1.0,0.0001166703582981465,1.002893805184983,0.05768715485409926,0.02418054809242343,0.0028854552396493606,0.047344470351332726
Organic Yellow Onion,Organic Blueberries,0.04702900591382709,0.042429362620857974,0.00211208110391439,0.04491017964071856,1.058469344496847,1.0,0.0001166703582981465,1.002597469857785,0.057965589703178354,0.02418054809242343,0.0025907404874595482,0.047344470351332726
Organic Zucchini,Organic Blueberries,0.042523232892143055,0.042429362620857974,0.002252886510842016,0.052980132450331126,1.248666705737561,1.0,0.0004486528426500833,1.011141022687066,0.20799019607843136,0.027241770715096484,0.011018267914261099,0.05303873879153724
Organic Blueberries,Organic Zucchini,0.042429362620857974,0.042523232892143055,0.002252886510842016,0.05309734513274336,1.248666705737561,1.0,0.0004486528426500833,1.011167053113905,0.20796980688167827,0.027241770715096484,0.011043727225403439,0.05303873879153724
Organic Blueberries,Raspberries,0.042429362620857974,0.02388998404205388,0.0022998216464845582,0.054203539823008844,2.2688813742024094,1.0,0.0012861848505577437,1.032050823890039,0.5840343783822715,0.035923753665689145,0.031055470475021708,0.07523536519637672
Raspberries,Organic Blueberries,0.02388998404205388,0.042429362620857974,0.0022998216464845582,0.0962671905697446,2.26888137420241,1.0,0.0012861848505577437,1.0595727270130073,0.5729417410085638,0.035923753665689145,0.05622334880300845,0.07523536519637672
Organic Blueberries,Strawberries,0.042429362620857974,0.06242373040458087,0.004318032479113864,0.10176991150442477,1.630308071062612,1.0,0.0016694333856312254,1.0438041228008115,0.40374984549681825,0.042950513538748826,0.041965845740552364,0.08547142191762591
Strawberries,Organic Blueberries,0.06242373040458087,0.042429362620857974,0.004318032479113864,0.06917293233082705,1.6303080710626119,1.0,0.0016694333856312254,1.0287309755365581,0.4123600494506451,0.042950513538748826,0.027928560741133278,0.08547142191762591
Organic Hass Avocado,Organic Broccoli,0.0930723739791608,0.016990519102600205,0.0033323946306204823,0.03580433686333838,2.1073127105256564,1.0,0.0017510466826032006,1.019512448022774,0.5793868942579558,0.03122251539138083,0.019138999293844897,0.11596846677421063
Organic Broccoli,Organic Hass Avocado,0.016990519102600205,0.0930723739791608,0.0033323946306204823,0.19613259668508287,2.107312710525656,1.0,0.0017510466826032006,1.1282055004108034,0.5345441633759778,0.03122251539138083,0.11363665605611839,0.11596846677421063
Organic Strawberries,Organic Broccoli,0.11090772552332676,0.016990519102600205,0.0038486811226884445,0.034701650444350404,2.0424126087495296,1.0,0.001964301293558421,1.0183478313724488,0.5740494912207741,0.031025349981082105,0.018017253837248365,0.1306104937304625
Organic Broccoli,Organic Strawberries,0.016990519102600205,0.11090772552332676,0.0038486811226884445,0.2265193370165746,2.0424126087495296,1.0,0.001964301293558421,1.1494692977162704,0.5192045221636327,0.031025349981082105,0.1300333101660317,0.1306104937304625
Organic Broccoli,Organic Whole Milk,0.016990519102600205,0.05749554116211396,0.002065145968271848,0.12154696132596685,2.114024128988612,1.0,0.0010882668778426144,1.0729138808154552,0.5360767240780608,0.02851587815942968,0.06795874498336983,0.0787326643364528
Organic Whole Milk,Organic Broccoli,0.05749554116211396,0.016990519102600205,0.002065145968271848,0.03591836734693877,2.114024128988612,1.0,0.0010882668778426144,1.0196330348004359,0.559115129181361,0.02851587815942968,0.019255000701579327,0.0787326643364528
Organic Zucchini,Organic Broccoli,0.042523232892143055,0.016990519102600205,0.0023936919177696423,0.056291390728476824,3.3131059968533902,1.0,0.0016712001170113683,1.0416451341439112,0.7291753171856978,0.0419063270336894,0.03998015521681279,0.09858768431451466
Organic Broccoli,Organic Zucchini,0.016990519102600205,0.042523232892143055,0.0023936919177696423,0.1408839779005525,3.3131059968533902,1.0,0.0016712001170113683,1.1144906420998206,0.7102356985574979,0.0419063270336894,0.10272911927201822,0.09858768431451466
Organic Hass Avocado,Organic Broccoli Florets,0.0930723739791608,0.015770205575894116,0.002065145968271848,0.022188603126575893,1.4069951732584105,1.0,0.0005973754971839841,1.0065640445296555,0.3189510380940282,0.019340659340659337,0.006521238827602573,0.07657049203947841
Organic Broccoli Florets,Organic Hass Avocado,0.015770205575894116,0.0930723739791608,0.002065145968271848,0.13095238095238093,1.4069951732584107,1.0,0.0005973754971839841,1.0435879532294587,0.29390037716217965,0.019340659340659337,0.04176739784564655,0.07657049203947841
Organic Strawberries,Organic Broccoli Florets,0.11090772552332676,0.015770205575894116,0.002205951375199474,0.019889970376639865,1.2612372287044313,1.0,0.00045691374374177236,1.0042033696995518,0.23296541359801676,0.017722473604826545,0.004185775338325652,0.07988546137879611
Organic Broccoli Florets,Organic Strawberries,0.015770205575894116,0.11090772552332676,0.002205951375199474,0.13988095238095236,1.2612372287044313,1.0,0.00045691374374177236,1.0336851357237447,0.21044653456305348,0.017722473604826545,0.03258742392591306,0.07988546137879611
Organic Cilantro,Organic Garlic,0.02900591382709096,0.04721674645639726,0.00445883788604149,0.15372168284789645,3.2556602134764234,1.0,0.003089273007131629,1.1258509573421538,0.7135395042129685,0.06213211249182472,0.11178296427375772,0.12407754122514106
Organic Garlic,Organic Cilantro,0.04721674645639726,0.02900591382709096,0.00445883788604149,0.09443339960238568,3.255660213476423,1.0,0.003089273007131629,1.072250330065803,0.7271775991703396,0.06213211249182472,0.06738196113343142,0.12407754122514106
Organic Garnet Sweet Potato (Yam),Organic Cilantro,0.024640946212334553,0.02900591382709096,0.002018210832629306,0.0819047619047619,2.823726306056403,1.0,0.0013034776701763466,1.057618039918625,0.6621746385058802,0.03909090909090909,0.05447906308695171,0.07574202496532592
Organic Cilantro,Organic Garnet Sweet Potato (Yam),0.02900591382709096,0.024640946212334553,0.002018210832629306,0.06957928802588996,2.823726306056403,1.0,0.0013034776701763466,1.04829894824483,0.6651513516430151,0.03909090909090909,0.04607363989604021,0.07574202496532592
Organic Ginger Root,Organic Cilantro,0.022575800244062704,0.02900591382709096,0.0026753027316248944,0.11850311850311851,4.085481299073533,1.0,0.0020204710151679925,1.1015286685121917,0.7726745435016112,0.05470249520153551,0.09217070005933116,0.1053680641059282
Organic Cilantro,Organic Ginger Root,0.02900591382709096,0.022575800244062704,0.0026753027316248944,0.09223300970873786,4.085481299073533,1.0,0.0020204710151679925,1.0767346799450432,0.7777913461147068,0.05470249520153551,0.0712660986724787,0.1053680641059282
Organic Hass Avocado,Organic Cilantro,0.0930723739791608,0.02900591382709096,0.005256735191964705,0.056480080685829555,1.947191907916318,1.0,0.002557085932642384,1.0291187989742805,0.5363602590547165,0.044997991161108884,0.028294885880330845,0.11885492707430637
Organic Cilantro,Organic Hass Avocado,0.02900591382709096,0.0930723739791608,0.005256735191964705,0.18122977346278318,1.947191907916318,1.0,0.002557085932642384,1.1076704997645823,0.5009710598276433,0.044997991161108884,0.09720444824292597,0.11885492707430637
Organic Italian Parsley Bunch,Organic Cilantro,0.025157232704402517,0.02900591382709096,0.0032854594949779407,0.13059701492537312,4.502427184466019,1.0,0.002555750971025967,1.1168515669284962,0.7979723502304148,0.06457564575645756,0.10462587006960555,0.12193281166980631
Organic Cilantro,Organic Italian Parsley Bunch,0.02900591382709096,0.025157232704402517,0.0032854594949779407,0.1132686084142395,4.50242718446602,1.0,0.002555750971025967,1.099366478446495,0.8011352336758369,0.06457564575645756,0.09038521766363923,0.12193281166980631
Organic Lemon,Organic Cilantro,0.04003567070308833,0.02900591382709096,0.0027222378672674364,0.06799531066822978,2.3441878464357666,1.0,0.0015609666528438662,1.0418339062962156,0.5973274302564164,0.04104741684359519,0.040154103301300446,0.08092322167715696
Organic Cilantro,Organic Lemon,0.02900591382709096,0.04003567070308833,0.0027222378672674364,0.09385113268608415,2.3441878464357666,1.0,0.0015609666528438662,1.059389206259806,0.5905422433794704,0.04104741684359519,0.056059855914032605,0.08092322167715696
Organic Raspberries,Organic Cilantro,0.06049938984323665,0.02900591382709096,0.0024875621890547263,0.04111714507370054,1.417543516084569,1.0,0.000732722100670222,1.0126305639780582,0.31352218538770343,0.028586839266450916,0.01247302266725946,0.06343883143652665
Organic Cilantro,Organic Raspberries,0.02900591382709096,0.06049938984323665,0.0024875621890547263,0.08576051779935275,1.417543516084569,1.0,0.000732722100670222,1.0276307558882827,0.30335332486976313,0.028586839266450916,0.02688782496043411,0.06343883143652665
Organic Red Bell Pepper,Organic Cilantro,0.02548577865390031,0.02900591382709096,0.00211208110391439,0.08287292817679558,2.857104543260205,1.0,0.0013728428044630435,1.0587345156463648,0.6669941723257719,0.04032258064516129,0.055476150799246254,0.07784423107868904
Organic Cilantro,Organic Red Bell Pepper,0.02900591382709096,0.02548577865390031,0.00211208110391439,0.07281553398058252,2.857104543260205,1.0,0.0013728428044630435,1.0510467518183064,0.6694122196442381,0.04032258064516129,0.04856753681983775,0.07784423107868904
Organic Red Onion,Organic Cilantro,0.025626584060827937,0.02900591382709096,0.0030507838167652306,0.11904761904761904,4.104253351826167,1.0,0.002307461327814153,1.1022095032233021,0.776242774566474,0.05914467697907189,0.09273146613633852,0.11211280628756357
Organic Cilantro,Organic Red Onion,0.02900591382709096,0.025626584060827937,0.0030507838167652306,0.1051779935275081,4.104253351826167,1.0,0.002307461327814153,1.088901936800015,0.7789443155452437,0.05914467697907189,0.08164365751912754,0.11211280628756357
Organic Strawberries,Organic Cilantro,0.11090772552332676,0.02900591382709096,0.004364967614756406,0.039356749894202285,1.3568526104302168,1.0,0.0011479876854681337,1.0107749011570855,0.29580762661498927,0.03220221606648199,0.010660040276772713,0.09492109339370308
Organic Cilantro,Organic Strawberries,0.02900591382709096,0.11090772552332676,0.004364967614756406,0.15048543689320387,1.3568526104302165,1.0,0.0011479876854681337,1.0465886202411125,0.27085672230122493,0.03220221606648199,0.04451473992749838,0.09492109339370308
Organic Yellow Onion,Organic Cilantro,0.04702900591382709,0.02900591382709096,0.0031446540880503146,0.06686626746506986,2.305263259887991,1.0,0.001780534795140095,1.0405733415457272,0.5941524646272186,0.043142305215711524,0.038991332879484655,0.08764025347363526
Organic Cilantro,Organic Yellow Onion,0.02900591382709096,0.04702900591382709,0.0031446540880503146,0.10841423948220065,2.305263259887991,1.0,0.001780534795140095,1.0688494997191558,0.5831241126155765,0.043142305215711524,0.06441458758903502,0.08764025347363526
Organic Zucchini,Organic Cilantro,0.042523232892143055,0.02900591382709096,0.0024875621890547263,0.05849889624724062,2.0167920444072958,1.0,0.001254136960135905,1.0313254889480135,0.5265538290788013,0.03602991162474507,0.030374008287108886,0.07212970702329669
Organic Cilantro,Organic Zucchini,0.02900591382709096,0.042523232892143055,0.0024875621890547263,0.08576051779935275,2.0167920444072953,1.0,0.001254136960135905,1.0472931718100098,0.519223613360767,0.03602991162474507,0.04515752903102989,0.07212970702329669
Organic Cilantro,Yellow Onions,0.02900591382709096,0.0308363841171501,0.002065145968271848,0.07119741100323625,2.3088767714382823,1.0,0.001170708467830716,1.0434549035115006,0.5838232967728326,0.03574329813160032,0.04164521472395522,0.06908424583647352
Yellow Onions,Organic Cilantro,0.0308363841171501,0.02900591382709096,0.002065145968271848,0.0669710806697108,2.3088767714382823,1.0,0.001170708467830716,1.0406902359145207,0.5849259704410074,0.03574329813160032,0.03909927710502989,0.06908424583647352
Organic Cucumber,Organic D'Anjou Pears,0.03355862198441754,0.0220125786163522,0.002018210832629306,0.06013986013986013,2.7320679320679315,1.0,0.0012794990279408698,1.0405669736448038,0.6559910459864492,0.03768624014022786,0.03898545184718817,0.07591214755393859
Organic D'Anjou Pears,Organic Cucumber,0.0220125786163522,0.03355862198441754,0.002018210832629306,0.09168443496801705,2.7320679320679315,1.0,0.0012794990279408698,1.0639929725101132,0.6482464667613849,0.03768624014022786,0.06014416839534608,0.07591214755393859
Organic Gala Apples,Organic Cucumber,0.034027973340842954,0.03355862198441754,0.002159016239556932,0.06344827586206896,1.8906698818422951,1.0,0.001017084345315746,1.0319145788826174,0.4876817579743241,0.03299856527977044,0.030927539484106703,0.06389197009886664
Organic Cucumber,Organic Gala Apples,0.03355862198441754,0.034027973340842954,0.002159016239556932,0.06433566433566433,1.8906698818422956,1.0,0.001017084345315746,1.0323916278943157,0.4874449157821167,0.03299856527977044,0.03137532988366281,0.06389197009886664
Organic Cucumber,Organic Garlic,0.03355862198441754,0.04721674645639726,0.0031915892236928567,0.0951048951048951,2.014219577639061,1.0,0.0016070602780285349,1.0529212152761607,0.521014320934046,0.04113732607380521,0.050261324882014534,0.08134966425224874
Organic Garlic,Organic Cucumber,0.04721674645639726,0.03355862198441754,0.0031915892236928567,0.06759443339960239,2.014219577639061,1.0,0.0016070602780285349,1.0365032263152196,0.5284830483917706,0.04113732607380521,0.035217667816615436,0.08134966425224874
Organic Garnet Sweet Potato (Yam),Organic Cucumber,0.024640946212334553,0.03355862198441754,0.002205951375199474,0.08952380952380952,2.6676843156843155,1.0,0.0013790351759213738,1.0614680407074912,0.6409363299331325,0.0393964794635373,0.05790851759090309,0.07762903762903763
Organic Cucumber,Organic Garnet Sweet Potato (Yam),0.03355862198441754,0.024640946212334553,0.002205951375199474,0.06573426573426573,2.6676843156843155,1.0,0.0013790351759213738,1.0439846159553605,0.6468504624515772,0.0393964794635373,0.042131479030569546,0.07762903762903763
Organic Ginger Root,Organic Cucumber,0.022575800244062704,0.03355862198441754,0.002205951375199474,0.09771309771309772,2.9117136501751886,1.0,0.0014483386288132527,1.0711020802430766,0.6717243493141938,0.040905134899912966,0.0663821698739867,0.08172368172368172
Organic Cucumber,Organic Ginger Root,0.03355862198441754,0.022575800244062704,0.002205951375199474,0.06573426573426573,2.9117136501751886,1.0,0.0014483386288132527,1.0461950641100228,0.6793579512635659,0.040905134899912966,0.044155306877995945,0.08172368172368172
Organic Granny Smith Apple,Organic Cucumber,0.026095935417253358,0.03355862198441754,0.002252886510842016,0.08633093525179855,2.572541127936811,1.0,0.0013771428788446373,1.05775867357611,0.6276586345381525,0.0392477514309076,0.05460477424480695,0.07673190119233284
Organic Cucumber,Organic Granny Smith Apple,0.03355862198441754,0.026095935417253358,0.002252886510842016,0.06713286713286712,2.5725411279368107,1.0,0.0013771428788446373,1.0439901142078918,0.6325053016690139,0.0392477514309076,0.0421365237172466,0.07673190119233284
Organic Cucumber,Organic Grape Tomatoes,0.03355862198441754,0.034966676053693795,0.0032854594949779407,0.0979020979020979,2.799868587788051,1.0,0.002112026031240446,1.0697656226691612,0.6651623108570319,0.050359712230215826,0.06521580165858168,0.09593091472286103
Organic Grape Tomatoes,Organic Cucumber,0.034966676053693795,0.03355862198441754,0.0032854594949779407,0.09395973154362416,2.7998685877880507,1.0,0.002112026031240446,1.0666649283283096,0.6661328312269414,0.050359712230215826,0.06249847216106339,0.09593091472286103
Organic Hass Avocado,Organic Cucumber,0.0930723739791608,0.03355862198441754,0.007228010888951469,0.07766011094301564,2.3141626905620853,1.0,0.004104630273392473,1.0478147909266813,0.6261560982101272,0.06053459119496856,0.04563286502607407,0.1465223631638155
Organic Cucumber,Organic Hass Avocado,0.03355862198441754,0.0930723739791608,0.007228010888951469,0.21538461538461537,2.3141626905620853,1.0,0.004104630273392473,1.1558881508108736,0.5875972165370447,0.06053459119496856,0.13486439038371967,0.1465223631638155
Organic Italian Parsley Bunch,Organic Cucumber,0.025157232704402517,0.03355862198441754,0.0023936919177696423,0.09514925373134328,2.835314685314685,1.0,0.0015494498552685722,1.06806717240485,0.6640101201771031,0.042499999999999996,0.06372929920839202,0.0832389625300073
Organic Cucumber,Organic Italian Parsley Bunch,0.03355862198441754,0.025157232704402517,0.0023936919177696423,0.07132867132867132,2.835314685314685,1.0,0.0015494498552685722,1.0497177388800485,0.6697824387391788,0.042499999999999996,0.04736295962102413,0.0832389625300073
Organic Kiwi,Organic Cucumber,0.021684032666854407,0.03355862198441754,0.002065145968271848,0.09523809523809523,2.8379620379620376,1.0,0.0013374597129071197,1.0681720493856437,0.6619890616004604,0.038834951456310676,0.06382122563949574,0.07838827838827839
Organic Cucumber,Organic Kiwi,0.03355862198441754,0.021684032666854407,0.002065145968271848,0.06153846153846153,2.8379620379620376,1.0,0.0013374597129071197,1.0424678340435158,0.6701228692147053,0.038834951456310676,0.040737788406182175,0.07838827838827839
Organic Large Extra Fancy Fuji Apple,Organic Cucumber,0.03219750305078382,0.03355862198441754,0.0029099784098376045,0.09037900874635568,2.6931680564333624,1.0,0.00182947457611422,1.0624660021132846,0.6496057695316166,0.04630321135175504,0.0587934126730054,0.0885461477298212
Organic Cucumber,Organic Large Extra Fancy Fuji Apple,0.03355862198441754,0.03219750305078382,0.0029099784098376045,0.08671328671328671,2.6931680564333624,1.0,0.00182947457611422,1.0596918611312245,0.6505206628013178,0.04630321135175504,0.056329451344000324,0.0885461477298212
Organic Lemon,Organic Cucumber,0.04003567070308833,0.03355862198441754,0.0034262649019055663,0.08558030480656506,2.5501733905016435,1.0,0.002082722962888005,1.0568903787785793,0.6332212375985301,0.04882943143812709,0.05382807897667306,0.09383910345223356
Organic Cucumber,Organic Lemon,0.03355862198441754,0.04003567070308833,0.0034262649019055663,0.10209790209790208,2.550173390501643,1.0,0.002082722962888005,1.0691191517870589,0.6289774159877003,0.04882943143812709,0.06465055992264712,0.09383910345223356
Organic Raspberries,Organic Cucumber,0.06049938984323665,0.03355862198441754,0.00398948652961607,0.06594259115593483,1.9649969890466397,1.0,0.001959210375578982,1.034670212842264,0.5227174548692434,0.04429390307451797,0.03350846715401619,0.09241185501852685
Organic Cucumber,Organic Raspberries,0.03355862198441754,0.06049938984323665,0.00398948652961607,0.11888111888111887,1.9649969890466397,1.0,0.001959210375578982,1.0662586289874376,0.5081460489591396,0.04429390307451797,0.062141235893546413,0.09241185501852685
Organic Red Bell Pepper,Organic Cucumber,0.02548577865390031,0.03355862198441754,0.0029569135454801465,0.11602209944751382,3.4572962948653556,1.0,0.0021016459336553684,1.0932868088801277,0.7293445529249604,0.052719665271966525,0.08532693170942303,0.10206699377970097
Organic Cucumber,Organic Red Bell Pepper,0.03355862198441754,0.02548577865390031,0.0029569135454801465,0.08811188811188811,3.4572962948653556,1.0,0.0021016459336553684,1.0686774053105235,0.7354368875907412,0.052719665271966525,0.06426392564233917,0.10206699377970097
Organic Red Onion,Organic Cucumber,0.025626584060827937,0.03355862198441754,0.002018210832629306,0.07875457875457874,2.346776300622454,1.0,0.0011582179853800816,1.049059627030831,0.5889770130393869,0.03530377668308702,0.046765337037786146,0.06944721944721943
Organic Cucumber,Organic Red Onion,0.03355862198441754,0.025626584060827937,0.002018210832629306,0.06013986013986013,2.346776300622454,1.0,0.0011582179853800816,1.036721714875756,0.5938110237821218,0.03530377668308702,0.035420995189781306,0.06944721944721943
Organic Cucumber,Organic Small Bunch Celery,0.03355862198441754,0.029193654369661128,0.0038486811226884445,0.11468531468531468,3.928432981809187,1.0,0.002868982311353248,1.0965664093612832,0.7713303586340706,0.0653386454183267,0.08806252730058571,0.12325905605648371
Organic Small Bunch Celery,Organic Cucumber,0.029193654369661128,0.03355862198441754,0.0038486811226884445,0.13183279742765275,3.9284329818091877,1.0,0.002868982311353248,1.1131972909735044,0.7678622807307168,0.0653386454183267,0.10168663891960417,0.12325905605648371
Organic Strawberries,Organic Cucumber,0.11090772552332676,0.03355862198441754,0.006336243311743171,0.05713076597545494,1.7024169228993606,1.0,0.002614332875754312,1.0250004381736182,0.4640686191126987,0.04587155963302753,0.024390660962218584,0.12297097739332187
Organic Cucumber,Organic Strawberries,0.03355862198441754,0.11090772552332676,0.006336243311743171,0.1888111888111888,1.7024169228993604,1.0,0.002614332875754312,1.096036165949692,0.42692690262016664,0.04587155963302753,0.08762134766463542,0.12297097739332187
Organic Tomato Cluster,Organic Cucumber,0.02787947057166995,0.03355862198441754,0.0027222378672674364,0.09764309764309764,2.909627745991382,1.0,0.0017866412532270715,1.071018989815776,0.6751358532784593,0.04636290967226219,0.06630973912796068,0.08938098938098937
Organic Cucumber,Organic Tomato Cluster,0.03355862198441754,0.02787947057166995,0.0027222378672674364,0.08111888111888112,2.9096277459913824,1.0,0.0017866412532270715,1.0579393889516833,0.6791031903794594,0.04636290967226219,0.054766265021189704,0.08938098938098937
Organic Cucumber,Organic Whole Milk,0.03355862198441754,0.05749554116211396,0.0024875621890547263,0.07412587412587412,1.2892456115313258,1.0,0.0005580910574058255,1.0179617644548165,0.23214300440841065,0.028086910439851613,0.01764483213614233,0.05869559012416155
Organic Whole Milk,Organic Cucumber,0.05749554116211396,0.03355862198441754,0.0024875621890547263,0.04326530612244898,1.2892456115313258,1.0,0.0005580910574058255,1.0101456382842051,0.23803877315739178,0.028086910439851613,0.010043738149914909,0.05869559012416155
Organic Yellow Onion,Organic Cucumber,0.04702900591382709,0.03355862198441754,0.0034262649019055663,0.07285429141716566,2.1709559901176667,1.0,0.0018480362701405063,1.0423834884516832,0.5659914505003399,0.044403892944038924,0.04066016866272311,0.08747609675753387
Organic Cucumber,Organic Yellow Onion,0.03355862198441754,0.04702900591382709,0.0034262649019055663,0.10209790209790208,2.1709559901176663,1.0,0.0018480362701405063,1.06133062425485,0.5581025890417611,0.044403892944038924,0.0577865397014333,0.08747609675753387
Organic Zucchini,Organic Cucumber,0.042523232892143055,0.03355862198441754,0.0026283675959823524,0.06181015452538632,1.841856157087945,1.0,0.0012013464977995735,1.030112809978962,0.47736869747899163,0.03578274760383387,0.02923253617201111,0.07006591642353231
Organic Cucumber,Organic Zucchini,0.03355862198441754,0.042523232892143055,0.0026283675959823524,0.07832167832167831,1.8418561570879453,1.0,0.0012013464977995735,1.0388404984554138,0.4729406744971798,0.03578274760383387,0.03738831756478815,0.07006591642353231
Original Hummus,Organic Cucumber,0.03191589223692856,0.03355862198441754,0.002252886510842016,0.07058823529411765,2.1034306869600985,1.0,0.0011818331479675243,1.0398419890041077,0.5418807976986973,0.0356347438752784,0.038315426214194086,0.06886055121349238
Organic Cucumber,Original Hummus,0.03355862198441754,0.03191589223692856,0.002252886510842016,0.06713286713286712,2.1034306869600985,1.0,0.0011818331479675243,1.0377513299109387,0.5428018713677496,0.0356347438752784,0.0363780115937587,0.06886055121349238
Organic Gala Apples,Organic D'Anjou Pears,0.034027973340842954,0.0220125786163522,0.0026753027316248944,0.07862068965517241,3.571625615763547,1.0,0.001926259293304452,1.061438443866983,0.7453791906519128,0.05013192612137204,0.057882248586317776,0.1000779354459231
Organic D'Anjou Pears,Organic Gala Apples,0.0220125786163522,0.034027973340842954,0.0026753027316248944,0.12153518123667378,3.5716256157635473,1.0,0.001926259293304452,1.099613787628992,0.7362215828961471,0.05013192612137204,0.09058979502592544,0.1000779354459231
Organic Hass Avocado,Organic D'Anjou Pears,0.0930723739791608,0.0220125786163522,0.004130291936543696,0.04437720625315179,2.0159930840717526,1.0,0.0020815289873168863,1.023403196096978,0.5556855231401109,0.03722504230118443,0.022868011538592505,0.11600523425663985
Organic D'Anjou Pears,Organic Hass Avocado,0.0220125786163522,0.0930723739791608,0.004130291936543696,0.18763326226012791,2.0159930840717526,1.0,0.0020815289873168863,1.1164017233694845,0.5153098509207834,0.03722504230118443,0.10426508749750481,0.11600523425663985
Organic Kiwi,Organic D'Anjou Pears,0.021684032666854407,0.0220125786163522,0.002065145968271848,0.09523809523809523,4.326530612244898,1.0,0.0015878244944731662,1.0809334657398213,0.78590961427749,0.0496054114994363,0.07487367937528709,0.09452736318407959
Organic D'Anjou Pears,Organic Kiwi,0.0220125786163522,0.021684032666854407,0.002065145968271848,0.09381663113006396,4.326530612244897,1.0,0.0015878244944731662,1.0796004439511655,0.7861736334405145,0.0496054114994363,0.0737313923842421,0.09452736318407959
Organic Large Extra Fancy Fuji Apple,Organic D'Anjou Pears,0.03219750305078382,0.0220125786163522,0.00211208110391439,0.06559766763848396,2.980008329862557,1.0,0.0014033310367587717,1.046644884663311,0.6865351869813558,0.040540540540540536,0.04456610388758167,0.08077324746529742
Organic D'Anjou Pears,Organic Large Extra Fancy Fuji Apple,0.0220125786163522,0.03219750305078382,0.00211208110391439,0.09594882729211088,2.9800083298625575,1.0,0.0014033310367587717,1.0705173845971283,0.6793854948195786,0.040540540540540536,0.06587224608563116,0.08077324746529742
Organic Raspberries,Organic D'Anjou Pears,0.06049938984323665,0.0220125786163522,0.0030507838167652306,0.0504266873545384,2.2908123683918875,1.0,0.0017190362415996441,1.0299230279113742,0.5997586666717906,0.0383933845245127,0.029053654594029622,0.09450971894379373
Organic D'Anjou Pears,Organic Raspberries,0.0220125786163522,0.06049938984323665,0.0030507838167652306,0.13859275053304906,2.290812368391888,1.0,0.0017190362415996441,1.0906578865433714,0.5761563195646797,0.0383933845245127,0.0831222032700776,0.09450971894379373
Organic Strawberries,Organic D'Anjou Pears,0.11090772552332676,0.0220125786163522,0.004411902750398948,0.03977994075327973,1.8071458799347078,1.0,0.0019705377231559068,1.0185034273819127,0.502356453458921,0.034331628926223524,0.018167270609462875,0.12010318999284456
Organic D'Anjou Pears,Organic Strawberries,0.0220125786163522,0.11090772552332676,0.004411902750398948,0.20042643923240938,1.8071458799347078,1.0,0.0019705377231559068,1.111958071278826,0.45669426010809333,0.034331628926223524,0.10068551519219313,0.12010318999284456
Organic Whole Milk,Organic D'Anjou Pears,0.05749554116211396,0.0220125786163522,0.0023936919177696423,0.04163265306122449,1.8913119533527698,1.0,0.0011280667978488949,1.0204723945442662,0.5000151347825621,0.0310407790626902,0.02006168383752215,0.07518732866280842
Organic D'Anjou Pears,Organic Whole Milk,0.0220125786163522,0.05749554116211396,0.0023936919177696423,0.10874200426439233,1.8913119533527698,1.0,0.0011280667978488949,1.0574990219975324,0.48187377845028695,0.0310407790626902,0.054372647918786064,0.07518732866280842
Organic Hass Avocado,Organic Fuji Apple,0.0930723739791608,0.03867455176945461,0.0037078757157608185,0.03983862834089763,1.030099290571802,1.0,0.00010834336999772376,1.0012123759670017,0.0322184423756827,0.028958944281524925,0.0012109078913760834,0.06785620737433232
Organic Fuji Apple,Organic Hass Avocado,0.03867455176945461,0.0930723739791608,0.0037078757157608185,0.09587378640776699,1.030099290571802,1.0,0.00010834336999772376,1.0030984749545926,0.030395320868338876,0.028958944281524925,0.0030889040627171556,0.06785620737433232
Organic Raspberries,Organic Fuji Apple,0.06049938984323665,0.03867455176945461,0.0026283675959823524,0.043444530643910004,1.1233363712368283,1.0,0.00028858081146968017,1.0049866202507485,0.11686495050635537,0.027224112785610113,0.004961877253156262,0.055702847846226845
Organic Fuji Apple,Organic Raspberries,0.03867455176945461,0.06049938984323665,0.0026283675959823524,0.06796116504854369,1.1233363712368283,1.0,0.00028858081146968017,1.008005862980694,0.11421178177354338,0.027224112785610113,0.0079422781897523,0.055702847846226845
Organic Strawberries,Organic Fuji Apple,0.11090772552332676,0.03867455176945461,0.004318032479113864,0.03893355903512484,1.0066970980611285,1.0,2.872590672950079e-05,1.0002694998541517,0.007482401437722731,0.02972536348949919,0.0002694272435489633,0.07529202223600902
Organic Fuji Apple,Organic Strawberries,0.03867455176945461,0.11090772552332676,0.004318032479113864,0.1116504854368932,1.0066970980611285,1.0,2.872590672950079e-05,1.00083611225243,0.0069201801794151795,0.02972536348949919,0.0008354137527554547,0.07529202223600902
Organic Fuji Apple,Organic Whole Milk,0.03867455176945461,0.05749554116211396,0.0025344973246972683,0.06553398058252427,1.139809787992867,1.0,0.00031088304151028357,1.0086021741330105,0.12759532308404498,0.02706766917293233,0.008528807842799767,0.05480780661779275
Organic Whole Milk,Organic Fuji Apple,0.05749554116211396,0.03867455176945461,0.0025344973246972683,0.044081632653061226,1.139809787992867,1.0,0.00031088304151028357,1.0056564253479232,0.13014329004568542,0.02706766917293233,0.005624610160439533,0.05480780661779275
Organic Zucchini,Organic Fuji Apple,0.042523232892143055,0.03867455176945461,0.002205951375199474,0.05187637969094923,1.3413569729312673,1.0,0.0005613844033077124,1.013924163092985,0.2657884856070088,0.027926322043969106,0.013732943350032433,0.054457607321202764
Organic Fuji Apple,Organic Zucchini,0.03867455176945461,0.042523232892143055,0.002205951375199474,0.057038834951456306,1.3413569729312673,1.0,0.0005613844033077124,1.015393637190314,0.2647243973431783,0.027926322043969106,0.015160265562535693,0.054457607321202764
Seedless Red Grapes,Organic Fuji Apple,0.03482587064676617,0.03867455176945461,0.0022998216464845582,0.0660377358490566,1.7075242718446602,1.0,0.0009529467092398703,1.029297954671089,0.42930780559646536,0.03230059327620303,0.0284640171858217,0.06275187763326617
Organic Fuji Apple,Seedless Red Grapes,0.03867455176945461,0.03482587064676617,0.0022998216464845582,0.05946601941747573,1.7075242718446602,1.0,0.0009529467092398703,1.0261980420478254,0.43102654595672857,0.03230059327620303,0.025529226303673304,0.06275187763326617
Strawberries,Organic Fuji Apple,0.06242373040458087,0.03867455176945461,0.0038486811226884445,0.061654135338345864,1.594178407183006,1.0,0.0014344713295140039,1.0244894600533856,0.39753313732576656,0.03957528957528957,0.023904062470403137,0.08058434922257099
Organic Fuji Apple,Strawberries,0.03867455176945461,0.06242373040458087,0.0038486811226884445,0.09951456310679611,1.5941784071830059,1.0,0.0014344713295140039,1.0411898196046163,0.38771223275166067,0.03957528957528957,0.03956033648144763,0.08058434922257099
Organic Granny Smith Apple,Organic Gala Apples,0.026095935417253358,0.034027973340842954,0.00211208110391439,0.08093525179856113,2.3784916894070944,1.0,0.0012240893092317334,1.0510380564040924,0.595095046854083,0.03640776699029126,0.04855966545941128,0.07150210865790126
Organic Gala Apples,Organic Granny Smith Apple,0.034027973340842954,0.026095935417253358,0.00211208110391439,0.06206896551724138,2.378491689407095,1.0,0.0012240893092317334,1.0383535982683696,0.5999816443429484,0.03640776699029126,0.03693693394266722,0.07150210865790126
Organic Gala Apples,Organic Grape Tomatoes,0.034027973340842954,0.034966676053693795,0.002205951375199474,0.06482758620689655,1.8539819486230038,1.0,0.00101610625462649,1.0319309142493687,0.47684654406512095,0.03302881236823612,0.030942879807603612,0.0639574172645221
Organic Grape Tomatoes,Organic Gala Apples,0.034966676053693795,0.034027973340842954,0.002205951375199474,0.06308724832214765,1.853981948623004,1.0,0.00101610625462649,1.0310159883396446,0.47731038001090675,0.03302881236823612,0.030082936336994215,0.0639574172645221
Organic Gala Apples,Organic Hass Avocado,0.034027973340842954,0.0930723739791608,0.005397540598892331,0.15862068965517243,1.7042725233449842,1.0,0.002230476338360482,1.077905785024768,0.42779642684366975,0.04435017354415735,0.07227513397469874,0.10830681482254335
Organic Hass Avocado,Organic Gala Apples,0.0930723739791608,0.034027973340842954,0.005397540598892331,0.057992939989914276,1.7042725233449842,1.0,0.002230476338360482,1.025440325944919,0.45564758375353553,0.04435017354415735,0.02480917250984469,0.10830681482254335
Organic Lemon,Organic Gala Apples,0.04003567070308833,0.034027973340842954,0.0025814324603398104,0.06447831184056271,1.8948619476896955,1.0,0.0012190997249723534,1.0325490460404272,0.491952725317024,0.03611293499671701,0.03152300238448225,0.07017019040303998
Organic Gala Apples,Organic Lemon,0.034027973340842954,0.04003567070308833,0.0025814324603398104,0.07586206896551724,1.8948619476896955,1.0,0.0012190997249723534,1.0387673712541208,0.48889310970842487,0.03611293499671701,0.03732055157577423,0.07017019040303998
Organic Gala Apples,Organic Raspberries,0.034027973340842954,0.06049938984323665,0.004177227072186238,0.12275862068965517,2.0290885744094593,1.0,0.0021185554474633167,1.070971607490021,0.5250337253351924,0.04623376623376623,0.06626843045480306,0.09590219630293464
Organic Raspberries,Organic Gala Apples,0.06049938984323665,0.034027973340842954,0.004177227072186238,0.06904577191621411,2.0290885744094593,1.0,0.0021185554474633167,1.037614951969711,0.5398271020194633,0.04623376623376623,0.0362513588478139,0.09590219630293464
Organic Strawberries,Organic Gala Apples,0.11090772552332676,0.034027973340842954,0.005585281141462499,0.05035971223021583,1.4799503845199704,1.0,0.0018113160140612082,1.0171978159516881,0.3647559219010415,0.04008083529808017,0.016907051590154928,0.1072488216323493
Organic Gala Apples,Organic Strawberries,0.034027973340842954,0.11090772552332676,0.005585281141462499,0.16413793103448276,1.4799503845199704,1.0,0.0018113160140612082,1.0636830016428849,0.3357257387187906,0.04008083529808017,0.05987028235341234,0.1072488216323493
Organic Gala Apples,Organic Whole Milk,0.034027973340842954,0.05749554116211396,0.0032854594949779407,0.09655172413793105,1.6792906403940888,1.0,0.0013290027530961884,1.0432301261946066,0.4187600213789419,0.037234042553191495,0.04143872488834017,0.0768472906403941
Organic Whole Milk,Organic Gala Apples,0.05749554116211396,0.034027973340842954,0.0032854594949779407,0.05714285714285715,1.6792906403940888,1.0,0.0013290027530961884,1.024515785850621,0.4291867934863803,0.037234042553191495,0.023929144078796677,0.0768472906403941
Organic Gala Apples,Organic Yellow Onion,0.034027973340842954,0.04702900591382709,0.002205951375199474,0.06482758620689655,1.3784596324592195,1.0,0.0006056496157174204,1.019032405180642,0.2842241398025653,0.02797619047619048,0.01867693812668134,0.05586688691582352
Organic Yellow Onion,Organic Gala Apples,0.04702900591382709,0.034027973340842954,0.002205951375199474,0.046906187624750496,1.3784596324592195,1.0,0.0006056496157174204,1.0135120112172518,0.28810170514561645,0.02797619047619048,0.013331870829062441,0.05586688691582352
Organic Zucchini,Organic Gala Apples,0.042523232892143055,0.034027973340842954,0.0024406270534121843,0.05739514348785872,1.6867047271066455,1.0,0.0009936476181918842,1.024789995495546,0.4252092760180996,0.03293223559214693,0.024190317630451288,0.0645596407094466
Organic Gala Apples,Organic Zucchini,0.034027973340842954,0.042523232892143055,0.0024406270534121843,0.07172413793103448,1.6867047271066453,1.0,0.0009936476181918842,1.0314571413866216,0.4214697648690167,0.03293223559214693,0.030497768762677485,0.0645596407094466
Organic Gala Apples,Strawberries,0.034027973340842954,0.06242373040458087,0.002065145968271848,0.06068965517241379,0.9722208970702617,1.0,-5.900706577119776e-05,0.9981538846647267,-0.028729554351906685,0.021879661859771252,-0.0018495297805642735,0.04688618096966554
Strawberries,Organic Gala Apples,0.06242373040458087,0.034027973340842954,0.002065145968271848,0.03308270676691729,0.9722208970702618,1.0,-5.900706577119776e-05,0.999022391490419,-0.02957393483709295,0.021879661859771252,-0.0009785651632117098,0.04688618096966554
Organic Garnet Sweet Potato (Yam),Organic Garlic,0.024640946212334553,0.04721674645639726,0.0026283675959823524,0.10666666666666667,2.259085487077535,1.0,0.0014649022862288294,1.066548418145824,0.5714234156200375,0.03796610169491526,0.062396059113300505,0.08116633532140491
Organic Garlic,Organic Garnet Sweet Potato (Yam),0.04721674645639726,0.024640946212334553,0.0026283675959823524,0.055666003976143144,2.259085487077535,1.0,0.0014649022862288294,1.0328539032740962,0.5849630541871921,0.03796610169491526,0.03180885812596631,0.08116633532140491
Organic Ginger Root,Organic Garlic,0.022575800244062704,0.04721674645639726,0.004834318971181827,0.21413721413721415,4.535196306568077,1.0,0.003768363135007647,1.2124040871811455,0.797506730847679,0.07442196531791906,0.17519248691662487,0.158261450010953
Organic Garlic,Organic Ginger Root,0.04721674645639726,0.022575800244062704,0.004834318971181827,0.10238568588469185,4.535196306568077,1.0,0.003768363135007647,1.0889133388200143,0.8181319049213258,0.07442196531791906,0.08165327363549793,0.158261450010953
Organic Garlic,Organic Grape Tomatoes,0.04721674645639726,0.034966676053693795,0.0024875621890547263,0.05268389662027833,1.5066887267002016,1.0,0.0008365495114044891,1.0187025434312529,0.35295845338786136,0.03121319199057715,0.018359180068656684,0.061912418108796885
Organic Grape Tomatoes,Organic Garlic,0.034966676053693795,0.04721674645639726,0.0024875621890547263,0.07114093959731543,1.5066887267002014,1.0,0.0008365495114044891,1.0257565374132718,0.3484780216805401,0.03121319199057715,0.025109796012827718,0.061912418108796885
Organic Hass Avocado,Organic Garlic,0.0930723739791608,0.04721674645639726,0.007274946024594011,0.07816439737771054,1.65543802239513,1.0,0.00288037134032499,1.0335717679305056,0.4365621447280777,0.054693013408609735,0.032481312833965555,0.11611997204869623
Organic Garlic,Organic Hass Avocado,0.04721674645639726,0.0930723739791608,0.007274946024594011,0.1540755467196819,1.65543802239513,1.0,0.00288037134032499,1.0721142089036009,0.4155512474177658,0.054693013408609735,0.06726355112609547,0.11611997204869623
Organic Italian Parsley Bunch,Organic Garlic,0.025157232704402517,0.04721674645639726,0.004177227072186238,0.16604477611940296,3.516650099403578,1.0,0.0029893843940378795,1.1424873017883022,0.7341065603479521,0.06125258086717137,0.12471674876847288,0.1272569805050295
Organic Garlic,Organic Italian Parsley Bunch,0.04721674645639726,0.025157232704402517,0.004177227072186238,0.08846918489065606,3.516650099403578,1.0,0.0029893843940378795,1.0694567327146904,0.7511031161786683,0.06125258086717137,0.06494580901686654,0.1272569805050295
Organic Large Extra Fancy Fuji Apple,Organic Garlic,0.03219750305078382,0.04721674645639726,0.002018210832629306,0.06268221574344023,1.3275420364112698,1.0,0.0004979494945513694,1.0164997075130815,0.25493650328197953,0.02607640994542147,0.016231886139395937,0.05271287725541793
Organic Garlic,Organic Large Extra Fancy Fuji Apple,0.04721674645639726,0.03219750305078382,0.002018210832629306,0.042743538767395624,1.32754203641127,1.0,0.0004979494945513694,1.0110169386613828,0.258955206781991,0.02607640994542147,0.010896888311257574,0.05271287725541793
Organic Lemon,Organic Garlic,0.04003567070308833,0.04721674645639726,0.004177227072186238,0.10433763188745603,2.2097590308092823,1.0,0.0022868729593867048,1.063775019990436,0.5702940751528442,0.05028248587570621,0.059951605172125035,0.09640340838905603
Organic Garlic,Organic Lemon,0.04721674645639726,0.04003567070308833,0.004177227072186238,0.08846918489065606,2.2097590308092823,1.0,0.0022868729593867048,1.0531342587488475,0.5745923506946367,0.05028248587570621,0.050453451976742676,0.09640340838905603
Organic Raspberries,Organic Garlic,0.06049938984323665,0.04721674645639726,0.0030977189524077726,0.05120248254460823,1.0844136114268617,1.0,0.00024113460141293253,1.0042008289596924,0.08285533054479462,0.02960969044414536,0.004183255817508519,0.05840442218681704
Organic Garlic,Organic Raspberries,0.04721674645639726,0.06049938984323665,0.0030977189524077726,0.06560636182902585,1.0844136114268617,1.0,0.00024113460141293253,1.0054655466145788,0.0817002537692194,0.02960969044414536,0.005435836795185329,0.05840442218681704
Organic Red Bell Pepper,Organic Garlic,0.02548577865390031,0.04721674645639726,0.0026753027316248944,0.10497237569060773,2.2232022231253366,1.0,0.0014719471826798221,1.0645294376011858,0.5645873099161718,0.03820375335120643,0.06061780475192553,0.08081620772601958
Organic Garlic,Organic Red Bell Pepper,0.04721674645639726,0.02548577865390031,0.0026753027316248944,0.05666003976143141,2.2232022231253366,1.0,0.0014719471826798221,1.0330466877493953,0.5774643505315012,0.03820375335120643,0.03198953942864989,0.08081620772601958
Organic Red Onion,Organic Garlic,0.025626584060827937,0.04721674645639726,0.004271097343471322,0.16666666666666666,3.529821073558648,1.0,0.0030610934213276585,1.1433399042523231,0.735549132947977,0.0622861054072553,0.12536945812807881,0.12856196156394964
Organic Garlic,Organic Red Onion,0.04721674645639726,0.025626584060827937,0.004271097343471322,0.09045725646123261,3.529821073558648,1.0,0.0030610934213276585,1.071278313043505,0.7522167487684729,0.0622861054072553,0.06653575655891243,0.12856196156394964
Organic Small Bunch Celery,Organic Garlic,0.029193654369661128,0.04721674645639726,0.0038017459870459025,0.1302250803858521,2.758027398311098,1.0,0.002423316610537919,1.0954365687691698,0.6565902910581567,0.05235940530058177,0.08712194890152536,0.105370989497101
Organic Garlic,Organic Small Bunch Celery,0.04721674645639726,0.029193654369661128,0.0038017459870459025,0.0805168986083499,2.758027398311098,1.0,0.002423316610537919,1.0558174958963469,0.6690105211944292,0.05235940530058177,0.052866613892356557,0.105370989497101
Organic Strawberries,Organic Garlic,0.11090772552332676,0.04721674645639726,0.007368816295879095,0.0664409648751587,1.4071483077834308,1.0,0.002132114339788477,1.02059239715482,0.32543624840327223,0.04887920298879203,0.020176906287198586,0.11125229158270858
Organic Garlic,Organic Strawberries,0.04721674645639726,0.11090772552332676,0.007368816295879095,0.15606361829025844,1.4071483077834306,1.0,0.002132114339788477,1.053506275763879,0.3036817169213393,0.04887920298879203,0.050788758448622,0.11125229158270858
Organic Tomato Cluster,Organic Garlic,0.02787947057166995,0.04721674645639726,0.0025344973246972683,0.09090909090909091,1.9253569492138083,1.0,0.0012181194313761396,1.048061578897963,0.49439938200077255,0.03492884864165589,0.0458575906851769,0.07229351165732875
Organic Garlic,Organic Tomato Cluster,0.04721674645639726,0.02787947057166995,0.0025344973246972683,0.0536779324055666,1.925356949213808,1.0,0.0012181194313761396,1.0272618199631303,0.5044334975369459,0.03492884864165589,0.026538336608391368,0.07229351165732875
Organic Garlic,Organic Whole Milk,0.04721674645639726,0.05749554116211396,0.0035201351731906504,0.07455268389662027,1.2966689657970543,1.0,0.0008053827837657635,1.018431241236212,0.2401313628899836,0.03478664192949907,0.018097678556914076,0.06788858684626932
Organic Whole Milk,Organic Garlic,0.05749554116211396,0.04721674645639726,0.0035201351731906504,0.061224489795918366,1.2966689657970545,1.0,0.0008053827837657635,1.0149212918181854,0.24275019504340756,0.03478664192949907,0.01470192017693777,0.06788858684626932
Organic Yellow Onion,Organic Garlic,0.04702900591382709,0.04721674645639726,0.009105416314653149,0.1936127744510978,4.100510708205855,1.0,0.006884859666323568,1.1815455693696657,0.7934427627891106,0.10694597574421169,0.15365092475148226,0.19322785839851114
Organic Garlic,Organic Yellow Onion,0.04721674645639726,0.04702900591382709,0.009105416314653149,0.19284294234592445,4.100510708205855,1.0,0.006884859666323568,1.1806512562200615,0.7935991061906454,0.10694597574421169,0.15300983695933149,0.19322785839851114
Organic Zucchini,Organic Garlic,0.042523232892143055,0.04721674645639726,0.004834318971181827,0.11368653421633555,2.407758745540005,1.0,0.0028265102652071756,1.07499580038668,0.610642490005711,0.05693753454947486,0.06976380778390372,0.1080361100505137
Organic Garlic,Organic Zucchini,0.04721674645639726,0.042523232892143055,0.004834318971181827,0.10238568588469185,2.407758745540005,1.0,0.0028265102652071756,1.0666906176196058,0.613650581089483,0.05693753454947486,0.06252105016957082,0.1080361100505137
Yellow Onions,Organic Garlic,0.0308363841171501,0.04721674645639726,0.0037078757157608185,0.1202435312024353,2.546628902384778,1.0,0.002251881985269267,1.0830079542874516,0.6266475649968645,0.049873737373737376,0.0766457475763097,0.09938617912010433
Organic Garlic,Yellow Onions,0.04721674645639726,0.0308363841171501,0.0037078757157608185,0.07852882703777336,2.546628902384778,1.0,0.002251881985269267,1.0517568474413668,0.6374209640207021,0.049873737373737376,0.0492098982452806,0.09938617912010433
Organic Garnet Sweet Potato (Yam),Organic Hass Avocado,0.024640946212334553,0.0930723739791608,0.005632216277105041,0.2285714285714286,2.455846120596499,1.0,0.0033388249160302536,1.1756469226196065,0.607784755305327,0.050251256281407045,0.14940448466298492,0.1445429003674087
Organic Hass Avocado,Organic Garnet Sweet Potato (Yam),0.0930723739791608,0.024640946212334553,0.005632216277105041,0.06051437216338881,2.455846120596499,1.0,0.0033388249160302536,1.038184113612958,0.6536446204005589,0.050251256281407045,0.03677971287778077,0.1445429003674087
Organic Lemon,Organic Garnet Sweet Potato (Yam),0.04003567070308833,0.024640946212334553,0.002252886510842016,0.056271981242672915,2.2836777759169316,1.0,0.0012663697024724782,1.0335171091687934,0.5855528528822177,0.03609022556390978,0.032430144476030466,0.07385027633562218
Organic Garnet Sweet Potato (Yam),Organic Lemon,0.024640946212334553,0.04003567070308833,0.002252886510842016,0.09142857142857143,2.283677775916932,1.0,0.0012663697024724782,1.056564513377104,0.5763106924594582,0.03609022556390978,0.05353626083494562,0.07385027633562218
Organic Strawberries,Organic Garnet Sweet Potato (Yam),0.11090772552332676,0.024640946212334553,0.00422416220782878,0.03808717731696995,1.5456864760292606,1.0,0.0014912909086761215,1.0139786379675555,0.397077196501786,0.032165832737669764,0.013785929450717568,0.10475787437277069
Organic Garnet Sweet Potato (Yam),Organic Strawberries,0.024640946212334553,0.11090772552332676,0.00422416220782878,0.17142857142857143,1.5456864760292608,1.0,0.0014912909086761215,1.0730424002304677,0.36195723657828466,0.032165832737669764,0.06807037654316334,0.10475787437277069
Organic Garnet Sweet Potato (Yam),Organic Yellow Onion,0.024640946212334553,0.04702900591382709,0.0025344973246972683,0.10285714285714286,2.1871000855431992,1.0,0.0013756581195550914,1.0622288150642054,0.5564858925621161,0.03665987780040733,0.05858324890239784,0.07837467921300256
Organic Yellow Onion,Organic Garnet Sweet Potato (Yam),0.04702900591382709,0.024640946212334553,0.0025344973246972683,0.05389221556886228,2.1871000855431992,1.0,0.0013756581195550914,1.0309174809021526,0.5695593643288679,0.03665987780040733,0.029990257682988294,0.07837467921300256
Organic Zucchini,Organic Garnet Sweet Potato (Yam),0.042523232892143055,0.024640946212334553,0.0027222378672674364,0.06401766004415012,2.598019552191738,1.0,0.001674425172797564,1.0420699324665388,0.6424087221095336,0.042243262927895125,0.04037150593814843,0.0872469252601703
Organic Garnet Sweet Potato (Yam),Organic Zucchini,0.024640946212334553,0.042523232892143055,0.0027222378672674364,0.11047619047619048,2.598019552191738,1.0,0.001674425172797564,1.076392511202623,0.6306307651717667,0.042243262927895125,0.07097086834733896,0.0872469252601703
Organic Ginger Root,Organic Hass Avocado,0.022575800244062704,0.0930723739791608,0.0033793297662630243,0.1496881496881497,1.6082983949852332,1.0,0.0012781464430687908,1.0665823670318426,0.38696078431372555,0.030100334448160536,0.0624259026681011,0.09299838649309149
Organic Hass Avocado,Organic Ginger Root,0.0930723739791608,0.022575800244062704,0.0033793297662630243,0.036308623298033284,1.6082983949852332,1.0,0.0012781464430687908,1.0142502292600857,0.4170397108799531,0.030100334448160536,0.014050013348758567,0.09299838649309149
Organic Ginger Root,Organic Italian Parsley Bunch,0.022575800244062704,0.025157232704402517,0.002159016239556932,0.09563409563409563,3.801455301455301,1.0,0.0015910715793289395,1.077929588664787,0.7539641943734015,0.047373841400617914,0.07229562068271744,0.09072749557824183
Organic Italian Parsley Bunch,Organic Ginger Root,0.025157232704402517,0.022575800244062704,0.002159016239556932,0.08582089552238804,3.801455301455301,1.0,0.0015910715793289395,1.069182389937107,0.7559607293127629,0.047373841400617914,0.06470588235294115,0.09072749557824183
Organic Lemon,Organic Ginger Root,0.04003567070308833,0.022575800244062704,0.0030038486811226886,0.07502930832356389,3.3234395907315015,1.0,0.002100011376692693,1.0567082920048347,0.728263427125605,0.050393700787401574,0.05366503928652351,0.10404272068984848
Organic Ginger Root,Organic Lemon,0.022575800244062704,0.04003567070308833,0.0030038486811226886,0.13305613305613306,3.3234395907315015,1.0,0.002100011376692693,1.1072969841530325,0.7152543517406963,0.050393700787401574,0.09689991545953996,0.10404272068984848
Organic Ginger Root,Organic Small Bunch Celery,0.022575800244062704,0.029193654369661128,0.002159016239556932,0.09563409563409563,3.2758521568810957,1.0,0.0014999461301132542,1.0734663270073401,0.7107823999164883,0.043519394512771994,0.06843840850802753,0.0847945397784626
Organic Small Bunch Celery,Organic Ginger Root,0.029193654369661128,0.022575800244062704,0.002159016239556932,0.07395498392282958,3.2758521568810957,1.0,0.0014999461301132542,1.0554823823753352,0.7156277063556793,0.043519394512771994,0.05256590095845411,0.0847945397784626
Organic Strawberries,Organic Ginger Root,0.11090772552332676,0.022575800244062704,0.0034732000375481084,0.03131612357173085,1.3871545297698493,1.0,0.0009693693806101487,1.0090228851128353,0.31391543050203247,0.026714801444043326,0.008942200663591719,0.09258113870894236
Organic Ginger Root,Organic Strawberries,0.022575800244062704,0.11090772552332676,0.0034732000375481084,0.15384615384615385,1.3871545297698495,1.0,0.0009693693806101487,1.050745415290614,0.285546218487395,0.026714801444043326,0.04829468161569731,0.09258113870894236
Organic Ginger Root,Organic Yellow Onion,0.022575800244062704,0.04702900591382709,0.0025344973246972683,0.11226611226611227,2.3871674530357168,1.0,0.0014727798815098645,1.0734872322141666,0.5945151393890891,0.03778866340097971,0.06845654983952858,0.08307916391748728
Organic Yellow Onion,Organic Ginger Root,0.04702900591382709,0.022575800244062704,0.0025344973246972683,0.05389221556886228,2.3871674530357168,1.0,0.0014727798815098645,1.0331002617673515,0.6097703791261712,0.03778866340097971,0.03203973805090899,0.08307916391748728
Organic Hass Avocado,Organic Grade A Free Range Large Brown Eggs,0.0930723739791608,0.01802309208673613,0.0036140054444757344,0.03883005547150782,2.154461359051942,1.0,0.0019365534775181758,1.0216475385057724,0.5908375121230268,0.033624454148471615,0.021188852015865865,0.11967544440242059
Organic Grade A Free Range Large Brown Eggs,Organic Hass Avocado,0.01802309208673613,0.0930723739791608,0.0036140054444757344,0.20052083333333334,2.154461359051942,1.0,0.0019365534775181758,1.1343980729381182,0.5456817343826234,0.033624454148471615,0.11847523029550279,0.11967544440242059
Organic Strawberries,Organic Grade A Free Range Large Brown Eggs,0.11090772552332676,0.01802309208673613,0.0031915892236928567,0.028776978417266192,1.596672661870504,1.0,0.0011926890734554837,1.011072519999583,0.42031357229583505,0.025382605449794704,0.010951261932811084,0.10293015587529977
Organic Grade A Free Range Large Brown Eggs,Organic Strawberries,0.01802309208673613,0.11090772552332676,0.0031915892236928567,0.17708333333333334,1.5966726618705038,1.0,0.0011926890734554837,1.0804159284779828,0.3805563521651852,0.025382605449794704,0.07443052842738744,0.10293015587529977
Organic Granny Smith Apple,Organic Hass Avocado,0.026095935417253358,0.0930723739791608,0.004271097343471322,0.16366906474820142,1.7585139150404334,1.0,0.0018422866829806905,1.0844123872421216,0.44289580299218856,0.037173202614379085,0.07784159258527037,0.10477956515271897
Organic Hass Avocado,Organic Granny Smith Apple,0.0930723739791608,0.026095935417253358,0.004271097343471322,0.04589006555723651,1.7585139150404334,1.0,0.0018422866829806905,1.0207461733972445,0.47560357667483893,0.037173202614379085,0.020324517434336435,0.10477956515271897
Organic Granny Smith Apple,Organic Raspberries,0.026095935417253358,0.06049938984323665,0.0028161081385525205,0.1079136690647482,1.783714998520966,1.0,0.0012373199684201832,1.0531498775144363,0.45114538152610445,0.03361344537815126,0.05046753425056327,0.07723069023446874
Organic Raspberries,Organic Granny Smith Apple,0.06049938984323665,0.026095935417253358,0.0028161081385525205,0.04654771140418929,1.7837149985209657,1.0,0.0012373199684201832,1.0214502353516357,0.46766581738855306,0.03361344537815126,0.02099978502060998,0.07723069023446874
Organic Granny Smith Apple,Organic Small Bunch Celery,0.026095935417253358,0.029193654369661128,0.002018210832629306,0.07733812949640287,2.6491417798237293,1.0,0.001256375113605013,1.0521799769404843,0.6391997758475764,0.03788546255506607,0.04959225425693094,0.07323498114691526
Organic Small Bunch Celery,Organic Granny Smith Apple,0.029193654369661128,0.026095935417253358,0.002018210832629306,0.06913183279742764,2.649141779823729,1.0,0.001256375113605013,1.0462320002944185,0.6412393806245025,0.03788546255506607,0.044189052028047876,0.07323498114691526
Organic Granny Smith Apple,Organic Strawberries,0.026095935417253358,0.11090772552332676,0.0033793297662630243,0.1294964028776978,1.1676048919645492,1.0,0.0004850889237318274,1.0213539351426246,0.14739223560910303,0.025289778714436245,0.020907478208954746,0.07998307236563688
Organic Strawberries,Organic Granny Smith Apple,0.11090772552332676,0.026095935417253358,0.0033793297662630243,0.03046974185357596,1.1676048919645492,1.0,0.0004850889237318274,1.0045112634696771,0.16145219283581733,0.025289778714436245,0.004491003370230815,0.07998307236563688
Organic Granny Smith Apple,Organic Yellow Onion,0.026095935417253358,0.04702900591382709,0.002018210832629306,0.07733812949640287,1.6444772325851893,1.0,0.0007909449315644482,1.0328496544091854,0.4024051555057439,0.02838283828382838,0.03180487524873717,0.060126150576544746
Organic Yellow Onion,Organic Granny Smith Apple,0.04702900591382709,0.026095935417253358,0.002018210832629306,0.04291417165668662,1.644477232585189,1.0,0.0007909449315644482,1.0175723385942774,0.4112444334487877,0.02838283828382838,0.017268883918909166,0.060126150576544746
Organic Hass Avocado,Organic Grape Tomatoes,0.0930723739791608,0.034966676053693795,0.005726086548390125,0.06152294503277862,1.7594736468031964,1.0,0.0024716549979125696,1.028297195800927,0.4759455944372756,0.046815042210283965,0.027518499434287306,0.11264066714726179
Organic Grape Tomatoes,Organic Hass Avocado,0.034966676053693795,0.0930723739791608,0.005726086548390125,0.16375838926174496,1.7594736468031964,1.0,0.0024716549979125696,1.0845282205225122,0.4472883965425551,0.046815042210283965,0.07794008392127197,0.11264066714726179
Organic Lemon,Organic Grape Tomatoes,0.04003567070308833,0.034966676053693795,0.0027691730029099785,0.06916764361078546,1.978101764793819,1.0,0.0013692586748427294,1.036742349277329,0.5150866766053962,0.03833658219623132,0.03544019331605443,0.07418113724163435
Organic Grape Tomatoes,Organic Lemon,0.034966676053693795,0.04003567070308833,0.0027691730029099785,0.07919463087248323,1.978101764793819,1.0,0.0013692586748427294,1.042526859076092,0.5123810999761766,0.03833658219623132,0.0407920992210985,0.07418113724163435
Organic Raspberries,Organic Grape Tomatoes,0.06049938984323665,0.034966676053693795,0.0033323946306204823,0.055081458494957325,1.575255778112162,1.0,0.0012169320645258937,1.021287319020352,0.3886984795318345,0.03616912888436068,0.020843614352101587,0.07519173595888806
Organic Grape Tomatoes,Organic Raspberries,0.034966676053693795,0.06049938984323665,0.0033323946306204823,0.09530201342281878,1.575255778112162,1.0,0.0012169320645258937,1.0384687753216448,0.3784143507022388,0.03616912888436068,0.03704374771377215,0.07519173595888806
Organic Red Bell Pepper,Organic Grape Tomatoes,0.02548577865390031,0.034966676053693795,0.0025814324603398104,0.10128913443830571,2.8967332863658277,1.0,0.0016902794941727338,1.0737973256205826,0.6719076328959294,0.0446066504460665,0.0687255628783883,0.08755731889700522
Organic Grape Tomatoes,Organic Red Bell Pepper,0.034966676053693795,0.02548577865390031,0.0025814324603398104,0.0738255033557047,2.8967332863658277,1.0,0.0016902794941727338,1.0521928911635423,0.678508738962997,0.0446066504460665,0.04960391920708204,0.08755731889700522
Organic Strawberries,Organic Grape Tomatoes,0.11090772552332676,0.034966676053693795,0.005726086548390125,0.05162928480744816,1.4765282444395846,1.0,0.0018480120381639711,1.017569720876895,0.3629945055182805,0.04085733422638982,0.017266355824497374,0.10769383703459656
Organic Grape Tomatoes,Organic Strawberries,0.034966676053693795,0.11090772552332676,0.005726086548390125,0.16375838926174496,1.4765282444395846,1.0,0.0018480120381639711,1.0632002319183331,0.334429498469568,0.04085733422638982,0.0594433955345372,0.10769383703459656
Organic Whole Milk,Organic Grape Tomatoes,0.05749554116211396,0.034966676053693795,0.0024406270534121843,0.04244897959183674,1.2139838378304342,1.0,0.0004301990910647283,1.0078139998586744,0.18701853646577515,0.02711157455683003,0.007753414677480352,0.05612381865497877
Organic Grape Tomatoes,Organic Whole Milk,0.034966676053693795,0.05749554116211396,0.0024406270534121843,0.0697986577181208,1.2139838378304342,1.0,0.0004301990910647283,1.013226294133081,0.18265255730602745,0.02711157455683003,0.013053642813718527,0.05612381865497877
Organic Yellow Onion,Organic Grape Tomatoes,0.04702900591382709,0.034966676053693795,0.0026753027316248944,0.056886227544910184,1.626869750432022,1.0,0.001030854716708853,1.0232416831684645,0.4043382688399486,0.03372781065088757,0.02271377676532544,0.06669814732950208
Organic Grape Tomatoes,Organic Yellow Onion,0.034966676053693795,0.04702900591382709,0.0026753027316248944,0.07651006711409396,1.626869750432022,1.0,0.001030854716708853,1.0319235328404053,0.3992842862957209,0.03372781065088757,0.03093594808574103,0.06669814732950208
Organic Zucchini,Organic Grape Tomatoes,0.042523232892143055,0.034966676053693795,0.0033323946306204823,0.07836644591611479,2.2411751633405927,1.0,0.0018454985213251394,1.047090049695034,0.5784009942004972,0.0449367088607595,0.04497230176979435,0.08683422966946679
Organic Grape Tomatoes,Organic Zucchini,0.034966676053693795,0.042523232892143055,0.0033323946306204823,0.09530201342281878,2.2411751633405927,1.0,0.0018454985213251394,1.0583385630494857,0.5738719070906153,0.0449367088607595,0.055122779313067506,0.08683422966946679
Organic Half & Half,Organic Hass Avocado,0.03379329766263024,0.0930723739791608,0.0026753027316248944,0.07916666666666668,0.8505925365607667,1.0,-0.00046991970642052804,0.9848987793891467,-0.1538291796469366,0.02154195011337869,-0.01533276406355119,0.05395549672213818
Organic Hass Avocado,Organic Half & Half,0.0930723739791608,0.03379329766263024,0.0026753027316248944,0.028744326777609686,0.8505925365607667,1.0,-0.00046991970642052804,0.9948016047429928,-0.1622524489837829,0.02154195011337869,-0.005225559782194112,0.05395549672213818
Organic Half & Half,Organic Raspberries,0.03379329766263024,0.06049938984323665,0.00211208110391439,0.0625,1.0330682699767262,1.0,6.760721453438539e-05,1.0021339841672143,0.033129311182356964,0.022912423625254582,0.0021294399760203816,0.04870539177657099
Organic Raspberries,Organic Half & Half,0.06049938984323665,0.03379329766263024,0.00211208110391439,0.03491078355314197,1.0330682699767262,1.0,6.760721453438539e-05,1.0011579094154899,0.03407103961632615,0.022912423625254582,0.0011565702119519519,0.04870539177657099
Organic Strawberries,Organic Half & Half,0.11090772552332676,0.03379329766263024,0.004177227072186238,0.037663986457892505,1.1145401325998026,1.0,0.0004292892904911639,1.0040221801333353,0.11558863462059754,0.029726118904475615,0.004006067010194199,0.08063754878450181
Organic Half & Half,Organic Strawberries,0.03379329766263024,0.11090772552332676,0.004177227072186238,0.12361111111111112,1.1145401325998026,1.0,0.0004292892904911639,1.0144951467879633,0.10636332972010004,0.029726118904475615,0.014288039557268309,0.08063754878450181
Organic Half & Half,Organic Whole Milk,0.03379329766263024,0.05749554116211396,0.0032385243593353987,0.09583333333333335,1.6667959183673473,1.0,0.001295560422570072,1.042401244797662,0.4140382446491707,0.03678038379530917,0.0406765101339575,0.07607993197278913
Organic Whole Milk,Organic Half & Half,0.05749554116211396,0.03379329766263024,0.0032385243593353987,0.0563265306122449,1.666795918367347,1.0,0.001295560422570072,1.0238782096568149,0.424450540528252,0.03678038379530917,0.023321337861871655,0.07607993197278913
Strawberries,Organic Half & Half,0.06242373040458087,0.03379329766263024,0.002018210832629306,0.03233082706766917,0.9567230576441103,1.0,-9.129287014447707e-05,0.998488666751128,-0.04602569940360508,0.02142501245640259,-0.0015136208343651337,0.04602652464494569
Organic Half & Half,Strawberries,0.03379329766263024,0.06242373040458087,0.002018210832629306,0.05972222222222222,0.9567230576441101,1.0,-9.129287014447707e-05,0.9971269041487472,-0.044722869722869776,0.02142501245640259,-0.002881374315845689,0.04602652464494569
Organic Hass Avocado,Organic Italian Parsley Bunch,0.0930723739791608,0.025157232704402517,0.0038956162583309866,0.041855774079677256,1.6637670196671708,1.0,0.0015541728877860607,1.0174280039721946,0.43989652134387575,0.03407224958949097,0.017129471475281828,0.09835326017416698
Organic Italian Parsley Bunch,Organic Hass Avocado,0.025157232704402517,0.0930723739791608,0.0038956162583309866,0.15485074626865672,1.663767019667171,1.0,0.0015541728877860607,1.0730975884043483,0.40924990283715507,0.03407224958949097,0.06811830461108524,0.09835326017416698
Organic Hass Avocado,Organic Kiwi,0.0930723739791608,0.021684032666854407,0.004318032479113864,0.04639435199193142,2.1395629080954346,1.0,0.0022998480813680514,1.02591251360213,0.587273782763951,0.03909902252443689,0.02525801494627187,0.12276427556306527
Organic Kiwi,Organic Hass Avocado,0.021684032666854407,0.0930723739791608,0.004318032479113864,0.1991341991341991,2.1395629080954346,1.0,0.0022998480813680514,1.1324339546530477,0.5444200395484468,0.03909902252443689,0.11694629440321101,0.12276427556306527
Organic Hass Avocado,Organic Lacinato (Dinosaur) Kale,0.0930723739791608,0.018070027222378673,0.0035201351731906504,0.037821482602118005,2.093050670962925,1.0,0.0018383148417358062,1.0205278490660499,0.575821559799203,0.03270824247710423,0.020114932762330968,0.1163133387036564
Organic Lacinato (Dinosaur) Kale,Organic Hass Avocado,0.018070027222378673,0.0930723739791608,0.0035201351731906504,0.1948051948051948,2.093050670962925,1.0,0.0018383148417358062,1.1263456000581389,0.5318388222360307,0.03270824247710423,0.11217303112971486,0.1163133387036564
Organic Hass Avocado,Organic Large Brown Grade AA Cage Free Eggs,0.0930723739791608,0.014831502863043274,0.0024875621890547263,0.026727181038830056,1.802054807637067,1.0,0.0011071590079125687,1.0122223470583345,0.4907535159488302,0.023597506678539628,0.01207476508877147,0.09722435001308592
Organic Large Brown Grade AA Cage Free Eggs,Organic Hass Avocado,0.014831502863043274,0.0930723739791608,0.0024875621890547263,0.16772151898734178,1.802054807637067,1.0,0.0011071590079125687,1.0896925088311225,0.4517784749251666,0.023597506678539628,0.08230992514331646,0.09722435001308592
Organic Large Extra Fancy Fuji Apple,Organic Hass Avocado,0.03219750305078382,0.0930723739791608,0.005773021684032667,0.1793002915451895,1.9264609236822026,1.0,0.002776323638894945,1.1050663436062091,0.4969127770812142,0.04831107619795759,0.09507695552770314,0.12066376150633151
Organic Hass Avocado,Organic Large Extra Fancy Fuji Apple,0.0930723739791608,0.03219750305078382,0.005773021684032667,0.06202723146747353,1.9264609236822026,1.0,0.002776323638894945,1.0318023394894063,0.5302665974959703,0.04831107619795759,0.03082212384316154,0.12066376150633151
Organic Lemon,Organic Hass Avocado,0.04003567070308833,0.0930723739791608,0.010372664977001783,0.25908558030480655,2.783700138161477,1.0,0.006646450060817415,1.2240652927148352,0.667489286219172,0.08451242829827917,0.18305011509466482,0.18526644118619046
Organic Hass Avocado,Organic Lemon,0.0930723739791608,0.04003567070308833,0.010372664977001783,0.11144730206757439,2.783700138161477,1.0,0.006646450060817415,1.080368481836422,0.7065237474015797,0.08451242829827917,0.07438988010813767,0.18526644118619046
Organic Navel Orange,Organic Hass Avocado,0.01755374073031071,0.0930723739791608,0.0033793297662630243,0.1925133689839572,2.068426545422185,1.0,0.0017455614442783189,1.1231487818933572,0.5257699535002229,0.03150984682713348,0.10964600939668749,0.11441099614099524
Organic Hass Avocado,Organic Navel Orange,0.0930723739791608,0.01755374073031071,0.0033793297662630243,0.036308623298033284,2.068426545422185,1.0,0.0017455614442783189,1.0194615029470402,0.5695501043661267,0.03150984682713348,0.019089983183064072,0.11441099614099524
Organic Peeled Whole Baby Carrots,Organic Hass Avocado,0.023232892143058292,0.0930723739791608,0.0030977189524077726,0.13333333333333336,1.4325769036812914,1.0,0.0009353785262515447,1.0464549531009684,0.30913939743404933,0.027363184079601994,0.04439269264606949,0.0833081190115986
Organic Hass Avocado,Organic Peeled Whole Baby Carrots,0.0930723739791608,0.023232892143058292,0.0030977189524077726,0.03328290468986385,1.4325769036812912,1.0,0.0009353785262515447,1.0103960223684483,0.332945194845521,0.027363184079601994,0.010289057100679408,0.0833081190115986
Organic Hass Avocado,Organic Raspberries,0.0930723739791608,0.06049938984323665,0.011592978503707876,0.12455874936964197,2.0588430675481706,1.0,0.005962156666707113,1.0731737960488834,0.5670687592831098,0.08165289256198348,0.06818447889641763,0.15809008065844396
Organic Raspberries,Organic Hass Avocado,0.06049938984323665,0.0930723739791608,0.011592978503707876,0.19162141194724594,2.0588430675481706,1.0,0.005962156666707113,1.1219095104998673,0.547408184824276,0.08165289256198348,0.10866251632500244,0.15809008065844396
Organic Red Bell Pepper,Organic Hass Avocado,0.02548577865390031,0.0930723739791608,0.004881254106824369,0.19152854511970535,2.0578452760062746,1.0,0.0025092321847984458,1.121780639930104,0.5274985273359786,0.042939719240297276,0.10856011914922332,0.12198716716398783
Organic Hass Avocado,Organic Red Bell Pepper,0.0930723739791608,0.02548577865390031,0.004881254106824369,0.052445789208270296,2.057845276006274,1.0,0.0025092321847984458,1.0284522091161872,0.566809083634887,0.042939719240297276,0.027665076572335738,0.12198716716398783
Organic Red Onion,Organic Hass Avocado,0.025626584060827937,0.0930723739791608,0.004881254106824369,0.19047619047619047,2.0465384338304156,1.0,0.00249612709130659,1.1203223615551543,0.5248193641618497,0.04288659793814433,0.10739976785621871,0.12146098984223039
Organic Hass Avocado,Organic Red Onion,0.0930723739791608,0.025626584060827937,0.004881254106824369,0.052445789208270296,2.0465384338304156,1.0,0.00249612709130659,1.0283036103285674,0.5638487812451483,0.04288659793814433,0.027524565745250813,0.12146098984223039
Organic Reduced Fat 2% Milk,Organic Hass Avocado,0.02102694076785882,0.0930723739791608,0.0027691730029099785,0.13169642857142858,1.414989464015561,1.0,0.0008121457081261599,1.0444822016898097,0.2995802122828944,0.024873524451939293,0.04258780247077873,0.08072466410921404
Organic Hass Avocado,Organic Reduced Fat 2% Milk,0.0930723739791608,0.02102694076785882,0.0027691730029099785,0.0297528996469995,1.414989464015561,1.0,0.0008121457081261599,1.0089935428572432,0.3233785679137096,0.024873524451939293,0.008913379992279764,0.08072466410921404
Organic Romaine Lettuce,Organic Hass Avocado,0.016239556932319533,0.0930723739791608,0.0025344973246972683,0.15606936416184972,1.676860248528679,1.0,0.0010230432086365516,1.074647118504145,0.4103106446140798,0.023736263736263738,0.06946198172294003,0.09165041581768735
Organic Hass Avocado,Organic Romaine Lettuce,0.0930723739791608,0.016239556932319533,0.0025344973246972683,0.027231467473524965,1.676860248528679,1.0,0.0010230432086365516,1.0112996156574445,0.4450712162247639,0.023736263736263738,0.011173360972849376,0.09165041581768735
Organic Hass Avocado,Organic Small Bunch Celery,0.0930723739791608,0.029193654369661128,0.004318032479113864,0.04639435199193142,1.589193028199503,1.0,0.0016009097618024022,1.0180375374854373,0.4087975807159299,0.03660962992439316,0.017717949310582615,0.09715215991879529
Organic Small Bunch Celery,Organic Hass Avocado,0.029193654369661128,0.0930723739791608,0.004318032479113864,0.14790996784565916,1.5891930281995028,1.0,0.0016009097618024022,1.0643565724244566,0.38189884220527526,0.03660962992439316,0.06046523701907645,0.09715215991879529
Organic Sticks Low Moisture Part Skim Mozzarella String Cheese,Organic Hass Avocado,0.015676335304609032,0.0930723739791608,0.0024406270534121843,0.155688622754491,1.6727694384302498,1.0,0.000981593311318891,1.0741625074147527,0.40859424287328155,0.022958057395143488,0.06904216717938132,0.09095575867931308
Organic Hass Avocado,Organic Sticks Low Moisture Part Skim Mozzarella String Cheese,0.0930723739791608,0.015676335304609032,0.0024406270534121843,0.026222894604135148,1.6727694384302498,1.0,0.000981593311318891,1.0108305681465357,0.4434631507291032,0.022958057395143488,0.01071452376672246,0.09095575867931308
Organic Strawberries,Organic Hass Avocado,0.11090772552332676,0.0930723739791608,0.01755374073031071,0.15827338129496402,1.7005409288303095,1.0,0.0072312954232255245,1.0774610257854416,0.46333978010586785,0.09415911379657603,0.07189218350517536,0.17343825393542955
Organic Hass Avocado,Organic Strawberries,0.0930723739791608,0.11090772552332676,0.01755374073031071,0.18860312657589512,1.7005409288303097,1.0,0.0072312954232255245,1.0957551151567702,0.4542278866917899,0.09415911379657603,0.08738733119495441,0.17343825393542955
Organic Tomato Cluster,Organic Hass Avocado,0.02787947057166995,0.0930723739791608,0.005679151412747583,0.20370370370370372,2.188659158401973,1.0,0.0030843429013601097,1.1389323675610539,0.5586748130201202,0.0492671009771987,0.12198473896967922,0.1323611811508937
Organic Hass Avocado,Organic Tomato Cluster,0.0930723739791608,0.02787947057166995,0.005679151412747583,0.06101865859808372,2.188659158401973,1.0,0.0030843429013601097,1.035292701319215,0.5988341731238799,0.0492671009771987,0.03408958768302297,0.1323611811508937
Organic Hass Avocado,Organic Unsweetened Almond Milk,0.0930723739791608,0.022059513751994744,0.0029569135454801465,0.03177004538577913,1.4401969935944896,1.0,0.0009037822317560511,1.0100291584530179,0.3370175685033626,0.026359832635983266,0.009929573190123348,0.08290629928863424
Organic Unsweetened Almond Milk,Organic Hass Avocado,0.022059513751994744,0.0930723739791608,0.0029569135454801465,0.13404255319148936,1.4401969935944894,1.0,0.0009037822317560511,1.0473120005646055,0.3125451370795967,0.026359832635983266,0.0451746953525784,0.08290629928863424
Organic Hass Avocado,Organic Whole Milk,0.0930723739791608,0.05749554116211396,0.005209800056322163,0.05597579425113465,0.9735675692364693,1.0,-0.00014144645285234063,0.9983901398907735,-0.029066182841404987,0.03584113658379076,-0.001612455937718497,0.07329401957454693
Organic Whole Milk,Organic Hass Avocado,0.05749554116211396,0.0930723739791608,0.005209800056322163,0.09061224489795919,0.9735675692364693,1.0,-0.00014144645285234063,0.997294741360438,-0.027999738356881118,0.03584113658379076,-0.002712596915804038,0.07329401957454693
Organic Hass Avocado,Organic Whole String Cheese,0.0930723739791608,0.026799962451891486,0.004411902750398948,0.04740292486132123,1.7687683311651665,1.0,0.001917566622449037,1.0216282024658014,0.47923872003488294,0.03821138211382114,0.0211703263609988,0.10601319623101087
Organic Whole String Cheese,Organic Hass Avocado,0.026799962451891486,0.0930723739791608,0.004411902750398948,0.1646234676007005,1.7687683311651665,1.0,0.001917566622449037,1.0856513091360571,0.44660379972192155,0.03821138211382114,0.07889393990066373,0.10601319623101087
Organic Yellow Onion,Organic Hass Avocado,0.04702900591382709,0.0930723739791608,0.007744297381019431,0.16467065868263472,1.7692753675704567,1.0,0.0033671961547395513,1.0857126419030836,0.456254029658285,0.05851063829787234,0.07894597391151557,0.12393896020364717
Organic Hass Avocado,Organic Yellow Onion,0.0930723739791608,0.04702900591382709,0.007744297381019431,0.08320726172465961,1.769275367570457,1.0,0.0033671961547395513,1.0394617608761723,0.47941736884447644,0.05851063829787234,0.03796364845870753,0.12393896020364717
Organic Zucchini,Organic Hass Avocado,0.042523232892143055,0.0930723739791608,0.008025908194874682,0.18874172185430463,2.027902736171364,1.0,0.004068169960334192,1.1179271145236467,0.529391124871001,0.0629139072847682,0.10548730144531462,0.13748735109356683
Organic Hass Avocado,Organic Zucchini,0.0930723739791608,0.042523232892143055,0.008025908194874682,0.08623298033282904,2.027902736171364,1.0,0.004068169960334192,1.047834673937572,0.5588976322190353,0.0629139072847682,0.04565097445937528,0.13748735109356683
Original Hummus,Organic Hass Avocado,0.03191589223692856,0.0930723739791608,0.005068994649394537,0.15882352941176472,1.7064518999733027,1.0,0.002098506791240527,1.078165709255543,0.42763717853410493,0.042270058708414875,0.07249878992118508,0.10664323217940733
Organic Hass Avocado,Original Hummus,0.0930723739791608,0.03191589223692856,0.005068994649394537,0.05446293494704993,1.7064518999733027,1.0,0.002098506791240527,1.0238457523702242,0.4564738624667209,0.042270058708414875,0.02329037583544293,0.10664323217940733
Organic Hass Avocado,Red Peppers,0.0930723739791608,0.023749178635126256,0.0029099784098376045,0.031265758951084216,1.3164985379679848,1.0,0.0006995859742112381,1.0077591768696224,0.26508105834097095,0.02554594149155336,0.007699435587105783,0.07689770160992945
Red Peppers,Organic Hass Avocado,0.023749178635126256,0.0930723739791608,0.0029099784098376045,0.1225296442687747,1.3164985379679848,1.0,0.0006995859742112381,1.033570672897623,0.24625775434243183,0.02554594149155336,0.032480287780909486,0.07689770160992945
Organic Hass Avocado,Red Vine Tomato,0.0930723739791608,0.022763540786632872,0.0024406270534121843,0.026222894604135148,1.1519690565684608,1.0,0.00032197027222880936,1.0035525109373935,0.14545937682872942,0.02152317880794702,0.003539935278598698,0.066719694724748
Red Vine Tomato,Organic Hass Avocado,0.022763540786632872,0.0930723739791608,0.0024406270534121843,0.10721649484536083,1.1519690565684608,1.0,0.00032197027222880936,1.0158427219863904,0.13499407033579267,0.02152317880794702,0.01559564452596688,0.066719694724748
Organic Hass Avocado,Seedless Red Grapes,0.0930723739791608,0.03482587064676617,0.0033323946306204823,0.03580433686333838,1.0280959585044305,1.0,9.10681736347829e-05,1.0010148004746144,0.03013266682848212,0.026752072343632253,0.001013771698613474,0.06574583419986325
Seedless Red Grapes,Organic Hass Avocado,0.03482587064676617,0.0930723739791608,0.0033323946306204823,0.09568733153638813,1.0280959585044305,1.0,9.10681736347829e-05,1.0028916520230442,0.028314215188035403,0.026752072343632253,0.0028833144808924904,0.06574583419986325
Shredded Parmesan,Organic Hass Avocado,0.015582465033323946,0.0930723739791608,0.0023936919177696423,0.1536144578313253,1.6504839327051017,1.0,0.0009433949046709197,1.0715301488929487,0.4003556223671886,0.022526501766784453,0.06675514353641862,0.08966653300038277
Organic Hass Avocado,Shredded Parmesan,0.0930723739791608,0.015582465033323946,0.0023936919177696423,0.025718608169440244,1.650483932705102,1.0,0.0009433949046709197,1.0104037121319456,0.4345628951782546,0.022526501766784453,0.010296589380094109,0.08966653300038277
Sparkling Water Grapefruit,Organic Hass Avocado,0.03327701117056228,0.0930723739791608,0.0034732000375481084,0.10437235543018336,1.1214106932907144,1.0,0.00037602960897282437,1.0126168296831104,0.11199282498500836,0.02826585179526356,0.012459628670262735,0.07084477579880323
Organic Hass Avocado,Sparkling Water Grapefruit,0.0930723739791608,0.03327701117056228,0.0034732000375481084,0.0373171961674231,1.1214106932907146,1.0,0.00037602960897282437,1.0041967977206785,0.11937671252994965,0.02826585179526356,0.004179258219309443,0.07084477579880323
Organic Hass Avocado,Spring Water,0.0930723739791608,0.02431240026283676,0.00211208110391439,0.0226928895612708,0.9333874613753584,1.0,-0.0001507317056794002,0.9983428845607816,-0.07294988373692254,0.01832247557003257,-0.0016598660288418476,0.054782738216928833
Spring Water,Organic Hass Avocado,0.02431240026283676,0.0930723739791608,0.00211208110391439,0.08687258687258687,0.9333874613753584,1.0,-0.0001507317056794002,0.9932103811391008,-0.06815926939765964,0.01832247557003257,-0.006836032918939301,0.054782738216928833
Strawberries,Organic Hass Avocado,0.06242373040458087,0.0930723739791608,0.0035201351731906504,0.05639097744360902,0.6058830889629521,1.0,-0.0022897896081988107,0.9611264881336383,-0.4096089279803282,0.023162445954292774,-0.04044578143075434,0.047106230022863516
Organic Hass Avocado,Strawberries,0.0930723739791608,0.06242373040458087,0.0035201351731906504,0.037821482602118005,0.605883088962952,1.0,-0.0022897896081988107,0.9744306827084467,-0.41766971448547713,0.023162445954292774,-0.026240262899443024,0.047106230022863516
Organic Hass Avocado,Uncured Genoa Salami,0.0930723739791608,0.01661503801745987,0.002065145968271848,0.022188603126575893,1.3354530458045932,1.0,0.0005187449362328489,1.0057000410579562,0.27696856783955065,0.019188835586567813,0.005667734737248282,0.07324119421865519
Uncured Genoa Salami,Organic Hass Avocado,0.01661503801745987,0.0930723739791608,0.002065145968271848,0.12429378531073447,1.3354530458045935,1.0,0.0005187449362328489,1.035652837456055,0.25543449963553067,0.019188835586567813,0.03442547170887071,0.07324119421865519
Organic Hass Avocado,Unsweetened Almondmilk,0.0930723739791608,0.020229043461935606,0.0035201351731906504,0.037821482602118005,1.8696624322986686,1.0,0.001637370074860682,1.0182839658359442,0.5128789525436009,0.03206498503634032,0.017955665069256346,0.10591770185790354
Unsweetened Almondmilk,Organic Hass Avocado,0.020229043461935606,0.0930723739791608,0.0035201351731906504,0.17401392111368907,1.8696624322986686,1.0,0.001637370074860682,1.097993839367926,0.47474778443113774,0.03206498503634032,0.08924807758879363,0.10591770185790354
Organic Hass Avocado,Yellow Onions,0.0930723739791608,0.0308363841171501,0.0027691730029099785,0.0297528996469995,0.9648634396940202,1.0,-0.00010084247180646962,0.9988832901744757,-0.03860321090473027,0.022859356838434715,-0.0011179582604982671,0.0597775152725104
Yellow Onions,Organic Hass Avocado,0.0308363841171501,0.0930723739791608,0.0027691730029099785,0.0898021308980213,0.9648634396940202,1.0,-0.00010084247180646962,0.9964071075178784,-0.03621403278937519,0.022859356838434715,-0.003605847905954457,0.0597775152725104
Organic Lemon,Organic Italian Parsley Bunch,0.04003567070308833,0.025157232704402517,0.0029099784098376045,0.07268464243845252,2.8892145369284874,1.0,0.001902791725483181,1.0512526934300186,0.6811556944875978,0.04672192916352676,0.04875392353363839,0.09417814211474865
Organic Italian Parsley Bunch,Organic Lemon,0.025157232704402517,0.04003567070308833,0.0029099784098376045,0.11567164179104478,2.889214536928488,1.0,0.001902791725483181,1.0855292837619086,0.6707596253902185,0.04672192916352676,0.07879039749669975,0.09417814211474865
Organic Red Onion,Organic Italian Parsley Bunch,0.025626584060827937,0.025157232704402517,0.0023936919177696423,0.0934065934065934,3.712912087912087,1.0,0.0017489979791324613,1.0752811130169622,0.7498866598662585,0.04946653734238603,0.07001063452676354,0.09427792356896833
Organic Italian Parsley Bunch,Organic Red Onion,0.025157232704402517,0.025626584060827937,0.0023936919177696423,0.09514925373134328,3.7129120879120876,1.0,0.0017489979791324613,1.076833300914219,0.7495256166982922,0.04946653734238603,0.07135115606936417,0.09427792356896833
Organic Italian Parsley Bunch,Organic Small Bunch Celery,0.025157232704402517,0.029193654369661128,0.0031446540880503146,0.125,4.281752411575563,1.0,0.0024102225315808523,1.1094929664346729,0.7862301396244584,0.061411549037580206,0.09868739122026689,0.11635852090032155
Organic Small Bunch Celery,Organic Italian Parsley Bunch,0.029193654369661128,0.025157232704402517,0.0031446540880503146,0.10771704180064309,4.281752411575563,1.0,0.0024102225315808523,1.0925264887529038,0.789499129762135,0.061411549037580206,0.08469038481485325,0.11635852090032155
Organic Strawberries,Organic Italian Parsley Bunch,0.11090772552332676,0.025157232704402517,0.0033793297662630243,0.03046974185357596,1.2111722386796444,1.0,0.0005891983065566906,1.0054794670971179,0.19610292866904802,0.025468694729395117,0.005449606159474695,0.08239905003126559
Organic Italian Parsley Bunch,Organic Strawberries,0.025157232704402517,0.11090772552332676,0.0033793297662630243,0.13432835820895522,1.2111722386796446,1.0,0.0005891983065566906,1.0270548687920191,0.17885304659498202,0.025468694729395117,0.02634218444808109,0.08239905003126559
Organic Italian Parsley Bunch,Organic Whole Milk,0.025157232704402517,0.05749554116211396,0.002018210832629306,0.08022388059701491,1.3953061224489793,1.0,0.0005717821241484518,1.0247107300955516,0.2906226556639159,0.02502910360884749,0.024114834918579735,0.05766296070667072
Organic Whole Milk,Organic Italian Parsley Bunch,0.05749554116211396,0.025157232704402517,0.002018210832629306,0.03510204081632653,1.3953061224489793,1.0,0.0005717821241484518,1.0103065904713255,0.30059422131066843,0.02502910360884749,0.010201448321263986,0.05766296070667072
Organic Yellow Onion,Organic Italian Parsley Bunch,0.04702900591382709,0.025157232704402517,0.0028630432741950625,0.06087824351297406,2.4199101796407185,1.0,0.0016799236285641923,1.0380366129970124,0.6157181335503624,0.041299932295192965,0.03664284334556694,0.08734210683111389
Organic Italian Parsley Bunch,Organic Yellow Onion,0.025157232704402517,0.04702900591382709,0.0028630432741950625,0.11380597014925373,2.4199101796407185,1.0,0.0016799236285641923,1.0753525322740816,0.6019037546271814,0.041299932295192965,0.07007239952718676,0.08734210683111389
Organic Zucchini,Organic Italian Parsley Bunch,0.042523232892143055,0.025157232704402517,0.0026283675959823524,0.06181015452538632,2.456953642384106,1.0,0.0015586007307712064,1.0390677025527193,0.619327731092437,0.04040404040404041,0.03759880367442854,0.08314388323284241
Organic Italian Parsley Bunch,Organic Zucchini,0.025157232704402517,0.042523232892143055,0.0026283675959823524,0.1044776119402985,2.456953642384106,1.0,0.0015586007307712064,1.069182389937107,0.6082949308755761,0.04040404040404041,0.06470588235294118,0.08314388323284241
Organic Raspberries,Organic Kiwi,0.06049938984323665,0.021684032666854407,0.0036140054444757344,0.05973622963537626,2.7548487199379363,1.0,0.0023021346987902314,1.0404697045317035,0.6780236798721088,0.045997610513739545,0.038895610660685406,0.11320144815102146
Organic Kiwi,Organic Raspberries,0.021684032666854407,0.06049938984323665,0.0036140054444757344,0.16666666666666666,2.7548487199379363,1.0,0.0023021346987902314,1.1274007321881159,0.6511226252158895,0.045997610513739545,0.11300394664535145,0.11320144815102146
Organic Strawberries,Organic Kiwi,0.11090772552332676,0.021684032666854407,0.005303670327607247,0.047820567075751164,2.2053355024154855,1.0,0.0028987435843529073,1.0274491692480991,0.6147328805232652,0.04166666666666668,0.02671584159067138,0.14620465583224787
Organic Kiwi,Organic Strawberries,0.021684032666854407,0.11090772552332676,0.005303670327607247,0.24458874458874458,2.2053355024154855,1.0,0.0028987435843529073,1.1769645581897508,0.5586684396350131,0.04166666666666668,0.15035674350460815,0.14620465583224787
Organic Kiwi,Organic Whole Milk,0.021684032666854407,0.05749554116211396,0.002018210832629306,0.09307359307359306,1.6187967134905907,1.0,0.0007714756398715548,1.0392292601028719,0.3907298068040325,0.026155717761557173,0.037748417609978276,0.0640878169449598
Organic Whole Milk,Organic Kiwi,0.05749554116211396,0.021684032666854407,0.002018210832629306,0.03510204081632653,1.618796713490591,1.0,0.0007714756398715548,1.0139061421176847,0.4055760217630225,0.026155717761557173,0.013715413626590529,0.0640878169449598
Organic Zucchini,Organic Kiwi,0.042523232892143055,0.021684032666854407,0.0023936919177696423,0.056291390728476824,2.5959834867119636,1.0,0.0014716167466361544,1.0366716566126666,0.6420934256055363,0.0387243735763098,0.03537441809925769,0.0833405005590436
Organic Kiwi,Organic Zucchini,0.021684032666854407,0.042523232892143055,0.0023936919177696423,0.11038961038961038,2.5959834867119636,1.0,0.0014716167466361544,1.076287752807372,0.6284161332926953,0.0387243735763098,0.07088044308632543,0.0833405005590436
Organic Lemon,Organic Lacinato (Dinosaur) Kale,0.04003567070308833,0.018070027222378673,0.002065145968271848,0.05158264947245017,2.8545972198961644,1.0,0.0013417003088008537,1.0353353112228814,0.6767833569647483,0.03685092127303182,0.03412934035944856,0.08293418187908222
Organic Lacinato (Dinosaur) Kale,Organic Lemon,0.018070027222378673,0.04003567070308833,0.002065145968271848,0.11428571428571427,2.8545972198961644,1.0,0.0013417003088008537,1.083830694367481,0.6616438028774915,0.03685092127303182,0.0773466693673998,0.08293418187908222
Organic Strawberries,Organic Lacinato (Dinosaur) Kale,0.11090772552332676,0.018070027222378673,0.00211208110391439,0.019043588658484975,1.053877142747223,1.0,0.00010797548453577365,1.0009924614639858,0.05749998533612526,0.01664816870144284,0.000991477460813578,0.06796335277080093
Organic Lacinato (Dinosaur) Kale,Organic Strawberries,0.018070027222378673,0.11090772552332676,0.00211208110391439,0.11688311688311687,1.053877142747223,1.0,0.00010797548453577365,1.0067662519809388,0.05206358310894417,0.01664816870144284,0.006720777506819833,0.06796335277080093
Organic Yellow Onion,Organic Lacinato (Dinosaur) Kale,0.04702900591382709,0.018070027222378673,0.002205951375199474,0.046906187624750496,2.5958006065790493,1.0,0.001356135958095211,1.0302553222232216,0.6451008500578441,0.035074626865671636,0.029366819632566994,0.08449205485133628
Organic Lacinato (Dinosaur) Kale,Organic Yellow Onion,0.018070027222378673,0.04702900591382709,0.002205951375199474,0.12207792207792206,2.5958006065790493,1.0,0.001356135958095211,1.0854847121987472,0.6260756015283432,0.035074626865671636,0.07875257130576278,0.08449205485133628
Organic Zucchini,Organic Lacinato (Dinosaur) Kale,0.042523232892143055,0.018070027222378673,0.00211208110391439,0.04966887417218543,2.74868839769502,1.0,0.0013436851279698169,1.0332503546301102,0.6644444444444445,0.036115569823434994,0.03218034669053022,0.08327599552765115
Organic Lacinato (Dinosaur) Kale,Organic Zucchini,0.018070027222378673,0.042523232892143055,0.00211208110391439,0.11688311688311687,2.74868839769502,1.0,0.0013436851279698169,1.0842016333427202,0.6478976467026751,0.036115569823434994,0.07766233766233765,0.08327599552765115
Organic Raspberries,Organic Large Brown Grade AA Cage Free Eggs,0.06049938984323665,0.014831502863043274,0.0024406270534121843,0.04034134988363072,2.719977217153912,1.0,0.0015433301797398487,1.0265822092235548,0.6730701980239873,0.0334835801674179,0.025893892359248986,0.10244915595447358
Organic Large Brown Grade AA Cage Free Eggs,Organic Raspberries,0.014831502863043274,0.06049938984323665,0.0024406270534121843,0.16455696202531644,2.719977217153912,1.0,0.0015433301797398487,1.1245537606421865,0.6418697548283064,0.0334835801674179,0.1107583870166055,0.10244915595447358
Organic Strawberries,Organic Large Brown Grade AA Cage Free Eggs,0.11090772552332676,0.014831502863043274,0.0026753027316248944,0.024121878967414304,1.6263947888599024,1.0,0.001030374482992056,1.009520016797324,0.4331869106858896,0.021739130434782608,0.009430240747009488,0.10225081290142868
Organic Large Brown Grade AA Cage Free Eggs,Organic Strawberries,0.014831502863043274,0.11090772552332676,0.0026753027316248944,0.18037974683544306,1.6263947888599026,1.0,0.001030374482992056,1.0847612306356325,0.39094138395058636,0.021739130434782608,0.07813814528194847,0.10225081290142868
Organic Lemon,Organic Large Extra Fancy Fuji Apple,0.04003567070308833,0.03219750305078382,0.0026283675959823524,0.0656506447831184,2.038998014211546,1.0,0.0013393189663794896,1.0358036761576932,0.5308145504326993,0.037761294672960216,0.034566083305001,0.07364164892217144
Organic Large Extra Fancy Fuji Apple,Organic Lemon,0.03219750305078382,0.04003567070308833,0.0026283675959823524,0.08163265306122448,2.038998014211546,1.0,0.0013393189663794896,1.0452944919010816,0.5265155189136761,0.037761294672960216,0.04333180003532239,0.07364164892217144
Organic Large Extra Fancy Fuji Apple,Organic Raspberries,0.03219750305078382,0.06049938984323665,0.003942551393973529,0.12244897959183675,2.023970488117668,1.0,0.0019946221049253576,1.0705937185507304,0.5227529906239897,0.04442094130089899,0.06593884993673746,0.09380788777885088
Organic Raspberries,Organic Large Extra Fancy Fuji Apple,0.06049938984323665,0.03219750305078382,0.003942551393973529,0.06516679596586501,2.0239704881176674,1.0,0.0019946221049253576,1.0352675672759666,0.5385006078166892,0.04442094130089899,0.03406613748053928,0.09380788777885088
Organic Strawberries,Organic Large Extra Fancy Fuji Apple,0.11090772552332676,0.03219750305078382,0.006477048718670797,0.05840033855268727,1.8138157626873979,1.0,0.00290609688777799,1.0278280001307856,0.5046451329579892,0.04740638955685333,0.027074569020540975,0.1297832596553524
Organic Large Extra Fancy Fuji Apple,Organic Strawberries,0.03219750305078382,0.11090772552332676,0.006477048718670797,0.2011661807580175,1.8138157626873979,1.0,0.00290609688777799,1.1129877742536458,0.46360294634448057,0.04740638955685333,0.10151753403528063,0.1297832596553524
Organic Large Extra Fancy Fuji Apple,Organic Whole Milk,0.03219750305078382,0.05749554116211396,0.0024875621890547263,0.07725947521865889,1.3437472481704051,1.0,0.0006363493270810955,1.0214187342224168,0.2643229690902768,0.02852529601722282,0.020969592102422507,0.06026239067055393
Organic Whole Milk,Organic Large Extra Fancy Fuji Apple,0.05749554116211396,0.03219750305078382,0.0024875621890547263,0.04326530612244898,1.3437472481704051,1.0,0.0006363493270810955,1.0115683095245647,0.2714177392879592,0.02852529601722282,0.011436014172885447,0.06026239067055393
Organic Large Extra Fancy Fuji Apple,Organic Yellow Onion,0.03219750305078382,0.04702900591382709,0.0025814324603398104,0.08017492711370262,1.704797402279988,1.0,0.0010672158989540326,1.0360350268512117,0.4271739705493343,0.03368034292712799,0.0347816684931318,0.06753257333729043
Organic Yellow Onion,Organic Large Extra Fancy Fuji Apple,0.04702900591382709,0.03219750305078382,0.0025814324603398104,0.054890219560878244,1.704797402279988,1.0,0.0010672158989540326,1.024010667310575,0.433822265205244,0.03368034292712799,0.023447673034145095,0.06753257333729043
Organic Zucchini,Organic Large Extra Fancy Fuji Apple,0.042523232892143055,0.03219750305078382,0.00211208110391439,0.04966887417218543,1.542631243604348,1.0,0.0007429391831404234,1.0183845089848895,0.3673790849673203,0.029088558500323207,0.018052620422530686,0.057633270905334696
Organic Large Extra Fancy Fuji Apple,Organic Zucchini,0.03219750305078382,0.042523232892143055,0.00211208110391439,0.06559766763848396,1.5426312436043481,1.0,0.0007429391831404234,1.0246943248611387,0.3634594245069512,0.029088558500323207,0.024099211113016633,0.057633270905334696
Organic Lemon,Organic Raspberries,0.04003567070308833,0.06049938984323665,0.004834318971181827,0.12075029308323564,1.995892741994894,1.0,0.0024121853216802374,1.068525360618292,0.5197808473037164,0.05051495831289848,0.06413077606191829,0.10032859883021363
Organic Raspberries,Organic Lemon,0.06049938984323665,0.04003567070308833,0.004834318971181827,0.07990690457719161,1.995892741994894,1.0,0.0024121853216802374,1.0433339127012808,0.5311024464156923,0.05051495831289848,0.04153407856654987,0.10032859883021363
Organic Lemon,Organic Red Onion,0.04003567070308833,0.025626584060827937,0.0023467567821271003,0.058616647127784284,2.2873375159424394,1.0,0.0013207793014227808,1.0350442388494567,0.586282696914878,0.037064492216456635,0.033857720795017913,0.07509586935143793
Organic Red Onion,Organic Lemon,0.025626584060827937,0.04003567070308833,0.0023467567821271003,0.09157509157509157,2.2873375159424394,1.0,0.0013207793014227808,1.056734927008294,0.5776127167630057,0.037064492216456635,0.053688891658871606,0.07509586935143793
Organic Lemon,Organic Small Bunch Celery,0.04003567070308833,0.029193654369661128,0.0029099784098376045,0.07268464243845252,2.4897411443628124,1.0,0.0017411908768740758,1.0468998897884692,0.6233063057237443,0.04387827317763624,0.04479882961678928,0.0861815495150462
Organic Small Bunch Celery,Organic Lemon,0.029193654369661128,0.04003567070308833,0.0029099784098376045,0.09967845659163987,2.4897411443628124,1.0,0.0017411908768740758,1.0662460943262126,0.6163451881148589,0.04387827317763624,0.06213021053837966,0.0861815495150462
Organic Lemon,Organic Strawberries,0.04003567070308833,0.11090772552332676,0.007181075753308927,0.17936694021101993,1.6172628134303813,1.0,0.0027408105758285114,1.0834224430408605,0.3975890524074164,0.04995102840352596,0.07699899847627042,0.12205757082493443
Organic Strawberries,Organic Lemon,0.11090772552332676,0.04003567070308833,0.007181075753308927,0.06474820143884892,1.617262813430381,1.0,0.0027408105758285114,1.0264233982482365,0.4292819980409063,0.04995102840352596,0.02574317605515646,0.12205757082493443
Organic Lemon,Organic Tomato Cluster,0.04003567070308833,0.02787947057166995,0.0022998216464845582,0.0574443141852286,2.060452117896432,1.0,0.0011836483433007381,1.0313666810974695,0.5361341133529635,0.035050071530758224,0.03041273455149095,0.06996794833840554
Organic Tomato Cluster,Organic Lemon,0.02787947057166995,0.04003567070308833,0.0022998216464845582,0.08249158249158249,2.060452117896432,1.0,0.0011836483433007381,1.0462730488116798,0.529429848416771,0.035050071530758224,0.04422655143820743,0.06996794833840554
Organic Lemon,Organic Whole Milk,0.04003567070308833,0.05749554116211396,0.002159016239556932,0.05392731535756154,0.9379390865373112,1.0,-0.0001428563133053229,0.9962283809029948,-0.0644822892211991,0.02263779527559055,-0.003785898062436823,0.045739167882862405
Organic Whole Milk,Organic Lemon,0.05749554116211396,0.04003567070308833,0.002159016239556932,0.037551020408163265,0.9379390865373113,1.0,-0.0001428563133053229,0.9974184083025588,-0.06559846243330052,0.02263779527559055,-0.00258827356298213,0.045739167882862405
Organic Lemon,Organic Yellow Onion,0.04003567070308833,0.04702900591382709,0.004411902750398948,0.11019929660023446,2.3432197738169616,1.0,0.0025290649561393735,1.0709937522470427,0.597143840938904,0.05337876206700738,0.06628773706484413,0.10200583592486773
Organic Yellow Onion,Organic Lemon,0.04702900591382709,0.04003567070308833,0.004411902750398948,0.09381237524950099,2.3432197738169616,1.0,0.0025290649561393735,1.0593438964267683,0.6015259544288517,0.05337876206700738,0.056019482084088794,0.10200583592486773
Organic Zucchini,Organic Lemon,0.042523232892143055,0.04003567070308833,0.0029099784098376045,0.0684326710816777,1.7092924854234761,1.0,0.0012075322605370306,1.030483035951424,0.4333918406072107,0.03653506187389512,0.02958130787983304,0.07055865676006512
Organic Lemon,Organic Zucchini,0.04003567070308833,0.042523232892143055,0.0029099784098376045,0.07268464243845252,1.7092924854234763,1.0,0.0012075322605370306,1.0325255149721895,0.43226878934078605,0.03653506187389512,0.03150093097027792,0.07055865676006512
Organic Navel Orange,Organic Raspberries,0.01755374073031071,0.06049938984323665,0.002159016239556932,0.12299465240641712,2.0329899644461777,1.0,0.001097025635906763,1.0712598420689925,0.5171923163203416,0.028447742733457015,0.06651966149628431,0.07934061557481445
Organic Raspberries,Organic Navel Orange,0.06049938984323665,0.01755374073031071,0.002159016239556932,0.03568657874321179,2.0329899644461773,1.0,0.001097025635906763,1.0188038843110454,0.5408337695567463,0.028447742733457015,0.01845682432174997,0.07934061557481445
Organic Strawberries,Organic Navel Orange,0.11090772552332676,0.01755374073031071,0.0034262649019055663,0.030892932712653406,1.7599059475288596,1.0,0.0014794194430806248,1.0137644151328715,0.48565017330289356,0.027402402402402402,0.013577528395556732,0.11304004924402725
Organic Navel Orange,Organic Strawberries,0.01755374073031071,0.11090772552332676,0.0034262649019055663,0.19518716577540107,1.7599059475288596,1.0,0.0014794194430806248,1.1047193044992552,0.4395027342287747,0.027402402402402402,0.09479268088532415,0.11304004924402725
Organic Peeled Whole Baby Carrots,Organic Raspberries,0.023232892143058292,0.06049938984323665,0.002018210832629306,0.08686868686868686,1.4358605449373485,1.0,0.0006126350336805528,1.0288778805920307,0.3107737075540328,0.024698449167145316,0.028067354869572972,0.060113940020844595
Organic Raspberries,Organic Peeled Whole Baby Carrots,0.06049938984323665,0.023232892143058292,0.002018210832629306,0.03335919317300232,1.4358605449373485,1.0,0.0006126350336805528,1.010475764067093,0.3231009455915959,0.024698449167145316,0.01036716014338511,0.060113940020844595
Organic Strawberries,Organic Peeled Whole Baby Carrots,0.11090772552332676,0.023232892143058292,0.004130291936543696,0.03724079559881507,1.6029341232896037,1.0,0.0015535847116283324,1.0145497476333862,0.42306524837670906,0.03176895306859205,0.014341088416143089,0.10750928668829642
Organic Peeled Whole Baby Carrots,Organic Strawberries,0.023232892143058292,0.11090772552332676,0.004130291936543696,0.17777777777777776,1.6029341232896035,1.0,0.0015535847116283324,1.0813284419310891,0.3850908173562058,0.03176895306859205,0.07521159971141493,0.10750928668829642
Organic Peeled Whole Baby Carrots,Original Hummus,0.023232892143058292,0.03191589223692856,0.0026283675959823524,0.11313131313131314,3.544670231729056,1.0,0.0018868691139923197,1.0915754745847845,0.734961593113532,0.050044682752457555,0.08389293889148443,0.09774212715389187
Original Hummus,Organic Peeled Whole Baby Carrots,0.03191589223692856,0.023232892143058292,0.0026283675959823524,0.0823529411764706,3.544670231729056,1.0,0.0018868691139923197,1.0644256944594879,0.7415536562729427,0.050044682752457555,0.060526248844643825,0.09774212715389187
Organic Red Bell Pepper,Organic Raspberries,0.02548577865390031,0.06049938984323665,0.0025344973246972683,0.09944751381215469,1.6437771367585476,1.0,0.0009926232664565146,1.0432491437937066,0.40188743865958143,0.030371203599550055,0.041456198695197476,0.07067022703796252
Organic Raspberries,Organic Red Bell Pepper,0.06049938984323665,0.02548577865390031,0.0025344973246972683,0.04189294026377036,1.6437771367585476,1.0,0.0009926232664565146,1.01712455976933,0.416865109101708,0.030371203599550055,0.01683624646052552,0.07067022703796252
Organic Reduced Fat 2% Milk,Organic Raspberries,0.02102694076785882,0.06049938984323665,0.002159016239556932,0.10267857142857142,1.6971835863903357,1.0,0.0008868991528315957,1.0470056551000746,0.4196117014845726,0.027202838557066823,0.04489532111990522,0.06918257508589161
Organic Raspberries,Organic Reduced Fat 2% Milk,0.06049938984323665,0.02102694076785882,0.002159016239556932,0.03568657874321179,1.6971835863903355,1.0,0.0008868991528315957,1.0152021507242397,0.4372413882982073,0.027202838557066823,0.01497450602660228,0.06918257508589161
Organic Raspberries,Organic Small Bunch Celery,0.06049938984323665,0.029193654369661128,0.0026283675959823524,0.043444530643910004,1.4881497908346408,1.0,0.0008621693193235148,1.0148981180190646,0.34914786717004836,0.030188679245283016,0.01467942225387481,0.06673834249237301
Organic Small Bunch Celery,Organic Raspberries,0.029193654369661128,0.06049938984323665,0.0026283675959823524,0.09003215434083602,1.4881497908346408,1.0,0.0008621693193235148,1.0324547341298707,0.3378888443793685,0.030188679245283016,0.031434534664827506,0.06673834249237301
Organic Strawberries,Organic Raspberries,0.11090772552332676,0.06049938984323665,0.013470383929409555,0.12145577655522641,2.0075537434334008,1.0,0.006760534206347123,1.0693834016379729,0.5644873369420567,0.08528974739970283,0.06488168932835359,0.1720544980526326
Organic Raspberries,Organic Strawberries,0.06049938984323665,0.11090772552332676,0.013470383929409555,0.22265321955003878,2.0075537434334008,1.0,0.006760534206347123,1.1437524369265788,0.5342001110902423,0.08528974739970283,0.12568492296537645,0.1720544980526326
Organic Tomato Cluster,Organic Raspberries,0.02787947057166995,0.06049938984323665,0.0029569135454801465,0.10606060606060606,1.7530855490514141,1.0,0.0012702225867416426,1.050966784243159,0.44189703691441823,0.03461538461538462,0.04849514276501338,0.0774678515175024
Organic Raspberries,Organic Tomato Cluster,0.06049938984323665,0.02787947057166995,0.0029569135454801465,0.04887509697439876,1.7530855490514143,1.0,0.0012702225867416426,1.0220745207447939,0.4572399174986976,0.03461538461538462,0.02159776053189166,0.0774678515175024
Organic Raspberries,Organic Whole Milk,0.06049938984323665,0.05749554116211396,0.004271097343471322,0.07059736229635376,1.2278754294580516,1.0,0.0007926521844567303,1.0140970345926836,0.19753594060433236,0.03755674783326454,0.013901070717898171,0.07244153829103402
Organic Whole Milk,Organic Raspberries,0.05749554116211396,0.06049938984323665,0.004271097343471322,0.07428571428571427,1.2278754294580514,1.0,0.0007926521844567303,1.0148926344286024,0.1969063753337444,0.03755674783326454,0.014674098444893256,0.07244153829103402
Organic Raspberries,Organic Whole Strawberries,0.06049938984323665,0.014643762320473106,0.0030977189524077726,0.05120248254460823,3.4965387599212274,1.0,0.0022117802670097706,1.03853163562462,0.7599812886319357,0.04299674267100977,0.0371020335855684,0.1313704720415349
Organic Whole Strawberries,Organic Raspberries,0.014643762320473106,0.06049938984323665,0.0030977189524077726,0.21153846153846156,3.4965387599212274,1.0,0.0022117802670097706,1.1915617494671145,0.7246139589666313,0.04299674267100977,0.16076527259521717,0.1313704720415349
Organic Raspberries,Organic Whole String Cheese,0.06049938984323665,0.026799962451891486,0.0029569135454801465,0.04887509697439876,1.8237002033914886,1.0,0.0013355321693190592,1.0232095011415268,0.48074929960327367,0.035058430717863104,0.02268303911919653,0.07960392326828519
Organic Whole String Cheese,Organic Raspberries,0.026799962451891486,0.06049938984323665,0.0029569135454801465,0.11033274956217164,1.8237002033914886,1.0,0.0013355321693190592,1.0560134811014013,0.4641021813435606,0.035058430717863104,0.05304239207531743,0.07960392326828519
Organic Yellow Onion,Organic Raspberries,0.04702900591382709,0.06049938984323665,0.0034732000375481084,0.07385229540918163,1.2207114088347741,1.0,0.0006279738748276014,1.0144176846735742,0.1897282921219091,0.03337843933243121,0.014212769445372624,0.06563056973717421
Organic Raspberries,Organic Yellow Onion,0.06049938984323665,0.04702900591382709,0.0034732000375481084,0.05740884406516679,1.2207114088347741,1.0,0.0006279738748276014,1.0110120258247546,0.19244858086842395,0.03337843933243121,0.01089208193717709,0.06563056973717421
Organic Zucchini,Organic Raspberries,0.042523232892143055,0.06049938984323665,0.0037078757157608185,0.08719646799116998,1.441278469371503,1.0,0.0011352460716243123,1.0292473431705291,0.3197691734921817,0.03733459357277883,0.028416243543980993,0.07424214400334295
Organic Raspberries,Organic Zucchini,0.06049938984323665,0.042523232892143055,0.0037078757157608185,0.0612878200155159,1.4412784693715033,1.0,0.0011352460716243123,1.019989713059527,0.32588755254236434,0.03733459357277883,0.01959795555149911,0.07424214400334295
Original Hummus,Organic Raspberries,0.03191589223692856,0.06049938984323665,0.0036140054444757344,0.11323529411764707,1.8716766303107746,1.0,0.0016831134378390632,1.0594700081369803,0.4810735662088324,0.040697674418604654,0.056131846753788704,0.08648576187651166
Organic Raspberries,Original Hummus,0.06049938984323665,0.03191589223692856,0.0036140054444757344,0.05973622963537626,1.8716766303107746,1.0,0.0016831134378390632,1.0295878010780521,0.495709815488004,0.040697674418604654,0.0287375210225602,0.08648576187651166
Organic Raspberries,Red Peppers,0.06049938984323665,0.023749178635126256,0.002065145968271848,0.03413498836307215,1.4373123756197927,1.0,0.0006283351515686778,1.0107528584251584,0.32384972773142817,0.0251284980011422,0.01063846452228919,0.06054575505110128
Red Peppers,Organic Raspberries,0.023749178635126256,0.06049938984323665,0.002065145968271848,0.08695652173913042,1.4373123756197925,1.0,0.0006283351515686778,1.0289768587431216,0.3116586538461537,0.0251284980011422,0.0281608458896894,0.06054575505110128
Organic Raspberries,Seedless Red Grapes,0.06049938984323665,0.03482587064676617,0.0026753027316248944,0.04422032583397983,1.2697550703757063,1.0,0.0005683588067360557,1.0098291012470118,0.22612709021892788,0.028875379939209727,0.00973343037438116,0.06051986642103303
Seedless Red Grapes,Organic Raspberries,0.03482587064676617,0.06049938984323665,0.0026753027316248944,0.07681940700808625,1.2697550703757063,1.0,0.0005683588067360557,1.0176780331917057,0.2201121360101283,0.028875379939209727,0.01737094897908206,0.06051986642103303
Sparkling Water Grapefruit,Organic Raspberries,0.03327701117056228,0.06049938984323665,0.002205951375199474,0.06629055007052186,1.0957226220345528,1.0,0.00019271250357388598,1.0062023151074702,0.09036742595234375,0.02409021014864172,0.006164083519135667,0.05137646200190173
Organic Raspberries,Sparkling Water Grapefruit,0.06049938984323665,0.03327701117056228,0.002205951375199474,0.03646237393328161,1.0957226220345528,1.0,0.00019271250357388598,1.0033059038656564,0.09298585563972746,0.02409021014864172,0.003295010876462496,0.05137646200190173
Strawberries,Organic Raspberries,0.06242373040458087,0.06049938984323665,0.0027222378672674364,0.04360902255639097,0.7208175598033095,1.0,-0.0010543597339484063,0.9823394744563642,-0.29233644631481226,0.02264740335806326,-0.017978026947771092,0.04430257179022031
Organic Raspberries,Strawberries,0.06049938984323665,0.06242373040458087,0.0027222378672674364,0.04499612102404965,0.7208175598033096,1.0,-0.0010543597339484063,0.981751268487811,-0.2919124571238979,0.02264740335806326,-0.018587937798438033,0.04430257179022031
Unsweetened Almondmilk,Organic Raspberries,0.020229043461935606,0.06049938984323665,0.002159016239556932,0.10672853828306263,1.7641258624196527,1.0,0.0009351714529975124,1.0517526311105585,0.4420900807081488,0.027479091995221024,0.049206086659286226,0.0712075585131372
Organic Raspberries,Unsweetened Almondmilk,0.06049938984323665,0.020229043461935606,0.002159016239556932,0.03568657874321179,1.7641258624196525,1.0,0.0009351714529975124,1.016029576007695,0.46103963804679055,0.027479091995221024,0.015776682476784206,0.0712075585131372
Organic Strawberries,Organic Red Bell Pepper,0.11090772552332676,0.02548577865390031,0.004834318971181827,0.04358865848497673,1.7103129975707443,1.0,0.002007749227486791,1.0189279225844396,0.4671187809724524,0.03674634320371031,0.01857631159663412,0.11663779148926552
Organic Red Bell Pepper,Organic Strawberries,0.02548577865390031,0.11090772552332676,0.004834318971181827,0.18968692449355432,1.7103129975707443,1.0,0.002007749227486791,1.0972206932746218,0.4261730514839458,0.03674634320371031,0.08860632493584271,0.11663779148926552
Organic Red Bell Pepper,Organic Yellow Onion,0.02548577865390031,0.04702900591382709,0.0034262649019055663,0.13443830570902393,2.8586252908547545,1.0,0.0022276940668728004,1.1009856378484935,0.6671852392856366,0.049592391304347824,0.09172293840802127,0.10364629856309479
Organic Yellow Onion,Organic Red Bell Pepper,0.04702900591382709,0.02548577865390031,0.0034262649019055663,0.07285429141716566,2.8586252908547545,1.0,0.0022276940668728004,1.0510906886854596,0.6822678843226788,0.049592391304347824,0.04860730785214717,0.10364629856309479
Organic Zucchini,Organic Red Bell Pepper,0.042523232892143055,0.02548577865390031,0.0023936919177696423,0.056291390728476824,2.2087373312355933,1.0,0.0013099542166322314,1.0326431398123581,0.5715570934256056,0.03648068669527897,0.03161124937922878,0.07510702133108924
Organic Red Bell Pepper,Organic Zucchini,0.02548577865390031,0.042523232892143055,0.0023936919177696423,0.09392265193370165,2.2087373312355933,1.0,0.0013099542166322314,1.0567274076007445,0.5615645477957114,0.03648068669527897,0.05368215794605135,0.07510702133108924
Organic Strawberries,Organic Red Onion,0.11090772552332676,0.025626584060827937,0.0031915892236928567,0.028776978417266192,1.1229346193374972,1.0,0.00034940307257409157,1.003243739374407,0.1231325555614212,0.023935234072509685,0.0032332515490497813,0.07665955147969537
Organic Red Onion,Organic Strawberries,0.025626584060827937,0.11090772552332676,0.0031915892236928567,0.12454212454212454,1.1229346193374972,1.0,0.00034940307257409157,1.0155740206365347,0.11235549132947988,0.023935234072509685,0.015335190069920587,0.07665955147969537
Organic Red Onion,Organic Yellow Onion,0.025626584060827937,0.04702900591382709,0.0034262649019055663,0.1336996336996337,2.842918558487421,1.0,0.002221072128557702,1.1000468557527492,0.6652981233668539,0.049491525423728804,0.09094781302228111,0.10327696255839969
Organic Yellow Onion,Organic Red Onion,0.04702900591382709,0.025626584060827937,0.0034262649019055663,0.07285429141716566,2.8429185584874204,1.0,0.002221072128557702,1.0509388189139401,0.6802398069885681,0.049491525423728804,0.04846982335906222,0.10327696255839969
Organic Zucchini,Organic Red Onion,0.042523232892143055,0.025626584060827937,0.0031915892236928567,0.0750551876379691,2.9288018824442665,1.0,0.0021018640214441895,1.053439516516575,0.6878114186851212,0.04913294797687861,0.05072860442266714,0.09979865609004682
Organic Red Onion,Organic Zucchini,0.025626584060827937,0.042523232892143055,0.0031915892236928567,0.12454212454212454,2.928801882444267,1.0,0.0021018640214441895,1.0936868511315687,0.6758840530431828,0.04913294797687861,0.08566149536737774,0.09979865609004682
Organic Strawberries,Organic Reduced Fat 2% Milk,0.11090772552332676,0.02102694076785882,0.0038956162583309866,0.03512484130342785,1.6704684571670396,1.0,0.0015635660830540512,1.0146111135813813,0.45143292909801064,0.030425219941348974,0.014400703270248047,0.1101963492231425
Organic Reduced Fat 2% Milk,Organic Strawberries,0.02102694076785882,0.11090772552332676,0.0038956162583309866,0.18526785714285715,1.6704684571670396,1.0,0.0015635660830540512,1.0912694218234238,0.4099862870794715,0.030425219941348974,0.08363601141771179,0.1101963492231425
Organic Strawberries,Organic Reduced Fat Milk,0.11090772552332676,0.014925373134328358,0.0025344973246972683,0.022852306390181973,1.5311045281421922,1.0,0.0008791581377819437,1.0081123184424348,0.39014704933514,0.020555767034640276,0.008047038305184731,0.09633181357244947
Organic Reduced Fat Milk,Organic Strawberries,0.014925373134328358,0.11090772552332676,0.0025344973246972683,0.16981132075471697,1.5311045281421922,1.0,0.0008791581377819437,1.0709520578923564,0.3521324354657689,0.020555767034640276,0.06625138573615583,0.09633181357244947
Organic Romaine Lettuce,Organic Strawberries,0.016239556932319533,0.11090772552332676,0.0026753027316248944,0.1647398843930636,1.4853778996523967,1.0,0.0008742104087547614,1.0644495742869515,0.33216485871166473,0.021493212669683258,0.06054732496851678,0.09443088168023896
Organic Strawberries,Organic Romaine Lettuce,0.11090772552332676,0.016239556932319533,0.0026753027316248944,0.024121878967414304,1.4853778996523965,1.0,0.0008742104087547614,1.0080771582692667,0.3675328848966105,0.021493212669683258,0.00801244051907105,0.09443088168023896
Organic Strawberries,Organic Small Bunch Celery,0.11090772552332676,0.029193654369661128,0.004318032479113864,0.03893355903512484,1.3336308823189227,1.0,0.0010802306732606193,1.0101344758804451,0.28137386989343316,0.03180089872105081,0.010032798723765706,0.09342176344039199
Organic Small Bunch Celery,Organic Strawberries,0.029193654369661128,0.11090772552332676,0.004318032479113864,0.14790996784565916,1.3336308823189227,1.0,0.0010802306732606193,1.0434252730650768,0.2576902541767214,0.03180089872105081,0.041618000048546384,0.09342176344039199
Organic Yellow Onion,Organic Small Bunch Celery,0.04702900591382709,0.029193654369661128,0.004505773021684032,0.09580838323353293,3.281822207674683,1.0,0.003132824477687015,1.0736732431805733,0.7296037726556344,0.06282722513089005,0.06861793720622957,0.12507460962319733
Organic Small Bunch Celery,Organic Yellow Onion,0.029193654369661128,0.04702900591382709,0.004505773021684032,0.15434083601286172,3.281822207674683,1.0,0.003132824477687015,1.1268972591665392,0.7161997195900213,0.06282722513089005,0.1126076562298085,0.12507460962319733
Organic Zucchini,Organic Small Bunch Celery,0.042523232892143055,0.029193654369661128,0.0024875621890547263,0.05849889624724062,2.003822320649049,1.0,0.0012461536253208965,1.0311260834010398,0.5232019977802442,0.03593220338983051,0.030186496008688293,0.07185394973133735
Organic Small Bunch Celery,Organic Zucchini,0.029193654369661128,0.042523232892143055,0.0024875621890547263,0.08520900321543408,2.003822320649049,1.0,0.0012461536253208965,1.0466617735344235,0.5160182147900301,0.03593220338983051,0.044581520711178366,0.07185394973133735
Organic Sticks Low Moisture Part Skim Mozzarella String Cheese,Organic Strawberries,0.015676335304609032,0.11090772552332676,0.0031446540880503146,0.20059880239520958,1.8086999931579921,1.0,0.0014060273948750992,1.1121978264989096,0.45423749078373155,0.025475285171102667,0.10087937939251097,0.11447629497669916
Organic Strawberries,Organic Sticks Low Moisture Part Skim Mozzarella String Cheese,0.11090772552332676,0.015676335304609032,0.0031446540880503146,0.028353787558188747,1.8086999931579921,1.0,0.0014060273948750992,1.0130473953289238,0.5028912345835621,0.025475285171102667,0.012879353314646643,0.11447629497669916
Organic Strawberries,Organic Tomato Cluster,0.11090772552332676,0.02787947057166995,0.005444475734534873,0.0490901396529835,1.760798847552974,1.0,0.002352427064636436,1.022305656893255,0.48597425670841937,0.040830693417810635,0.021818970425186678,0.1221881674695894
Organic Tomato Cluster,Organic Strawberries,0.02787947057166995,0.11090772552332676,0.005444475734534873,0.19528619528619529,1.7607988475529737,1.0,0.002352427064636436,1.1048552532199665,0.444467475126863,0.040830693417810635,0.09490406359962397,0.1221881674695894
Organic Strawberries,Organic Unsweetened Almond Milk,0.11090772552332676,0.022059513751994744,0.0036140054444757344,0.032585696148963186,1.477172004574063,1.0,0.0011674349480914493,1.01088073884691,0.36332647978110677,0.027939042089985485,0.010763622679487888,0.09820774169150287
Organic Unsweetened Almond Milk,Organic Strawberries,0.022059513751994744,0.11090772552332676,0.0036140054444757344,0.16382978723404254,1.4771720045740628,1.0,0.0011674349480914493,1.0632910152774464,0.3303174076835048,0.027939042089985485,0.05952369987903238,0.09820774169150287
Organic Strawberries,Organic Whole Milk,0.11090772552332676,0.05749554116211396,0.009903313620576363,0.08929327126534067,1.5530468878198762,1.0,0.0035266139225534933,1.0349154443466193,0.40052584793542517,0.062481492448919165,0.03373748506445637,0.13076908461226217
Organic Whole Milk,Organic Strawberries,0.05749554116211396,0.11090772552332676,0.009903313620576363,0.17224489795918366,1.5530468878198762,1.0,0.0035266139225534933,1.0741006274496299,0.3778278540630825,0.062481492448919165,0.06898853380765281,0.13076908461226217
Organic Strawberries,Organic Whole Strawberries,0.11090772552332676,0.014643762320473106,0.002252886510842016,0.02031316123571731,1.3871545297698493,1.0,0.0006287801387741506,1.0057869501670507,0.31391543050203247,0.018271792919680244,0.005753654057739975,0.08707965754093558
Organic Whole Strawberries,Organic Strawberries,0.014643762320473106,0.11090772552332676,0.002252886510842016,0.15384615384615385,1.3871545297698495,1.0,0.0006287801387741506,1.050745415290614,0.2832475945508241,0.018271792919680244,0.04829468161569731,0.08707965754093558
Organic Strawberries,Organic Whole String Cheese,0.11090772552332676,0.026799962451891486,0.006289308176100629,0.056707575116377494,2.115957259946653,1.0,0.003316985296450785,1.0317055579749574,0.593190017814638,0.04785714285714286,0.030731207881820058,0.14569179106081573
Organic Whole String Cheese,Organic Strawberries,0.026799962451891486,0.11090772552332676,0.006289308176100629,0.23467600700525396,2.115957259946653,1.0,0.003316985296450785,1.161720111501557,0.5419242106323939,0.04785714285714286,0.1392074647761147,0.14569179106081573
Organic Strawberries,Organic Yellow Onion,0.11090772552332676,0.04702900591382709,0.007368816295879095,0.0664409648751587,1.4127656662975363,1.0,0.0021529362163534493,1.0207934991049985,0.3286144050656832,0.04894014962593517,0.02036993684151553,0.11156379581083284
Organic Yellow Onion,Organic Strawberries,0.04702900591382709,0.11090772552332676,0.007368816295879095,0.156686626746507,1.4127656662975363,1.0,0.0021529362163534493,1.0542845668942327,0.3065870111879057,0.04894014962593517,0.05148948263005216,0.11156379581083284
Organic Zucchini,Organic Strawberries,0.042523232892143055,0.11090772552332676,0.006289308176100629,0.1479028697571744,1.3335668823725595,1.0,0.0015731531341343268,1.043416581186355,0.2612401229148377,0.04274322169059012,0.041610016525701204,0.10230522243677595
Organic Strawberries,Organic Zucchini,0.11090772552332676,0.042523232892143055,0.006289308176100629,0.056707575116377494,1.3335668823725595,1.0,0.0015731531341343268,1.0150370572794374,0.28133339531556184,0.04274322169059012,0.014814293893604853,0.10230522243677595
Organic Strawberries,Original Hummus,0.11090772552332676,0.03191589223692856,0.005726086548390125,0.05162928480744816,1.6176669736874862,1.0,0.002186367532344777,1.0207865893101908,0.4294557529361165,0.04176651831564533,0.02036330563887766,0.11552052475666527
Original Hummus,Organic Strawberries,0.03191589223692856,0.11090772552332676,0.005726086548390125,0.17941176470588238,1.6176669736874865,1.0,0.002186367532344777,1.083481624810283,0.394413862497278,0.04176651831564533,0.07704941449736209,0.11552052475666527
Organic Strawberries,Raspberries,0.11090772552332676,0.02388998404205388,0.0030507838167652306,0.027507405840033857,1.1514200173433426,1.0,0.0004012000238724626,1.003719742257888,0.14791175144867819,0.02315639472746705,0.0037059570528326863,0.07760439054280673
Raspberries,Organic Strawberries,0.02388998404205388,0.11090772552332676,0.0030507838167652306,0.1277013752455796,1.1514200173433426,1.0,0.0004012000238724626,1.019252179523934,0.13472579255144063,0.02315639472746705,0.01888853407497856,0.07760439054280673
Organic Strawberries,Red Peppers,0.11090772552332676,0.023749178635126256,0.0026283675959823524,0.023698688108336863,0.9978740095577573,1.0,-5.599789486686324e-06,0.9999482838687458,-0.002390558141721857,0.019907571987202274,-5.1718805950712515e-05,0.06718531243361507
Red Peppers,Organic Strawberries,0.023749178635126256,0.11090772552332676,0.0026283675959823524,0.11067193675889328,0.9978740095577573,1.0,-5.599789486686324e-06,0.9997348686337704,-0.0021775966254961587,0.019907571987202274,-0.0002652016795132571,0.06718531243361507
Organic Strawberries,Red Vine Tomato,0.11090772552332676,0.022763540786632872,0.0027691730029099785,0.024968260685569194,1.0968531178695613,1.0,0.00024452046940704646,1.0022611775699595,0.09931578857893954,0.02115453567586949,0.002256076181102602,0.07330887261082585
Red Vine Tomato,Organic Strawberries,0.022763540786632872,0.11090772552332676,0.0027691730029099785,0.12164948453608249,1.0968531178695613,1.0,0.00024452046940704646,1.0122294674206256,0.09035776298212629,0.02115453567586949,0.012081714486922536,0.07330887261082585
Organic Strawberries,Seedless Red Grapes,0.11090772552332676,0.03482587064676617,0.004928189242466911,0.04443504020313161,1.2759204401184934,1.0,0.001065731139664486,1.0100560087075694,0.24322792940224178,0.034999999999999996,0.009955892169223986,0.09297223708269788
Seedless Red Grapes,Organic Strawberries,0.03482587064676617,0.11090772552332676,0.004928189242466911,0.14150943396226415,1.2759204401184936,1.0,0.001065731139664486,1.0356459460937073,0.2240549828178694,0.034999999999999996,0.03441904661352479,0.09297223708269788
Organic Strawberries,Shredded Parmesan,0.11090772552332676,0.015582465033323946,0.002159016239556932,0.01946677951756242,1.2492747120517618,1.0,0.00043080048466420315,1.0039614307838824,0.22442613882838439,0.01736504341260853,0.003945799771201722,0.07901049819251615
Shredded Parmesan,Organic Strawberries,0.015582465033323946,0.11090772552332676,0.002159016239556932,0.13855421686746988,1.249274712051762,1.0,0.00043080048466420315,1.0320931298120821,0.20269401868151454,0.01736504341260853,0.031095187909956894,0.07901049819251615
Organic Strawberries,Small Hass Avocado,0.11090772552332676,0.021730967802496948,0.0025344973246972683,0.022852306390181973,1.0516009502142918,1.0,0.00012436511230168572,1.001147563050108,0.05518993628057677,0.01948051948051948,0.00114624765864881,0.06974148796830913
Small Hass Avocado,Organic Strawberries,0.021730967802496948,0.11090772552332676,0.0025344973246972683,0.11663066954643629,1.051600950214292,1.0,0.00012436511230168572,1.006478540544498,0.05015894847013222,0.01948051948051948,0.006436839220628821,0.06974148796830913
Organic Strawberries,Sparkling Water Grapefruit,0.11090772552332676,0.03327701117056228,0.0036140054444757344,0.032585696148963186,0.9792254473199008,1.0,-7.667217666566545e-05,0.9992853992143313,-0.023305629509794902,0.025709515859766278,-0.0007151118051264906,0.07059468164288779
Sparkling Water Grapefruit,Organic Strawberries,0.03327701117056228,0.11090772552332676,0.0036140054444757344,0.10860366713681241,0.9792254473199007,1.0,-7.667217666566545e-05,0.9974152256391794,-0.021474307954100862,0.025709515859766278,-0.00259147273309796,0.07059468164288779
Organic Strawberries,Uncured Genoa Salami,0.11090772552332676,0.01661503801745987,0.0029099784098376045,0.026237833262801526,1.57916179518997,1.0,0.0010672423338375261,1.0098820796022348,0.412502362775934,0.023352165725047083,0.009785379701090557,0.10068953810032732
Uncured Genoa Salami,Organic Strawberries,0.01661503801745987,0.11090772552332676,0.0029099784098376045,0.17514124293785313,1.57916179518997,1.0,0.0010672423338375261,1.077872140975145,0.3729492295754352,0.023352165725047083,0.07224617653137828,0.10068953810032732
Organic Strawberries,Unsweetened Almondmilk,0.11090772552332676,0.020229043461935606,0.0025814324603398104,0.023275497249259418,1.1505980148322996,1.0,0.0003378752604640085,1.003119051256259,0.1472138904752535,0.020080321285140566,0.003109353024801012,0.07544285303298237
Unsweetened Almondmilk,Organic Strawberries,0.020229043461935606,0.11090772552332676,0.0025814324603398104,0.12761020881670532,1.1505980148322994,1.0,0.0003378752604640085,1.0191456656900164,0.13358911268372345,0.020080321285140566,0.018785995304266674,0.07544285303298237
Organic Strawberries,Yellow Onions,0.11090772552332676,0.0308363841171501,0.0028161081385525205,0.02539145154464664,0.8234250633337006,1.0,-0.0006038850872442355,0.9944132107386775,-0.19432116145688236,0.02027027027027027,-0.0056181768313118665,0.05835782622894432
Yellow Onions,Organic Strawberries,0.0308363841171501,0.11090772552332676,0.0028161081385525205,0.091324200913242,0.8234250633337005,1.0,-0.0006038850872442355,0.978448281961766,-0.181175238967636,0.02027027027027027,-0.022026425346696177,0.05835782622894432
Organic Tomato Cluster,Organic Whole Milk,0.02787947057166995,0.05749554116211396,0.002065145968271848,0.07407407407407407,1.288344671201814,1.0,0.00046220072044045367,1.0179048155449169,0.2302288528389339,0.024788732394366193,0.017589872128988705,0.054996220710506416
Organic Whole Milk,Organic Tomato Cluster,0.05749554116211396,0.02787947057166995,0.002065145968271848,0.03591836734693877,1.2883446712018138,1.0,0.00046220072044045367,1.0083383984332805,0.2374632737413475,0.024788732394366193,0.008269444510133133,0.054996220710506416
Organic Tomato Cluster,Organic Yellow Onion,0.02787947057166995,0.04702900591382709,0.0031915892236928567,0.11447811447811448,2.434202302465776,1.0,0.0018804454373034223,1.0761687651847656,0.6060851339377004,0.044502617801047126,0.07077771409922712,0.09117119296760015
Organic Yellow Onion,Organic Tomato Cluster,0.04702900591382709,0.02787947057166995,0.0031915892236928567,0.06786427145708583,2.4342023024657755,1.0,0.0018804454373034223,1.0428958998792148,0.6182641496314839,0.044502617801047126,0.04113152605565232,0.09117119296760015
Organic Zucchini,Organic Tomato Cluster,0.042523232892143055,0.02787947057166995,0.002252886510842016,0.052980132450331126,1.9003277811224832,1.0,0.0010673612908132463,1.0265048947110338,0.4948161764705883,0.03305785123966942,0.02582052442964248,0.06689410662920596
Organic Tomato Cluster,Organic Zucchini,0.02787947057166995,0.042523232892143055,0.002252886510842016,0.0808080808080808,1.900327781122483,1.0,0.0010673612908132463,1.0416505488316246,0.48736239860950176,0.03305785123966942,0.03998514557338086,0.06689410662920596
Organic Whole String Cheese,Organic Whole Milk,0.026799962451891486,0.05749554116211396,0.0038486811226884445,0.1436077057793345,2.497719003538368,1.0,0.0023078027783926093,1.1005522413014988,0.6161474354073178,0.047841306884480746,0.09136525966508145,0.10527324064476928
Organic Whole Milk,Organic Whole String Cheese,0.05749554116211396,0.026799962451891486,0.0038486811226884445,0.06693877551020408,2.497719003538368,1.0,0.0023078027783926093,1.0430184129452607,0.6362141862044087,0.047841306884480746,0.041244154859918405,0.10527324064476928
Organic Yellow Onion,Organic Whole Milk,0.04702900591382709,0.05749554116211396,0.0034732000375481084,0.07385229540918163,1.2844873518269582,1.0,0.0007692418922163624,1.0176610643917692,0.2324092709731008,0.03437064561077566,0.017354564313929777,0.06713022933724387
Organic Whole Milk,Organic Yellow Onion,0.05749554116211396,0.04702900591382709,0.0034732000375481084,0.06040816326530612,1.2844873518269584,1.0,0.0007692418922163624,1.0142393290665177,0.2349901816561844,0.03437064561077566,0.01403941718531384,0.06713022933724387
Organic Zucchini,Organic Whole Milk,0.042523232892143055,0.05749554116211396,0.0028161081385525205,0.06622516556291391,1.1518313285579134,1.0,0.00037121185145615144,1.009348746698729,0.13767156862745114,0.028971511347175277,0.009262157137764246,0.057602378699824305
Organic Whole Milk,Organic Zucchini,0.05749554116211396,0.042523232892143055,0.0028161081385525205,0.0489795918367347,1.1518313285579134,1.0,0.00037121185145615144,1.0067888752850855,0.1398585727802402,0.028971511347175277,0.0067430972388955665,0.057602378699824305
Original Hummus,Organic Whole Milk,0.03191589223692856,0.05749554116211396,0.0028161081385525205,0.08823529411764706,1.5346458583433373,1.0,0.000981086642718601,1.0337145677576816,0.3598694204725428,0.03252032520325203,0.032614968202310066,0.06860744297719087
Organic Whole Milk,Original Hummus,0.05749554116211396,0.03191589223692856,0.0028161081385525205,0.0489795918367347,1.5346458583433376,1.0,0.000981086642718601,1.0179425167465772,0.3696363062928474,0.03252032520325203,0.017626257329267408,0.06860744297719087
Seedless Red Grapes,Organic Whole Milk,0.03482587064676617,0.05749554116211396,0.002205951375199474,0.06334231805929919,1.1016909620991253,1.0,0.00020361909592187368,1.0062421704427502,0.09563500767712213,0.02447916666666667,0.006203447466332774,0.05085483249903734
Organic Whole Milk,Seedless Red Grapes,0.05749554116211396,0.03482587064676617,0.002205951375199474,0.038367346938775505,1.101690962099125,1.0,0.00020361909592187368,1.003682774582098,0.09793527702167919,0.02447916666666667,0.0036692615190405996,0.05085483249903734
Sparkling Water Grapefruit,Organic Whole Milk,0.03327701117056228,0.05749554116211396,0.002159016239556932,0.06488011283497884,1.1284372931118851,1.0,0.00024573647404774255,1.0078969250619325,0.11773664801332402,0.024364406779661014,0.007835052241524783,0.05121556662157105
Organic Whole Milk,Sparkling Water Grapefruit,0.05749554116211396,0.03327701117056228,0.002159016239556932,0.037551020408163265,1.1284372931118851,1.0,0.00024573647404774255,1.0044407644750308,0.12076200085306682,0.024364406779661014,0.004421131272337065,0.05121556662157105
Strawberries,Organic Whole Milk,0.06242373040458087,0.05749554116211396,0.004083356800901154,0.06541353383458645,1.1377148994936317,1.0,0.0004942706399318699,1.0084721884588805,0.12910435050796568,0.03525121555915721,0.008401013489353067,0.06821697099892587
Organic Whole Milk,Strawberries,0.05749554116211396,0.06242373040458087,0.004083356800901154,0.0710204081632653,1.137714899493632,1.0,0.0004942706399318699,1.009253893017916,0.12842928667631706,0.03525121555915721,0.009169043668728992,0.06821697099892587
Organic Zucchini,Organic Yellow Onion,0.042523232892143055,0.04702900591382709,0.003942551393973529,0.09271523178807949,1.9714478328111993,1.0,0.0019427260228138867,1.0503548912920593,0.5146428571428573,0.04605263157894737,0.047940835720883646,0.0882737835587104
Organic Yellow Onion,Organic Zucchini,0.04702900591382709,0.042523232892143055,0.003942551393973529,0.08383233532934133,1.971447832811199,1.0,0.0019427260228138867,1.0450890203072687,0.5170761567038165,0.04605263157894737,0.043143712574850314,0.0882737835587104
Organic Zucchini,Red Peppers,0.042523232892143055,0.023749178635126256,0.0023936919177696423,0.056291390728476824,2.370245792215271,1.0,0.0013838000636710603,1.0344833264989188,0.6037773933102653,0.03747244673034533,0.03333386398369842,0.07854095228123445
Red Peppers,Organic Zucchini,0.023749178635126256,0.042523232892143055,0.0023936919177696423,0.10079051383399208,2.370245792215271,1.0,0.0013838000636710603,1.0647983388056605,0.5921662895927602,0.03747244673034533,0.06085503371308997,0.07854095228123445
Organic Zucchini,Red Vine Tomato,0.042523232892143055,0.022763540786632872,0.002065145968271848,0.04856512141280353,2.1334607769509115,1.0,0.0010971666219520611,1.0271185986627733,0.5548729946524065,0.03266518188567186,0.026402597224974404,0.0696433854486698
Red Vine Tomato,Organic Zucchini,0.022763540786632872,0.042523232892143055,0.002065145968271848,0.09072164948453608,2.1334607769509115,1.0,0.0010971666219520611,1.0530073289054662,0.5436534792233366,0.03266518188567186,0.05033899332929048,0.0696433854486698
Organic Zucchini,Small Hass Avocado,0.042523232892143055,0.021730967802496948,0.002065145968271848,0.04856512141280353,2.2348347231559225,1.0,0.0011410749634346083,1.028203878388559,0.5770788770053478,0.03320754716981132,0.02743023925640225,0.07179875941050544
Small Hass Avocado,Organic Zucchini,0.021730967802496948,0.042523232892143055,0.002065145968271848,0.09503239740820735,2.2348347231559225,1.0,0.0011410749634346083,1.0580232533912595,0.5648135628704645,0.03320754716981132,0.05484118917545421,0.07179875941050544
Organic Zucchini,Strawberries,0.042523232892143055,0.06242373040458087,0.002205951375199474,0.05187637969094923,0.8310361997709506,1.0,-0.0004485074507908698,0.9888755532636203,-0.17515343281733117,0.02147099132023755,-0.011249592225902874,0.04360736277780544
Strawberries,Organic Zucchini,0.06242373040458087,0.042523232892143055,0.002205951375199474,0.03533834586466165,0.8310361997709504,1.0,-0.0004485074507908698,0.9925519097844503,-0.17820861816940498,0.02147099132023755,-0.007503980539584258,0.04360736277780544
Organic Zucchini,Yellow Onions,0.042523232892143055,0.0308363841171501,0.0024406270534121843,0.05739514348785872,1.861279950003528,1.0,0.0011293643100470294,1.028175920362836,0.4832861990950226,0.034414295168762404,0.027403793266129975,0.06827139213966757
Yellow Onions,Organic Zucchini,0.0308363841171501,0.042523232892143055,0.0024406270534121843,0.0791476407914764,1.861279950003528,1.0,0.0011293643100470294,1.039772290892334,0.4774583980598799,0.034414295168762404,0.038250962485450804,0.06827139213966757
Strawberries,Raspberries,0.06242373040458087,0.02388998404205388,0.005819956819675209,0.09323308270676692,3.902601296955552,1.0,0.004328654896464298,1.0764729031708693,0.7932801620008525,0.07230320699708453,0.0710402490816164,0.16842400697224397
Raspberries,Strawberries,0.02388998404205388,0.06242373040458087,0.005819956819675209,0.24361493123772104,3.902601296955552,1.0,0.004328654896464298,1.2395488862962816,0.7619639619237886,0.07230320699708453,0.1932548921180859,0.16842400697224397
Strawberries,Seedless Red Grapes,0.06242373040458087,0.03482587064676617,0.0047404486998967425,0.07593984962406014,2.180558539205155,1.0,0.0025664879395382047,1.0444927518631417,0.5774483836048803,0.05124302384576357,0.042597473064103546,0.10602922400340473
Seedless Red Grapes,Strawberries,0.03482587064676617,0.06242373040458087,0.0047404486998967425,0.1361185983827493,2.180558539205155,1.0,0.0025664879395382047,1.0853066958499236,0.5609370215372051,0.05124302384576357,0.07860146461468044,0.10602922400340473
Strawberries,Yellow Onions,0.06242373040458087,0.0308363841171501,0.0022998216464845582,0.03684210526315789,1.1947608747897138,1.0,0.00037489951770348093,1.0062354481843798,0.1738657817952971,0.02528379772961816,0.006196808307271151,0.0557117680044861
Yellow Onions,Strawberries,0.0308363841171501,0.06242373040458087,0.0022998216464845582,0.0745814307458143,1.1947608747897138,1.0,0.00037489951770348093,1.0131375150068922,0.16819908262593128,0.02528379772961816,0.012967158764032812,0.0557117680044861
"Bag of Organic Bananas, Organic Hass Avocado",Apple Honeycrisp Organic,0.02618980568853844,0.037031822021965644,0.0025344973246972683,0.0967741935483871,2.613271188519563,1.0,0.0015646411016494494,1.0661433399042524,0.6339406207827261,0.041763341067285374,0.062039819064285004,0.08260762909358518
"Bag of Organic Bananas, Apple Honeycrisp Organic",Organic Hass Avocado,0.009715573078006195,0.0930723739791608,0.0025344973246972683,0.2608695652173913,2.802867855028613,1.0,0.0016302458737592093,1.227019729322312,0.6495331532300109,0.025280898876404497,0.1850171793469823,0.14405051634545812
"Organic Hass Avocado, Apple Honeycrisp Organic",Bag of Organic Bananas,0.006383178447385713,0.16610344503895616,0.0025344973246972683,0.39705882352941174,2.3904309957947576,1.0,0.001474229394288086,1.3830479448134385,0.5854021238999981,0.01491300745650373,0.2769592668496452,0.2061586855708658
Bag of Organic Bananas,"Organic Hass Avocado, Apple Honeycrisp Organic",0.16610344503895616,0.006383178447385713,0.0025344973246972683,0.015258547612319864,2.3904309957947576,1.0,0.001474229394288086,1.0090128928191398,0.6975270424361435,0.01491300745650373,0.008932386179881294,0.2061586855708658
Organic Hass Avocado,"Bag of Organic Bananas, Apple Honeycrisp Organic",0.0930723739791608,0.009715573078006195,0.0025344973246972683,0.027231467473524965,2.8028678550286132,1.0,0.0016302458737592093,1.0180062304750201,0.7092325208300989,0.025280898876404497,0.01768774093515915,0.14405051634545812
Apple Honeycrisp Organic,"Bag of Organic Bananas, Organic Hass Avocado",0.037031822021965644,0.02618980568853844,0.0025344973246972683,0.06844106463878327,2.613271188519563,1.0,0.0015646411016494494,1.0453554330772017,0.6410781303309451,0.041763341067285374,0.043387571004140944,0.08260762909358518
"Organic Strawberries, Apple Honeycrisp Organic",Bag of Organic Bananas,0.006758659532526049,0.16610344503895616,0.002159016239556932,0.3194444444444444,1.9231656776867287,1.0,0.0010363796073589746,1.225317386881534,0.483290393363001,0.012647786637338466,0.1838849177313746,0.16622123324228438
"Organic Strawberries, Bag of Organic Bananas",Apple Honeycrisp Organic,0.026049000281610814,0.037031822021965644,0.002159016239556932,0.08288288288288288,2.2381529818792174,1.0,0.0011943742972781875,1.0499947716656368,0.5679988182863894,0.03543913713405239,0.04761430534204331,0.07059226526907135
"Bag of Organic Bananas, Apple Honeycrisp Organic",Organic Strawberries,0.009715573078006195,0.11090772552332676,0.002159016239556932,0.2222222222222222,2.0036676541120046,1.0,0.0010814841273195982,1.1431186386128656,0.5058296601734679,0.018225039619651346,0.1252001618891763,0.12084450086989232
Organic Strawberries,"Bag of Organic Bananas, Apple Honeycrisp Organic",0.11090772552332676,0.009715573078006195,0.002159016239556932,0.01946677951756242,2.0036676541120046,1.0,0.0010814841273195982,1.009944799661921,0.5634007285012933,0.018225039619651346,0.009846874468040424,0.12084450086989232
Apple Honeycrisp Organic,"Organic Strawberries, Bag of Organic Bananas",0.037031822021965644,0.026049000281610814,0.002159016239556932,0.05830164765525982,2.2381529818792174,1.0,0.0011943742972781875,1.034249446538101,0.5744769448876965,0.03543913713405239,0.03311526697233703,0.07059226526907135
Bag of Organic Bananas,"Organic Strawberries, Apple Honeycrisp Organic",0.16610344503895616,0.006758659532526049,0.002159016239556932,0.012998022040124329,1.923165677686729,1.0,0.0010363796073589746,1.006321529892468,0.5756397424634336,0.012647786637338466,0.006281819184712644,0.16622123324228438
"Bag of Organic Bananas, Organic Avocado",Organic Baby Spinach,0.009903313620576363,0.10452454707594105,0.002252886510842016,0.22748815165876776,2.176408872582715,1.0,0.001217747140100274,1.1591737458096714,0.5459340681046061,0.020083682008368197,0.1373165553352747,0.1245209056452797
"Bag of Organic Bananas, Organic Baby Spinach",Organic Avocado,0.022528865108420164,0.07612879001220313,0.002252886510842016,0.09999999999999999,1.3135635018495684,1.0,0.0005377912697898477,1.0265235666531076,0.2442139633150869,0.023369036027263874,0.02583824425929689,0.06479654747225647
"Organic Avocado, Organic Baby Spinach",Bag of Organic Bananas,0.012109264995775838,0.16610344503895616,0.002252886510842016,0.18604651162790695,1.1200641358418155,1.0,0.0002414958781540087,1.0245014818092824,0.10850793424553401,0.012803414243798347,0.023915516223570972,0.09980483253054008
Bag of Organic Bananas,"Organic Avocado, Organic Baby Spinach",0.16610344503895616,0.012109264995775838,0.002252886510842016,0.013563153433173212,1.1200641358418157,1.0,0.0002414958781540087,1.001473878882827,0.12854589970169414,0.012803414243798347,0.0014717097608888468,0.09980483253054008
Organic Avocado,"Bag of Organic Bananas, Organic Baby Spinach",0.07612879001220313,0.022528865108420164,0.002252886510842016,0.029593094944512947,1.3135635018495684,1.0,0.0005377912697898477,1.0072796574295695,0.25838244259296894,0.023369036027263874,0.007227047003159169,0.06479654747225647
Organic Baby Spinach,"Bag of Organic Bananas, Organic Avocado",0.10452454707594105,0.009903313620576363,0.002252886510842016,0.021553659631791646,2.176408872582715,1.0,0.001217747140100274,1.0119069851156386,0.6036206911613118,0.020083682008368197,0.01176687708532604,0.1245209056452797
"Organic Strawberries, Bag of Organic Bananas",Organic Avocado,0.026049000281610814,0.07612879001220313,0.002205951375199474,0.08468468468468468,1.1123871096744093,1.0,0.00022287250273290418,1.0093474833528095,0.10373455470487446,0.02206572769953052,0.009260917084530173,0.0568306284089268
"Organic Strawberries, Organic Avocado",Bag of Organic Bananas,0.01004411902750399,0.16610344503895616,0.002205951375199474,0.21962616822429906,1.3222252444721434,1.0,0.0005375886023497316,1.0685860045608586,0.246171786418971,0.01268213707501349,0.06418388811768536,0.11645337798047392
"Bag of Organic Bananas, Organic Avocado",Organic Strawberries,0.009903313620576363,0.11090772552332676,0.002205951375199474,0.22274881516587677,2.008415681728384,1.0,0.0011075973863971676,1.143893109235232,0.507117245691981,0.018599129402453504,0.12579244343156684,0.12131939277125832
Organic Strawberries,"Bag of Organic Bananas, Organic Avocado",0.11090772552332676,0.009903313620576363,0.002205951375199474,0.019889970376639865,2.008415681728384,1.0,0.0011075973863971676,1.0101893220701978,0.5647277779587363,0.018599129402453504,0.010086546994296704,0.12131939277125832
Bag of Organic Bananas,"Organic Strawberries, Organic Avocado",0.16610344503895616,0.01004411902750399,0.002205951375199474,0.01328058773664877,1.3222252444721434,1.0,0.0005375886023497316,1.0032800294277386,0.2922415331315887,0.01268213707501349,0.0032693060078247058,0.11645337798047392
Organic Avocado,"Organic Strawberries, Bag of Organic Bananas",0.07612879001220313,0.026049000281610814,0.002205951375199474,0.028976572133168926,1.1123871096744093,1.0,0.00022287250273290418,1.0030149343131602,0.10935763791306896,0.02206572769953052,0.0030058718071079536,0.0568306284089268
"Bag of Organic Bananas, Organic Garlic",Organic Baby Spinach,0.00980944334929128,0.10452454707594105,0.002065145968271848,0.21052631578947367,2.0141327724340035,1.0,0.001039818345120075,1.1342689070371412,0.5084964686922311,0.018394648829431436,0.11837484586249415,0.11514191855930801
"Bag of Organic Bananas, Organic Baby Spinach",Organic Garlic,0.022528865108420164,0.04721674645639726,0.002065145968271848,0.09166666666666666,1.9414015904572564,1.0,0.0010014062564971985,1.0489356919746085,0.4960844399046646,0.0305131761442441,0.04665270935960591,0.06770212060967527
"Organic Garlic, Organic Baby Spinach",Bag of Organic Bananas,0.009152351450295691,0.16610344503895616,0.002065145968271848,0.22564102564102564,1.3584367596235356,1.0,0.0005449088621704472,1.076886279585454,0.26629697572570954,0.01192411924119241,0.07139684202778704,0.11903695814405055
Bag of Organic Bananas,"Organic Garlic, Organic Baby Spinach",0.16610344503895616,0.009152351450295691,0.002065145968271848,0.012432890647075444,1.3584367596235354,1.0,0.0005449088621704472,1.0033218392610597,0.3164178226231471,0.01192411924119241,0.0033108411788446506,0.11903695814405055
Organic Garlic,"Bag of Organic Bananas, Organic Baby Spinach",0.04721674645639726,0.022528865108420164,0.002065145968271848,0.04373757455268389,1.9414015904572564,1.0,0.0010014062564971985,1.0221787543668703,0.5089386475593372,0.0305131761442441,0.0216975301747567,0.06770212060967527
Organic Baby Spinach,"Bag of Organic Bananas, Organic Garlic",0.10452454707594105,0.00980944334929128,0.002065145968271848,0.019757521329142342,2.0141327724340035,1.0,0.001039818345120075,1.01014858894234,0.5622805178468473,0.018394648829431436,0.010046629825980317,0.11514191855930801
"Bag of Organic Bananas, Organic Hass Avocado",Organic Baby Spinach,0.02618980568853844,0.10452454707594105,0.004177227072186238,0.15949820788530464,1.5259401963198476,1.0,0.0014397494945848533,1.0654057627539977,0.3539358335337045,0.033011869436201775,0.0613904721004403,0.09973114255962583
"Bag of Organic Bananas, Organic Baby Spinach",Organic Hass Avocado,0.022528865108420164,0.0930723739791608,0.004177227072186238,0.18541666666666665,1.9921772566817952,1.0,0.00208041211348929,1.1133638375703396,0.5095154393222818,0.03748946925021061,0.10182101640532007,0.11514907967725667
"Organic Hass Avocado, Organic Baby Spinach",Bag of Organic Bananas,0.014221346099690228,0.16610344503895616,0.004177227072186238,0.29372937293729373,1.7683520824532297,1.0,0.0018150124919363692,1.1807040007158704,0.4407700986536434,0.023714361843858243,0.15304767376608208,0.15943885996398452
Bag of Organic Bananas,"Organic Hass Avocado, Organic Baby Spinach",0.16610344503895616,0.014221346099690228,0.004177227072186238,0.025148346990675332,1.76835208245323,1.0,0.0018150124919363692,1.0112088858415063,0.5210499455182345,0.023714361843858243,0.011084639384056023,0.15943885996398452
Organic Hass Avocado,"Bag of Organic Bananas, Organic Baby Spinach",0.0930723739791608,0.022528865108420164,0.004177227072186238,0.0448814926878467,1.9921772566817952,1.0,0.00208041211348929,1.0234029886430849,0.5491470547702656,0.03748946925021061,0.02286781346428799,0.11514907967725667
Organic Baby Spinach,"Bag of Organic Bananas, Organic Hass Avocado",0.10452454707594105,0.02618980568853844,0.004177227072186238,0.03996407723394701,1.5259401963198476,1.0,0.0014397494945848533,1.0143476626434167,0.3848975666521989,0.033011869436201775,0.014144718987202378,0.09973114255962583
"Bag of Organic Bananas, Organic Large Extra Fancy Fuji Apple",Organic Baby Spinach,0.01098282174035483,0.10452454707594105,0.00211208110391439,0.1923076923076923,1.8398328209733685,1.0,0.0009641066358880028,1.1086838940964538,0.46154138192862554,0.018625827814569534,0.09802964999778248,0.10625712410624848
"Bag of Organic Bananas, Organic Baby Spinach",Organic Large Extra Fancy Fuji Apple,0.022528865108420164,0.03219750305078382,0.00211208110391439,0.09374999999999999,2.9117164723032065,1.0,0.0013867079008553348,1.067919996633618,0.6716924357373796,0.04014272970561998,0.06360026673132879,0.07967383381924198
"Organic Large Extra Fancy Fuji Apple, Organic Baby Spinach",Bag of Organic Bananas,0.005491410870177415,0.16610344503895616,0.00211208110391439,0.3846153846153846,2.3155172039037537,1.0,0.0011999388402535495,1.3550819018116962,0.5712681108122138,0.012461921905289393,0.26203722545254593,0.19866542047949223
Bag of Organic Bananas,"Organic Large Extra Fancy Fuji Apple, Organic Baby Spinach",0.16610344503895616,0.005491410870177415,0.00211208110391439,0.012715456343599886,2.3155172039037537,1.0,0.0011999388402535495,1.0073170855553641,0.6812967861766195,0.012461921905289393,0.007263934723523488,0.19866542047949223
Organic Large Extra Fancy Fuji Apple,"Bag of Organic Bananas, Organic Baby Spinach",0.03219750305078382,0.022528865108420164,0.00211208110391439,0.06559766763848396,2.9117164723032065,1.0,0.0013867079008553348,1.0460923534097095,0.6784028451341739,0.04014272970561998,0.044061457154784364,0.07967383381924198
Organic Baby Spinach,"Bag of Organic Bananas, Organic Large Extra Fancy Fuji Apple",0.10452454707594105,0.01098282174035483,0.00211208110391439,0.020206555904804666,1.8398328209733685,1.0,0.0009641066358880028,1.0094139578296195,0.5097541799884688,0.018625827814569534,0.009326161736321574,0.10625712410624848
"Bag of Organic Bananas, Organic Raspberries",Organic Baby Spinach,0.018351638036233926,0.10452454707594105,0.0031446540880503146,0.17135549872122763,1.6393804471281885,1.0,0.0012264574342113511,1.0806509323867501,0.3973046553034493,0.02626421011368091,0.07463180752421383,0.10072040764530174
"Bag of Organic Bananas, Organic Baby Spinach",Organic Raspberries,0.022528865108420164,0.06049938984323665,0.0031446540880503146,0.13958333333333334,2.307185802948022,1.0,0.0017816714951303112,1.0919135420708146,0.5796299401867069,0.039365452408930676,0.08417657491132538,0.0957808055340057
"Organic Raspberries, Organic Baby Spinach",Bag of Organic Bananas,0.007603491974091805,0.16610344503895616,0.0031446540880503146,0.41358024691358025,2.4898956600002093,1.0,0.0018816878768276122,1.4220130726704119,0.6029613566672879,0.018436984039625758,0.2967715844397332,0.21625607429035892
Bag of Organic Bananas,"Organic Raspberries, Organic Baby Spinach",0.16610344503895616,0.007603491974091805,0.0031446540880503146,0.01893190166713761,2.4898956600002093,1.0,0.0018816878768276122,1.01154701667733,0.7175671146154744,0.018436984039625758,0.011415205113508983,0.21625607429035892
Organic Raspberries,"Bag of Organic Bananas, Organic Baby Spinach",0.06049938984323665,0.022528865108420164,0.0031446540880503146,0.051978277734678044,2.3071858029480214,1.0,0.0017816714951303112,1.0310640694560118,0.6030560590662116,0.039365452408930676,0.030128166014359473,0.0957808055340057
Organic Baby Spinach,"Bag of Organic Bananas, Organic Raspberries",0.10452454707594105,0.018351638036233926,0.0031446540880503146,0.030085316569375842,1.6393804471281883,1.0,0.0012264574342113511,1.0120976398580126,0.435537861820412,0.02626421011368091,0.01195303632929102,0.10072040764530174
"Organic Strawberries, Bag of Organic Bananas",Organic Baby Spinach,0.026049000281610814,0.10452454707594105,0.0046935135642542005,0.18018018018018017,1.723807327758832,1.0,0.001970753608037769,1.0922832447755004,0.4311189822177243,0.037285607755406416,0.08448655164940085,0.11254181887320638
"Organic Strawberries, Organic Baby Spinach",Bag of Organic Bananas,0.016755843424387497,0.16610344503895616,0.0046935135642542005,0.2801120448179272,1.6863710728710812,1.0,0.0019103102469300972,1.158369922650166,0.4139467277674352,0.026343519494204427,0.13671791674963452,0.15418430723518567
"Bag of Organic Bananas, Organic Baby Spinach",Organic Strawberries,0.022528865108420164,0.11090772552332676,0.0046935135642542005,0.20833333333333331,1.8784384257300042,1.0,0.002194888376457484,1.123063925654745,0.4784212042639009,0.03645643456069996,0.10957873620862586,0.12532620962053886
Organic Strawberries,"Bag of Organic Bananas, Organic Baby Spinach",0.11090772552332676,0.022528865108420164,0.0046935135642542005,0.04231908590774439,1.8784384257300042,1.0,0.002194888376457484,1.0206647334285477,0.5259779338014041,0.03645643456069996,0.02024634804333055,0.12532620962053886
Bag of Organic Bananas,"Organic Strawberries, Organic Baby Spinach",0.16610344503895616,0.016755843424387497,0.0046935135642542005,0.02825656965244419,1.686371072871081,1.0,0.0019103102469300972,1.0118351468802247,0.48808296279619523,0.026343519494204427,0.011696714545561886,0.15418430723518567
Organic Baby Spinach,"Organic Strawberries, Bag of Organic Bananas",0.10452454707594105,0.026049000281610814,0.0046935135642542005,0.044903457566232596,1.723807327758832,1.0,0.001970753608037769,1.019740891571628,0.46890036165417465,0.037285607755406416,0.019358732924010972,0.11254181887320638
"Bag of Organic Bananas, Organic Whole Milk",Organic Baby Spinach,0.011780719046278044,0.10452454707594105,0.002018210832629306,0.17131474103585656,1.638990513026475,1.0,0.0007868365100881813,1.0805977821343211,0.39451602392405266,0.01765913757700205,0.07458629239006026,0.09531161389466829
"Bag of Organic Bananas, Organic Baby Spinach",Organic Whole Milk,0.022528865108420164,0.05749554116211396,0.002018210832629306,0.08958333333333332,1.5580918367346936,1.0,0.0007229015414524217,1.0352451721789138,0.36644489557998833,0.025872442839951864,0.034045241770828134,0.06234268707482993
"Organic Whole Milk, Organic Baby Spinach",Bag of Organic Bananas,0.007087205482023843,0.16610344503895616,0.002018210832629306,0.28476821192052976,1.7144028039499313,1.0,0.0008410015863661699,1.1659109240659038,0.41968087152962896,0.011790512750205647,0.14230154348954843,0.1484592684355404
Bag of Organic Bananas,"Organic Whole Milk, Organic Baby Spinach",0.16610344503895616,0.007087205482023843,0.002018210832629306,0.012150324950551001,1.7144028039499315,1.0,0.0008410015863661699,1.0051253946793814,0.4997100713237632,0.011790512750205647,0.00509925896461544,0.1484592684355404
Organic Whole Milk,"Bag of Organic Bananas, Organic Baby Spinach",0.05749554116211396,0.022528865108420164,0.002018210832629306,0.03510204081632653,1.5580918367346936,1.0,0.0007229015414524217,1.0130305755010027,0.38003990813947697,0.025872442839951864,0.01286296368158326,0.06234268707482993
Organic Baby Spinach,"Bag of Organic Bananas, Organic Whole Milk",0.10452454707594105,0.011780719046278044,0.002018210832629306,0.019308486753480014,1.6389905130264748,1.0,0.0007868365100881813,1.0076759792508878,0.4353757997652355,0.01765913757700205,0.007617507421973174,0.09531161389466829
"Bag of Organic Bananas, Organic Yellow Onion",Organic Baby Spinach,0.010654275790857036,0.10452454707594105,0.002252886510842016,0.21145374449339205,2.023005604030629,1.0,0.001139253159380521,1.135602948680231,0.5111317345857646,0.0199501246882793,0.11941052886294937,0.11650370206259185
"Bag of Organic Bananas, Organic Baby Spinach",Organic Yellow Onion,0.022528865108420164,0.04702900591382709,0.002252886510842016,0.09999999999999999,2.1263473053892215,1.0,0.0011933763804263117,1.0588566600957476,0.5419187554019014,0.03347280334728033,0.05558510638297871,0.07395209580838323
"Organic Yellow Onion, Organic Baby Spinach",Bag of Organic Bananas,0.008260583873087392,0.16610344503895616,0.002252886510842016,0.27272727272727276,1.641912199131753,1.0,0.000880775071488957,1.1466077630714353,0.3942104432875848,0.013089719116443958,0.12786217553482712,0.143145213080223
Bag of Organic Bananas,"Organic Yellow Onion, Organic Baby Spinach",0.16610344503895616,0.008260583873087392,0.002252886510842016,0.013563153433173212,1.6419121991317527,1.0,0.000880775071488957,1.0053754779928799,0.4688279769610327,0.013089719116443958,0.0053467367272687395,0.143145213080223
Organic Yellow Onion,"Bag of Organic Bananas, Organic Baby Spinach",0.04702900591382709,0.022528865108420164,0.002252886510842016,0.04790419161676646,2.1263473053892215,1.0,0.0011933763804263117,1.0266520724961876,0.5558510638297872,0.03347280334728033,0.02596017989949228,0.07395209580838323
Organic Baby Spinach,"Bag of Organic Bananas, Organic Yellow Onion",0.10452454707594105,0.010654275790857036,0.002252886510842016,0.021553659631791646,2.023005604030629,1.0,0.001139253159380521,1.0111394804101705,0.5647122927476982,0.0199501246882793,0.011016759434268835,0.11650370206259185
"Organic Zucchini, Bag of Organic Bananas",Organic Baby Spinach,0.009293156857223317,0.10452454707594105,0.0023936919177696423,0.25757575757575757,2.4642609299097846,1.0,0.0014223289063626994,1.2061506100609773,0.5997725980670835,0.021482729570345405,0.1709161429272546,0.1402382604672681
"Organic Zucchini, Organic Baby Spinach",Bag of Organic Bananas,0.009293156857223317,0.16610344503895616,0.0023936919177696423,0.25757575757575757,1.5506948547355441,1.0,0.0008500665484974504,1.1232076046414061,0.3584590174898839,0.013836136733586543,0.10969263752513597,0.13599330404925206
"Bag of Organic Bananas, Organic Baby Spinach",Organic Zucchini,0.022528865108420164,0.042523232892143055,0.0023936919177696423,0.10625,2.498634105960265,1.0,0.001435691739968616,1.0713026764843154,0.6136051654888403,0.038202247191011236,0.06655698529411765,0.08127069536423841
Organic Zucchini,"Bag of Organic Bananas, Organic Baby Spinach",0.042523232892143055,0.022528865108420164,0.0023936919177696423,0.056291390728476824,2.498634105960265,1.0,0.001435691739968616,1.0357764306570425,0.6264186851211072,0.038202247191011236,0.034540688123543994,0.08127069536423841
Bag of Organic Bananas,"Organic Zucchini, Organic Baby Spinach",0.16610344503895616,0.009293156857223317,0.0023936919177696423,0.014410850522746538,1.5506948547355441,1.0,0.0008500665484974504,1.005192522328637,0.42586553392111604,0.013836136733586543,0.005165699319577305,0.13599330404925206
Organic Baby Spinach,"Organic Zucchini, Bag of Organic Bananas",0.10452454707594105,0.009293156857223317,0.0023936919177696423,0.022900763358778622,2.4642609299097846,1.0,0.0014223289063626994,1.0139265347789355,0.663556790188165,0.021482729570345405,0.013735250337414124,0.1402382604672681
"Organic Blueberries, Organic Strawberries",Bag of Organic Bananas,0.009480897399793485,0.16610344503895616,0.0024406270534121843,0.25742574257425743,1.5497917127118195,1.0,0.0008658173332456048,1.1229806940142057,0.35814756225578825,0.014095960965031174,0.10951274110919845,0.13605957939676422
"Organic Blueberries, Bag of Organic Bananas",Organic Strawberries,0.009527832535436027,0.11090772552332676,0.0024406270534121843,0.2561576354679803,2.3096464584345275,1.0,0.001383916817739823,1.1952697464818853,0.5724878708459242,0.020684168655529037,0.1633687684781074,0.1390817800700037
"Organic Strawberries, Bag of Organic Bananas",Organic Blueberries,0.026049000281610814,0.042429362620857974,0.0024406270534121843,0.0936936936936937,2.208227696723272,1.0,0.0013353845745528877,1.0565640233507432,0.5617820086520391,0.03695806680881308,0.05353582187225948,0.0756079087937495
Organic Blueberries,"Organic Strawberries, Bag of Organic Bananas",0.042429362620857974,0.026049000281610814,0.0024406270534121843,0.05752212389380531,2.208227696723272,1.0,0.0013353845745528877,1.0333940184805444,0.5713919449827694,0.03695806680881308,0.03231489430299339,0.0756079087937495
Organic Strawberries,"Organic Blueberries, Bag of Organic Bananas",0.11090772552332676,0.009527832535436027,0.0024406270534121843,0.022005924672027086,2.3096464584345275,1.0,0.001383916817739823,1.0127588627082496,0.6377665384818423,0.020684168655529037,0.01259812496148458,0.1390817800700037
Bag of Organic Bananas,"Organic Blueberries, Organic Strawberries",0.16610344503895616,0.009480897399793485,0.0024406270534121843,0.01469341621927098,1.5497917127118195,1.0,0.0008658173332456048,1.005290250674543,0.42541487892419394,0.014095960965031174,0.005262411200141562,0.13605957939676422
"Bag of Organic Bananas, Organic Hass Avocado",Organic Cucumber,0.02618980568853844,0.03355862198441754,0.0026283675959823524,0.10035842293906809,2.9905406421535448,1.0,0.0017494738070353427,1.0742515715790737,0.6835133851111294,0.04601479046836483,0.06911935113106622,0.0893400506303732
"Bag of Organic Bananas, Organic Cucumber",Organic Hass Avocado,0.009340091992865859,0.0930723739791608,0.0026283675959823524,0.2814070351758794,3.0235291434479508,1.0,0.0017590630610225758,1.262088094952077,0.6755705622373078,0.026340545625587963,0.20766228284724353,0.15482353775939708
"Organic Hass Avocado, Organic Cucumber",Bag of Organic Bananas,0.007228010888951469,0.16610344503895616,0.0026283675959823524,0.36363636363636365,2.1892162655090037,1.0,0.0014277700865484254,1.3104088720816405,0.5471704803328291,0.015397305471542479,0.23687940359297371,0.1897300213208662
Bag of Organic Bananas,"Organic Hass Avocado, Organic Cucumber",0.16610344503895616,0.007228010888951469,0.0026283675959823524,0.015823679005368747,2.1892162655090037,1.0,0.0014277700865484254,1.0087338700729258,0.6514183598806776,0.015397305471542479,0.00865825004200012,0.1897300213208662
Organic Hass Avocado,"Bag of Organic Bananas, Organic Cucumber",0.0930723739791608,0.009340091992865859,0.0026283675959823524,0.028240040342914777,3.023529143447951,1.0,0.0017590630610225758,1.0194491943840929,0.7379427551178832,0.026340545625587963,0.019078139932067195,0.15482353775939708
Organic Cucumber,"Bag of Organic Bananas, Organic Hass Avocado",0.03355862198441754,0.02618980568853844,0.0026283675959823524,0.07832167832167831,2.9905406421535448,1.0,0.0017494738070353427,1.056561895193771,0.6887249630559814,0.04601479046836483,0.0535339154772353,0.0893400506303732
"Organic Strawberries, Organic Cucumber",Bag of Organic Bananas,0.006336243311743171,0.16610344503895616,0.002018210832629306,0.3185185185185185,1.9175912844180714,1.0,0.0009657389899437206,1.2236525534754445,0.48156374505274313,0.011842467639768659,0.1827745570752268,0.16533442173453475
"Bag of Organic Bananas, Organic Cucumber",Organic Strawberries,0.009340091992865859,0.11090772552332676,0.002018210832629306,0.21608040201005024,1.948289904877753,1.0,0.0009823224735219173,1.1341625809029356,0.49131832159726574,0.017070265978562923,0.11829219475405851,0.11713880447519016
"Organic Strawberries, Bag of Organic Bananas",Organic Cucumber,0.026049000281610814,0.03355862198441754,0.002018210832629306,0.07747747747747746,2.3087204687204683,1.0,0.0011440422791067428,1.04760735312236,0.582020703961591,0.035044824775876116,0.04544388981278883,0.06880866880866879
Organic Cucumber,"Organic Strawberries, Bag of Organic Bananas",0.03355862198441754,0.026049000281610814,0.002018210832629306,0.06013986013986013,2.3087204687204683,1.0,0.0011440422791067428,1.0362722690456077,0.5865432289790187,0.035044824775876116,0.035002643734753015,0.06880866880866879
Organic Strawberries,"Bag of Organic Bananas, Organic Cucumber",0.11090772552332676,0.009340091992865859,0.002018210832629306,0.01819720694033009,1.948289904877753,1.0,0.0009823224735219173,1.009021276991749,0.5474452733966894,0.017070265978562923,0.008940621171681096,0.11713880447519016
Bag of Organic Bananas,"Organic Strawberries, Organic Cucumber",0.16610344503895616,0.006336243311743171,0.002018210832629306,0.012150324950551001,1.9175912844180714,1.0,0.0009657389899437206,1.0058855935125117,0.5738270977943167,0.011842467639768659,0.005851155986795127,0.16533442173453475
"Bag of Organic Bananas, Organic Hass Avocado",Organic Gala Apples,0.02618980568853844,0.034027973340842954,0.0022998216464845582,0.08781362007168458,2.5806303299962923,1.0,0.001408635636713115,1.0589634398345966,0.6289703851465398,0.03970826580226904,0.05568033570999037,0.07769991348411814
"Bag of Organic Bananas, Organic Gala Apples",Organic Hass Avocado,0.009574767671078569,0.0930723739791608,0.0022998216464845582,0.24019607843137256,2.5807451573670317,1.0,0.0014086752890383552,1.193633778762911,0.6184363992967105,0.022918615528531337,0.1622221004532849,0.1324530568657115
"Organic Gala Apples, Organic Hass Avocado",Bag of Organic Bananas,0.005397540598892331,0.16610344503895616,0.0022998216464845582,0.4260869565217391,2.565190363281202,1.0,0.0014032715582709115,1.4530015730381824,0.6134766492128445,0.013592233009708738,0.31176949938943965,0.2199663378257184
Bag of Organic Bananas,"Organic Gala Apples, Organic Hass Avocado",0.16610344503895616,0.005397540598892331,0.0022998216464845582,0.013845719129697655,2.565190363281202,1.0,0.0014032715582709115,1.0085667919256505,0.7317039271384808,0.013592233009708738,0.008494025377629099,0.2199663378257184
Organic Hass Avocado,"Bag of Organic Bananas, Organic Gala Apples",0.0930723739791608,0.009574767671078569,0.0022998216464845582,0.02471003530005043,2.5807451573670317,1.0,0.0014086752890383552,1.0155187361469757,0.6753736427034717,0.022918615528531337,0.0152815852574578,0.1324530568657115
Organic Gala Apples,"Bag of Organic Bananas, Organic Hass Avocado",0.034027973340842954,0.02618980568853844,0.0022998216464845582,0.06758620689655172,2.580630329996292,1.0,0.001408635636713115,1.0443970279227952,0.6340740270647883,0.03970826580226904,0.04250972258231785,0.07769991348411814
"Organic Strawberries, Bag of Organic Bananas",Organic Gala Apples,0.026049000281610814,0.034027973340842954,0.002018210832629306,0.07747747747747746,2.276876048462255,1.0,0.0011318161454910427,1.0470985835856097,0.5758007739610196,0.03476151980598221,0.04498008527939045,0.06839391115253184
"Organic Strawberries, Organic Gala Apples",Bag of Organic Bananas,0.005585281141462499,0.16610344503895616,0.002018210832629306,0.361344537815126,2.175418684003694,1.0,0.0010904763935212715,1.305706447899529,0.5433531531511754,0.01189488243430152,0.23413107011251613,0.1867474313828385
"Bag of Organic Bananas, Organic Gala Apples",Organic Strawberries,0.009574767671078569,0.11090772552332676,0.002018210832629306,0.21078431372549017,1.9005377013268276,1.0,0.0009562951278157016,1.1265517018213747,0.47841381727291366,0.0170364500792393,0.11233545838754651,0.11449076033291013
Organic Strawberries,"Bag of Organic Bananas, Organic Gala Apples",0.11090772552332676,0.009574767671078569,0.002018210832629306,0.01819720694033009,1.9005377013268279,1.0,0.0009562951278157016,1.0087822517212248,0.5329403142106859,0.0170364500792393,0.008705795236028475,0.11449076033291013
Bag of Organic Bananas,"Organic Strawberries, Organic Gala Apples",0.16610344503895616,0.005585281141462499,0.002018210832629306,0.012150324950551001,2.175418684003694,1.0,0.0010904763935212715,1.006645792345642,0.6479441242648704,0.01189488243430152,0.006601917373693285,0.1867474313828385
Organic Gala Apples,"Organic Strawberries, Bag of Organic Bananas",0.034027973340842954,0.026049000281610814,0.002018210832629306,0.0593103448275862,2.276876048462255,1.0,0.0011318161454910427,1.035358467442569,0.5805569146525978,0.03476151980598221,0.03415094245561909,0.06839391115253184
"Bag of Organic Bananas, Organic Hass Avocado",Organic Garlic,0.02618980568853844,0.04721674645639726,0.002065145968271848,0.07885304659498206,1.670022873511618,1.0,0.0008285485533338179,1.034344465909203,0.41199589883800397,0.028947368421052624,0.0332040891996398,0.06129531057383297
"Bag of Organic Bananas, Organic Garlic",Organic Hass Avocado,0.00980944334929128,0.0930723739791608,0.002065145968271848,0.21052631578947367,2.261963532128354,1.0,0.0011521577883392186,1.1487749929597297,0.563433189553017,0.020484171322160148,0.12950751354399037,0.11635745945802478
"Organic Hass Avocado, Organic Garlic",Bag of Organic Bananas,0.007274946024594011,0.16610344503895616,0.002065145968271848,0.2838709677419355,1.7090010846876738,1.0,0.0008567523711143243,1.1644501443149713,0.4179030864648566,0.012054794520547946,0.1412255776838902,0.14815192919450546
Bag of Organic Bananas,"Organic Hass Avocado, Organic Garlic",0.16610344503895616,0.007274946024594011,0.002065145968271848,0.012432890647075444,1.7090010846876735,1.0,0.0008567523711143243,1.0052228801198746,0.49749919411370414,0.012054794520547946,0.005195743375092875,0.14815192919450546
Organic Hass Avocado,"Bag of Organic Bananas, Organic Garlic",0.0930723739791608,0.00980944334929128,0.002065145968271848,0.022188603126575893,2.261963532128354,1.0,0.0011521577883392186,1.0126600690244225,0.6151606893339544,0.020484171322160148,0.0125017954313327,0.11635745945802478
Organic Garlic,"Bag of Organic Bananas, Organic Hass Avocado",0.04721674645639726,0.02618980568853844,0.002065145968271848,0.04373757455268389,1.6700228735116183,1.0,0.0008285485533338179,1.0183503695190543,0.4210882221227048,0.028947368421052624,0.018019701340827213,0.06129531057383297
"Organic Strawberries, Bag of Organic Bananas",Organic Garlic,0.026049000281610814,0.04721674645639726,0.002018210832629306,0.07747747747747746,1.6408897963569928,1.0,0.0007882617908898677,1.0328021596029286,0.4010207409449587,0.028326745718050068,0.031760351484489406,0.06011050812243654
"Organic Strawberries, Organic Garlic",Bag of Organic Bananas,0.007368816295879095,0.16610344503895616,0.002018210832629306,0.27388535031847133,1.6488842254550298,1.0,0.0007942250600245883,1.1484364835867007,0.39645065410756675,0.011771147002463728,0.12925093003238308,0.14301783763451117
"Bag of Organic Bananas, Organic Garlic",Organic Strawberries,0.00980944334929128,0.11090772552332676,0.002018210832629306,0.20574162679425836,1.8550702922041764,1.0,0.0009302677821094857,1.119399309431474,0.46550319620005487,0.017002767892447607,0.10666373333043704,0.11196941686729422
Organic Strawberries,"Bag of Organic Bananas, Organic Garlic",0.11090772552332676,0.00980944334929128,0.002018210832629306,0.01819720694033009,1.8550702922041764,1.0,0.0009302677821094857,1.0085432264507004,0.5184353550246823,0.017002767892447607,0.008470857992637477,0.11196941686729422
Bag of Organic Bananas,"Organic Strawberries, Organic Garlic",0.16610344503895616,0.007368816295879095,0.002018210832629306,0.012150324950551001,1.6488842254550296,1.0,0.0007942250600245883,1.0048403201169578,0.47191618639730565,0.011771147002463728,0.004817004274265432,0.14301783763451117
Organic Garlic,"Organic Strawberries, Bag of Organic Bananas",0.04721674645639726,0.026049000281610814,0.002018210832629306,0.042743538767395624,1.640889796356993,1.0,0.0007882617908898677,1.0174399851679123,0.4099301179974797,0.028326745718050068,0.01714104558711056,0.06011050812243654
"Bag of Organic Bananas, Organic Yellow Onion",Organic Garlic,0.010654275790857036,0.04721674645639726,0.0023467567821271003,0.22026431718061673,4.664961771222883,1.0,0.0018436965434336723,1.2219310652790836,0.7940964941410883,0.042265426880811495,0.1816232286625724,0.13498305322251514
"Bag of Organic Bananas, Organic Garlic",Organic Yellow Onion,0.00980944334929128,0.04702900591382709,0.0023467567821271003,0.23923444976076555,5.0869552760507695,1.0,0.0018854284128419288,1.2526474073208185,0.8113779210314261,0.043066322136089574,0.20169075978146528,0.14456732468078198
"Organic Yellow Onion, Organic Garlic",Bag of Organic Bananas,0.009105416314653149,0.16610344503895616,0.0023467567821271003,0.2577319587628866,1.5516352397293198,1.0,0.0008343157637492962,1.123443969878073,0.3587855248200076,0.013575889220743959,0.10987995234997819,0.13593012179455435
Bag of Organic Bananas,"Organic Yellow Onion, Organic Garlic",0.16610344503895616,0.009105416314653149,0.0023467567821271003,0.014128284826222096,1.5516352397293196,1.0,0.0008343157637492962,1.0050948500035661,0.42633421511791525,0.013575889220743959,0.005069024086182644,0.13593012179455435
Organic Yellow Onion,"Bag of Organic Bananas, Organic Garlic",0.04702900591382709,0.00980944334929128,0.0023467567821271003,0.0499001996007984,5.0869552760507695,1.0,0.0018854284128419288,1.0421963631974898,0.8430673758865247,0.043066322136089574,0.04048792021114902,0.14456732468078198
Organic Garlic,"Bag of Organic Bananas, Organic Yellow Onion",0.04721674645639726,0.010654275790857036,0.0023467567821271003,0.04970178926441352,4.664961771222883,1.0,0.0018436965434336723,1.0410897474418388,0.8245694581280788,0.042265426880811495,0.03946801660740996,0.13498305322251514
"Bag of Organic Bananas, Organic Garnet Sweet Potato (Yam)",Organic Hass Avocado,0.005491410870177415,0.0930723739791608,0.002065145968271848,0.376068376068376,4.040601523203641,1.0,0.0015540473220894669,1.4535689348553176,0.7566672673213802,0.02140077821011673,0.312038131786618,0.19912848959747595
"Bag of Organic Bananas, Organic Hass Avocado",Organic Garnet Sweet Potato (Yam),0.02618980568853844,0.024640946212334553,0.002065145968271848,0.07885304659498206,3.200081925243215,1.0,0.0014198043749890788,1.0588528249290219,0.705997949419002,0.04234841193455245,0.055581685710634134,0.08133128520225294
"Organic Garnet Sweet Potato (Yam), Organic Hass Avocado",Bag of Organic Bananas,0.005632216277105041,0.16610344503895616,0.002065145968271848,0.36666666666666664,2.207459734388245,1.0,0.0011296154414402167,1.3166787709911218,0.550088823665714,0.012171507607192255,0.24051331119491187,0.18954977865687103
Bag of Organic Bananas,"Organic Garnet Sweet Potato (Yam), Organic Hass Avocado",0.16610344503895616,0.005632216277105041,0.002065145968271848,0.012432890647075444,2.207459734388245,1.0,0.0011296154414402167,1.0068862908713376,0.6559453941679415,0.012171507607192255,0.006839194190814189,0.18954977865687103
Organic Garnet Sweet Potato (Yam),"Bag of Organic Bananas, Organic Hass Avocado",0.024640946212334553,0.02618980568853844,0.002065145968271848,0.0838095238095238,3.2000819252432153,1.0,0.0014198043749890788,1.0628905447266472,0.7048768324212239,0.04234841193455245,0.059169351951306834,0.08133128520225294
Organic Hass Avocado,"Bag of Organic Bananas, Organic Garnet Sweet Potato (Yam)",0.0930723739791608,0.005491410870177415,0.002065145968271848,0.022188603126575893,4.040601523203641,1.0,0.0015540473220894669,1.0170760867686632,0.829737759523507,0.02140077821011673,0.016789389693464815,0.19912848959747595
"Bag of Organic Bananas, Organic Large Extra Fancy Fuji Apple",Organic Hass Avocado,0.01098282174035483,0.0930723739791608,0.0023936919177696423,0.21794871794871795,2.3417122464021105,1.0,0.00137149462540488,1.1596779480266468,0.5793246683639288,0.023545706371191133,0.13769163093802125,0.1218336630590791
"Bag of Organic Bananas, Organic Hass Avocado",Organic Large Extra Fancy Fuji Apple,0.02618980568853844,0.03219750305078382,0.0023936919177696423,0.09139784946236558,2.8386626540016926,1.0,0.0015504455692134905,1.065155410843516,0.6651413601877998,0.04274937133277452,0.06116986327086135,0.08287093639299037
"Organic Large Extra Fancy Fuji Apple, Organic Hass Avocado",Bag of Organic Bananas,0.005773021684032667,0.16610344503895616,0.0023936919177696423,0.4146341463414634,2.4962404978669737,1.0,0.00143477312776722,1.424573281391783,0.6028780015050915,0.014123511492661311,0.298035409576812,0.21452249843210497
Bag of Organic Bananas,"Organic Large Extra Fancy Fuji Apple, Organic Hass Avocado",0.16610344503895616,0.005773021684032667,0.0023936919177696423,0.014410850522746538,2.496240497866973,1.0,0.00143477312776722,1.0087641273681789,0.7187912819205465,0.014123511492661311,0.008687984763142037,0.21452249843210497
Organic Large Extra Fancy Fuji Apple,"Bag of Organic Bananas, Organic Hass Avocado",0.03219750305078382,0.02618980568853844,0.0023936919177696423,0.07434402332361516,2.8386626540016926,1.0,0.0015504455692134905,1.0520217217286025,0.6692702687282478,0.04274937133277452,0.049449284795302896,0.08287093639299037
Organic Hass Avocado,"Bag of Organic Bananas, Organic Large Extra Fancy Fuji Apple",0.0930723739791608,0.01098282174035483,0.0023936919177696423,0.025718608169440244,2.3417122464021105,1.0,0.00137149462540488,1.0151247745801637,0.6317616007744505,0.023545706371191133,0.014899424148542798,0.1218336630590791
"Organic Lemon, Organic Hass Avocado",Bag of Organic Bananas,0.010372664977001783,0.16610344503895616,0.0037078757157608185,0.3574660633484163,2.1520689306870184,1.0,0.0019849403288458973,1.297824920045005,0.5409418778122308,0.02146155935886987,0.22948004422251125,0.1898943766869236
"Organic Lemon, Bag of Organic Bananas",Organic Hass Avocado,0.010419600112644326,0.0930723739791608,0.0037078757157608185,0.35585585585585583,3.823431601041283,1.0,0.00273809879736348,1.4079575732631209,0.7462302687982248,0.037158984007525875,0.28975132561532185,0.19784724209837673
"Bag of Organic Bananas, Organic Hass Avocado",Organic Lemon,0.02618980568853844,0.04003567070308833,0.0037078757157608185,0.14157706093189962,3.5362729897011174,1.0,0.002659349279436624,1.1182883000995338,0.7365053334407099,0.059309309309309305,0.10577621181318404,0.1170956816968994
Organic Lemon,"Bag of Organic Bananas, Organic Hass Avocado",0.04003567070308833,0.02618980568853844,0.0037078757157608185,0.09261430246189918,3.536272989701118,1.0,0.002659349279436624,1.0732042580719336,0.7471281796424901,0.059309309309309305,0.06821092771607981,0.1170956816968994
Organic Hass Avocado,"Organic Lemon, Bag of Organic Bananas",0.0930723739791608,0.010419600112644326,0.0037078757157608185,0.03983862834089763,3.823431601041283,1.0,0.00273809879736348,1.0306396706810013,0.8142379023620439,0.037158984007525875,0.029728790335380617,0.19784724209837673
Bag of Organic Bananas,"Organic Lemon, Organic Hass Avocado",0.16610344503895616,0.010372664977001783,0.0037078757157608185,0.022322690025430914,2.1520689306870184,1.0,0.0019849403288458973,1.0122228724411535,0.6419631616857593,0.02146155935886987,0.012075277860176951,0.1898943766869236
"Bag of Organic Bananas, Organic Hass Avocado",Organic Raspberries,0.02618980568853844,0.06049938984323665,0.005538346005819957,0.2114695340501792,3.4953994511040483,1.0,0.003953878741550453,1.1914575919715318,0.7331096646440091,0.06824754193175245,0.16069190650312823,0.15150668323920907
"Bag of Organic Bananas, Organic Raspberries",Organic Hass Avocado,0.018351638036233926,0.0930723739791608,0.005538346005819957,0.30179028132992325,3.242533400915454,1.0,0.003830315487381401,1.2989329735316781,0.7045284180926025,0.0523049645390071,0.230137335507703,0.18064804031196113
"Organic Hass Avocado, Organic Raspberries",Bag of Organic Bananas,0.011592978503707876,0.16610344503895616,0.005538346005819957,0.4777327935222672,2.876116105901505,1.0,0.0036127123380915154,1.5966856517471153,0.6599597901295875,0.0321701199563795,0.3737026452853844,0.2555377728560757
Bag of Organic Bananas,"Organic Hass Avocado, Organic Raspberries",0.16610344503895616,0.011592978503707876,0.005538346005819957,0.033342752189884146,2.8761161059015046,1.0,0.0036127123380915154,1.022499985114112,0.7822419778431352,0.0321701199563795,0.022004875737578783,0.2555377728560757
Organic Hass Avocado,"Bag of Organic Bananas, Organic Raspberries",0.0930723739791608,0.018351638036233926,0.005538346005819957,0.059505799293999,3.242533400915454,1.0,0.003830315487381401,1.0437580170370768,0.7625737134195921,0.0523049645390071,0.04192352664393701,0.18064804031196113
Organic Raspberries,"Bag of Organic Bananas, Organic Hass Avocado",0.06049938984323665,0.02618980568853844,0.005538346005819957,0.09154383242823895,3.4953994511040483,1.0,0.003953878741550453,1.0719396588108232,0.7598820663453014,0.06824754193175245,0.06711166829169361,0.15150668323920907
"Organic Strawberries, Organic Hass Avocado",Bag of Organic Bananas,0.01755374073031071,0.16610344503895616,0.005679151412747583,0.3235294117647059,1.947758589166099,1.0,0.002763414604122332,1.2327166464641517,0.4952834285912827,0.03190928270042194,0.18878356768496785,0.17885993052208168
"Organic Strawberries, Bag of Organic Bananas",Organic Hass Avocado,0.026049000281610814,0.0930723739791608,0.005679151412747583,0.218018018018018,2.3424568289923813,1.0,0.0032547091167542366,1.1597807199114418,0.5884256897307748,0.05006206040546132,0.13776804284489427,0.13951833830805085
"Bag of Organic Bananas, Organic Hass Avocado",Organic Strawberries,0.02618980568853844,0.11090772552332676,0.005679151412747583,0.2168458781362007,1.9551918237705852,1.0,0.0027744996319339,1.135271142237949,0.5016801380437744,0.04321428571428572,0.11915315839993097,0.13402598604228572
Organic Strawberries,"Bag of Organic Bananas, Organic Hass Avocado",0.11090772552332676,0.02618980568853844,0.005679151412747583,0.051206093948370716,1.955191823770585,1.0,0.0027744996319339,1.0263664090802782,0.5494831602244751,0.04321428571428572,0.0256890802807011,0.13402598604228572
Organic Hass Avocado,"Organic Strawberries, Bag of Organic Bananas",0.0930723739791608,0.026049000281610814,0.005679151412747583,0.06101865859808372,2.3424568289923813,1.0,0.0032547091167542366,1.0372421226861255,0.631911270900135,0.05006206040546132,0.035904946272024084,0.13951833830805085
Bag of Organic Bananas,"Organic Strawberries, Organic Hass Avocado",0.16610344503895616,0.01755374073031071,0.005679151412747583,0.034190449279457476,1.947758589166099,1.0,0.002763414604122332,1.0172256616604536,0.5835128455717189,0.03190928270042194,0.016933962944206047,0.17885993052208168
"Bag of Organic Bananas, Organic Tomato Cluster",Organic Hass Avocado,0.007040270346381301,0.0930723739791608,0.002018210832629306,0.2866666666666666,3.080040342914775,1.0,0.00136295615803651,1.2713938682535129,0.6801171364877523,0.020574162679425835,0.21346167779330327,0.1541754916792738
"Bag of Organic Bananas, Organic Hass Avocado",Organic Tomato Cluster,0.02618980568853844,0.02787947057166995,0.002018210832629306,0.07706093189964157,2.7640744361174465,1.0,0.0012880529156579445,1.0532878746038994,0.6553795042167135,0.03877366997294859,0.050591937768142296,0.07472575214510697
"Organic Tomato Cluster, Organic Hass Avocado",Bag of Organic Bananas,0.005679151412747583,0.16610344503895616,0.002018210832629306,0.35537190082644626,2.1394613503837987,1.0,0.0010748842180740778,1.2936087583370037,0.5356345812910626,0.011888305225324854,0.22696874649677853,0.18376111288849864
Bag of Organic Bananas,"Organic Tomato Cluster, Organic Hass Avocado",0.16610344503895616,0.005679151412747583,0.002018210832629306,0.012150324950551001,2.1394613503837987,1.0,0.0010748842180740778,1.0065507674915006,0.6386794959560512,0.011888305225324854,0.006508134217438736,0.18376111288849864
Organic Tomato Cluster,"Bag of Organic Bananas, Organic Hass Avocado",0.02787947057166995,0.02618980568853844,0.002018210832629306,0.07239057239057238,2.764074436117446,1.0,0.0012880529156579445,1.049806271181503,0.6565186342935676,0.03877366997294859,0.04744329744329743,0.07472575214510697
Organic Hass Avocado,"Bag of Organic Bananas, Organic Tomato Cluster",0.0930723739791608,0.007040270346381301,0.002018210832629306,0.02168431669188099,3.0800403429147756,1.0,0.00136295615803651,1.0149686308778998,0.7446337597440814,0.020574162679425835,0.014747875375175665,0.1541754916792738
"Bag of Organic Bananas, Organic Yellow Onion",Organic Hass Avocado,0.010654275790857036,0.0930723739791608,0.002159016239556932,0.2026431718061674,2.177264457136764,1.0,0.001167397498673167,1.1374175199266878,0.5465309591041567,0.021256931608133085,0.12081537124163963,0.11292017390106655
"Bag of Organic Bananas, Organic Hass Avocado",Organic Yellow Onion,0.02618980568853844,0.04702900591382709,0.002159016239556932,0.08243727598566307,1.7529027965574226,1.0,0.0009273357129486754,1.0385894818361026,0.4410692282545829,0.030383091149273445,0.03715566401450637,0.0641727298091988
"Organic Yellow Onion, Organic Hass Avocado",Bag of Organic Bananas,0.007744297381019431,0.16610344503895616,0.002159016239556932,0.27878787878787875,1.6783991368902358,1.0,0.000872661765163439,1.1562431224249767,0.4073487947384332,0.012575177692728267,0.13512999073870346,0.14589295041400155
Bag of Organic Bananas,"Organic Yellow Onion, Organic Hass Avocado",0.16610344503895616,0.007744297381019431,0.002159016239556932,0.012998022040124329,1.678399136890236,1.0,0.000872661765163439,1.005322911986422,0.48470540156274083,0.012575177692728267,0.0052947286120282365,0.14589295041400155
Organic Yellow Onion,"Bag of Organic Bananas, Organic Hass Avocado",0.04702900591382709,0.02618980568853844,0.002159016239556932,0.04590818363273453,1.7529027965574226,1.0,0.0009273357129486754,1.020667170188373,0.4507143591324904,0.030383091149273445,0.020248687125459894,0.0641727298091988
Organic Hass Avocado,"Bag of Organic Bananas, Organic Yellow Onion",0.0930723739791608,0.010654275790857036,0.002159016239556932,0.02319717599596571,2.177264457136764,1.0,0.001167397498673167,1.0128407698021324,0.5961975928663521,0.021256931608133085,0.012677974845583063,0.11292017390106655
"Organic Zucchini, Bag of Organic Bananas",Organic Hass Avocado,0.009293156857223317,0.0930723739791608,0.0025814324603398104,0.2777777777777778,2.9845352160026897,1.0,0.0017164962898773193,1.255745943721162,0.6711768050028426,0.025870178739416747,0.2036605772050579,0.15275676584299883
"Organic Zucchini, Organic Hass Avocado",Bag of Organic Bananas,0.008025908194874682,0.16610344503895616,0.0025814324603398104,0.32163742690058483,1.9363681880598644,1.0,0.0012483014596047356,1.229278542227056,0.4874817730176141,0.015047879616963066,0.18651471928540891,0.16858927010471458
"Bag of Organic Bananas, Organic Hass Avocado",Organic Zucchini,0.02618980568853844,0.042523232892143055,0.0025814324603398104,0.09856630824372759,2.3179401362481897,1.0,0.0014677572536461172,1.0621710458174636,0.583874020716126,0.0390347764371895,0.05853204722749314,0.079636355004866
Organic Zucchini,"Bag of Organic Bananas, Organic Hass Avocado",0.042523232892143055,0.02618980568853844,0.0025814324603398104,0.06070640176600442,2.31794013624819,1.0,0.0014677572536461172,1.036747398409147,0.5938342245989305,0.0390347764371895,0.03544489088232553,0.079636355004866
Bag of Organic Bananas,"Organic Zucchini, Organic Hass Avocado",0.16610344503895616,0.008025908194874682,0.0025814324603398104,0.015541113308844307,1.9363681880598644,1.0,0.0012483014596047356,1.007633843541429,0.5798912181419076,0.015047879616963066,0.007576009470463062,0.16858927010471458
Organic Hass Avocado,"Organic Zucchini, Bag of Organic Bananas",0.0930723739791608,0.009293156857223317,0.0025814324603398104,0.02773575390821987,2.9845352160026897,1.0,0.0017164962898773193,1.0189687084813932,0.7331780779382083,0.025870178739416747,0.018615594692464116,0.15275676584299883
"Organic Strawberries, Organic Large Extra Fancy Fuji Apple",Bag of Organic Bananas,0.006477048718670797,0.16610344503895616,0.0026283675959823524,0.40579710144927533,2.4430384412201924,1.0,0.0015525074901259761,1.4033868851783422,0.594524416909621,0.015465341066003864,0.2874381180547228,0.21081039022732204
"Organic Strawberries, Bag of Organic Bananas",Organic Large Extra Fancy Fuji Apple,0.026049000281610814,0.03219750305078382,0.0026283675959823524,0.1009009009009009,3.133811362382791,1.0,0.0017896548299453198,1.0764135988112524,0.6991108862223507,0.04725738396624472,0.07098906860303562,0.0912667769810627
"Bag of Organic Bananas, Organic Large Extra Fancy Fuji Apple",Organic Strawberries,0.01098282174035483,0.11090772552332676,0.0026283675959823524,0.23931623931623933,2.1577959351975435,1.0,0.0014102878169314531,1.1688066979075369,0.5425225756589652,0.02203856749311295,0.14442653195754607,0.1315074637122881
Organic Strawberries,"Bag of Organic Bananas, Organic Large Extra Fancy Fuji Apple",0.11090772552332676,0.01098282174035483,0.0026283675959823524,0.023698688108336863,2.1577959351975435,1.0,0.0014102878169314531,1.0130245306577987,0.6034965799654602,0.02203856749311295,0.012857073312273405,0.1315074637122881
Organic Large Extra Fancy Fuji Apple,"Organic Strawberries, Bag of Organic Bananas",0.03219750305078382,0.026049000281610814,0.0026283675959823524,0.08163265306122448,3.1338113623827906,1.0,0.0017896548299453198,1.0605244219155794,0.7035523763336566,0.04725738396624472,0.05707027642631434,0.0912667769810627
Bag of Organic Bananas,"Organic Strawberries, Organic Large Extra Fancy Fuji Apple",0.16610344503895616,0.006477048718670797,0.0026283675959823524,0.015823679005368747,2.443038441220192,1.0,0.0015525074901259761,1.0094969062832684,0.7083296480634241,0.015465341066003864,0.009407563534031866,0.21081039022732204
"Organic Lemon, Organic Raspberries",Bag of Organic Bananas,0.004834318971181827,0.16610344503895616,0.002018210832629306,0.4174757281553398,2.5133477999654334,1.0,0.0012152137970988224,1.431522419349792,0.6050493074148129,0.011947763267574326,0.30144300467595364,0.2148130265529454
"Organic Lemon, Bag of Organic Bananas",Organic Raspberries,0.010419600112644326,0.06049938984323665,0.002018210832629306,0.19369369369369369,3.201580944792737,1.0,0.0013878313834038045,1.1651907008648126,0.6948948392476605,0.029291553133514982,0.14177138621361032,0.113526443433348
"Bag of Organic Bananas, Organic Raspberries",Organic Lemon,0.018351638036233926,0.04003567070308833,0.002018210832629306,0.10997442455242964,2.7469110076366543,1.0,0.001283490695348374,1.0785806113652083,0.6478437084767247,0.03580349708576186,0.0728555756864062,0.08019237054116207
Organic Lemon,"Bag of Organic Bananas, Organic Raspberries",0.04003567070308833,0.018351638036233926,0.002018210832629306,0.050410316529894486,2.7469110076366543,1.0,0.001283490695348374,1.033760558956904,0.6624774440322053,0.03580349708576186,0.032658006406212386,0.08019237054116207
Organic Raspberries,"Organic Lemon, Bag of Organic Bananas",0.06049938984323665,0.010419600112644326,0.002018210832629306,0.03335919317300232,3.2015809447927364,1.0,0.0013878313834038045,1.0237312483585885,0.7319359939400346,0.029291553133514982,0.0231811311773851,0.113526443433348
Bag of Organic Bananas,"Organic Lemon, Organic Raspberries",0.16610344503895616,0.004834318971181827,0.002018210832629306,0.012150324950551001,2.5133477999654334,1.0,0.0012152137970988224,1.0074059911787723,0.722061150735424,0.011947763267574326,0.007351545696195804,0.2148130265529454
"Organic Lemon, Organic Strawberries",Bag of Organic Bananas,0.007181075753308927,0.16610344503895616,0.002205951375199474,0.3071895424836601,1.8493869432486187,1.0,0.001013149953489144,1.2036431406513182,0.46260225650805525,0.01289437585733882,0.16918896787059504,0.16023506511015442
"Organic Lemon, Bag of Organic Bananas",Organic Strawberries,0.010419600112644326,0.11090772552332676,0.002205951375199474,0.2117117117117117,1.9088995893904908,1.0,0.0010503372258434927,1.127877056764694,0.4811513823126945,0.01851851851851852,0.11337854245524623,0.11580084104417578
"Organic Strawberries, Bag of Organic Bananas",Organic Lemon,0.026049000281610814,0.04003567070308833,0.002205951375199474,0.08468468468468468,2.115230822850987,1.0,0.0011630621777802485,1.0487799266924922,0.5413397149791295,0.03453343130051433,0.04651111777694675,0.06989216649240096
Organic Lemon,"Organic Strawberries, Bag of Organic Bananas",0.04003567070308833,0.026049000281610814,0.002205951375199474,0.05509964830011723,2.115230822850987,1.0,0.0011630621777802485,1.030744668436459,0.549227029068201,0.03453343130051433,0.029827627906235735,0.06989216649240096
Organic Strawberries,"Organic Lemon, Bag of Organic Bananas",0.11090772552332676,0.010419600112644326,0.002205951375199474,0.019889970376639865,1.9088995893904908,1.0,0.0010503372258434927,1.009662558261581,0.5355326898949929,0.01851851851851852,0.009570086740878817,0.11580084104417578
Bag of Organic Bananas,"Organic Lemon, Organic Strawberries",0.16610344503895616,0.007181075753308927,0.002205951375199474,0.01328058773664877,1.849386943248619,1.0,0.001013149953489144,1.0061816073622678,0.5507640868978945,0.01289437585733882,0.0061436298547269275,0.16023506511015442
"Organic Strawberries, Organic Raspberries",Bag of Organic Bananas,0.013470383929409555,0.16610344503895616,0.0046465784286116585,0.34494773519163763,2.0767042797380704,1.0,0.00240910125193934,1.273022932307551,0.5255471120164968,0.026562919237993025,0.2144681964311944,0.1864608695737787
"Organic Strawberries, Bag of Organic Bananas",Organic Raspberries,0.026049000281610814,0.06049938984323665,0.0046465784286116585,0.17837837837837836,2.948432684041683,1.0,0.0030706298055479045,1.14347113736185,0.6785112948189426,0.05673352435530085,0.1254698371249303,0.12759105109764535
"Bag of Organic Bananas, Organic Raspberries",Organic Strawberries,0.018351638036233926,0.11090772552332676,0.0046465784286116585,0.25319693094629153,2.2829512529588185,1.0,0.002611239994385583,1.1905310935629427,0.5724763774488852,0.037288135593220334,0.16003873783147798,0.14754641299747923
Organic Strawberries,"Bag of Organic Bananas, Organic Raspberries",0.11090772552332676,0.018351638036233926,0.0046465784286116585,0.04189589504866695,2.2829512529588185,1.0,0.002611239994385583,1.0245737982863865,0.6320721867889687,0.037288135593220334,0.02398441022743954,0.14754641299747923
Organic Raspberries,"Organic Strawberries, Bag of Organic Bananas",0.06049938984323665,0.026049000281610814,0.0046465784286116585,0.07680372381691233,2.9484326840416832,1.0,0.0030706298055479045,1.054977175325213,0.7033915111549123,0.05673352435530085,0.05211219409392965,0.12759105109764535
Bag of Organic Bananas,"Organic Strawberries, Organic Raspberries",0.16610344503895616,0.013470383929409555,0.0046465784286116585,0.02797400395591975,2.0767042797380704,1.0,0.00240910125193934,1.0149210207191335,0.6217411351086141,0.026562919237993025,0.014701656990571684,0.1864608695737787
"Organic Strawberries, Bag of Organic Bananas",Organic Whole Milk,0.026049000281610814,0.05749554116211396,0.0029099784098376045,0.11171171171171172,1.9429630446773305,1.0,0.0014122770419143318,1.0610344313489386,0.4983024525829303,0.036088474970896386,0.05752351624569145,0.08116197830483546
"Organic Strawberries, Organic Whole Milk",Bag of Organic Bananas,0.009903313620576363,0.16610344503895616,0.0029099784098376045,0.29383886255924174,1.7690112477217306,1.0,0.0012650039001586527,1.1808870677636258,0.4390606243644344,0.01681127982646421,0.15317897257202703,0.15567896787187857
"Bag of Organic Bananas, Organic Whole Milk",Organic Strawberries,0.011780719046278044,0.11090772552332676,0.0029099784098376045,0.24701195219123506,2.2271843645308738,1.0,0.0016034056553855714,1.1807521740404496,0.5575711845320628,0.024294670846394986,0.15308222844250932,0.1366248927270183
Organic Strawberries,"Bag of Organic Bananas, Organic Whole Milk",0.11090772552332676,0.011780719046278044,0.0029099784098376045,0.026237833262801526,2.2271843645308738,1.0,0.0016034056553855714,1.014846658363166,0.6197361183720942,0.024294670846394986,0.014629459771895004,0.1366248927270183
Bag of Organic Bananas,"Organic Strawberries, Organic Whole Milk",0.16610344503895616,0.009903313620576363,0.0029099784098376045,0.0175190731845154,1.7690112477217304,1.0,0.0012650039001586527,1.0077515597057176,0.5213026324628661,0.01681127982646421,0.00769193521067955,0.15567896787187857
Organic Whole Milk,"Organic Strawberries, Bag of Organic Bananas",0.05749554116211396,0.026049000281610814,0.0029099784098376045,0.05061224489795919,1.9429630446773305,1.0,0.0014122770419143318,1.0258727211135226,0.5149282502638508,0.036088474970896386,0.02522020576338097,0.08116197830483546
"Organic Strawberries, Organic Yellow Onion",Bag of Organic Bananas,0.007368816295879095,0.16610344503895616,0.0024406270534121843,0.33121019108280253,1.9939995284572452,1.0,0.0012166412808074665,1.2468738964655608,0.5021959576193818,0.014270032930845226,0.19799427766140545,0.17295180365103677
"Organic Strawberries, Bag of Organic Bananas",Organic Yellow Onion,0.026049000281610814,0.04702900591382709,0.0024406270534121843,0.0936936936936937,1.9922533311754869,1.0,0.0012155684651190257,1.0514888702143659,0.5113766528397148,0.03455149501661129,0.04896758460588248,0.07279495063926202
"Bag of Organic Bananas, Organic Yellow Onion",Organic Strawberries,0.010654275790857036,0.11090772552332676,0.0024406270534121843,0.2290748898678414,2.0654547623885864,1.0,0.0012589855583499871,1.1532796931783134,0.5214002634776864,0.02048857368006304,0.1329076494496241,0.12554040726993426
Organic Strawberries,"Bag of Organic Bananas, Organic Yellow Onion",0.11090772552332676,0.010654275790857036,0.0024406270534121843,0.022005924672027086,2.0654547623885864,1.0,0.0012589855583499871,1.0116070732610147,0.5801930081743206,0.02048857368006304,0.011473894922065046,0.12554040726993426
Organic Yellow Onion,"Organic Strawberries, Bag of Organic Bananas",0.04702900591382709,0.026049000281610814,0.0024406270534121843,0.05189620758483034,1.9922533311754869,1.0,0.0012155684651190257,1.027262001808238,0.522634797235861,0.03455149501661129,0.02653850892980556,0.07279495063926202
Bag of Organic Bananas,"Organic Strawberries, Organic Yellow Onion",0.16610344503895616,0.007368816295879095,0.0024406270534121843,0.01469341621927098,1.9939995284572454,1.0,0.0012166412808074665,1.0074338282560609,0.5977904152469358,0.014270032930845226,0.0073789742289369475,0.17295180365103677
"Organic Zucchini, Organic Strawberries",Bag of Organic Bananas,0.006289308176100629,0.16610344503895616,0.0023467567821271003,0.3731343283582089,2.246397287369313,1.0,0.0013020810271651118,1.3302635519616652,0.5583544303797469,0.013800717637317139,0.24826926324083973,0.1936313065922155
"Organic Zucchini, Bag of Organic Bananas",Organic Strawberries,0.009293156857223317,0.11090772552332676,0.0023467567821271003,0.25252525252525254,2.2768950614909147,1.0,0.0013160738921609548,1.1894612861241982,0.5660659465605459,0.019912385503783353,0.1592832724649227,0.13684239773956236
"Organic Strawberries, Bag of Organic Bananas",Organic Zucchini,0.026049000281610814,0.042523232892143055,0.0023467567821271003,0.09009009009009009,2.1186086749000657,1.0,0.0012390690765446636,1.0522764470195258,0.5421136330779239,0.03543586109142453,0.049679385267620564,0.0726388640295925
Organic Zucchini,"Organic Strawberries, Bag of Organic Bananas",0.042523232892143055,0.026049000281610814,0.0023467567821271003,0.05518763796909493,2.1186086749000657,1.0,0.0012390690765446636,1.0308406609168932,0.5514411764705882,0.03543586109142453,0.029917970920415236,0.0726388640295925
Organic Strawberries,"Organic Zucchini, Bag of Organic Bananas",0.11090772552332676,0.009293156857223317,0.0023467567821271003,0.021159542953872196,2.2768950614909143,1.0,0.0013160738921609548,1.0121229011441337,0.6307617589610938,0.019912385503783353,0.011977696710972192,0.13684239773956236
Bag of Organic Bananas,"Organic Zucchini, Organic Strawberries",0.16610344503895616,0.006289308176100629,0.0023467567821271003,0.014128284826222096,2.246397287369313,1.0,0.0013020810271651118,1.0079513150945199,0.6653616254854505,0.013800717637317139,0.007888590426388058,0.1936313065922155
"Large Lemon, Banana",Cucumber Kirby,0.01708438937388529,0.043368065333708815,0.0025814324603398104,0.15109890109890112,3.4841051805337524,1.0,0.0018405155457866325,1.1269062272444337,0.7253748448094738,0.0446066504460665,0.11261471822260755,0.10531135531135533
"Large Lemon, Cucumber Kirby",Banana,0.0066178541255984226,0.20707781845489534,0.0025814324603398104,0.3900709219858156,1.8836924442043943,1.0,0.0012110216651581602,1.3000235767192996,0.47225307647703124,0.012227656736327256,0.23078318123770494,0.20126846189952613
"Banana, Cucumber Kirby",Large Lemon,0.014784567727400732,0.0645827466441378,0.0025814324603398104,0.1746031746031746,2.7035575858250276,1.0,0.0016266044685579928,1.1332939800272948,0.6395728039289567,0.03361858190709047,0.11761641937256588,0.10728705241786637
Large Lemon,"Banana, Cucumber Kirby",0.0645827466441378,0.014784567727400732,0.0025814324603398104,0.03997093023255814,2.703557585825028,1.0,0.0016266044685579928,1.0262349998539717,0.6736213109519682,0.03361858190709047,0.025564319924485913,0.10728705241786637
Banana,"Large Lemon, Cucumber Kirby",0.20707781845489534,0.0066178541255984226,0.0025814324603398104,0.012466001813236626,1.883692444204394,1.0,0.0012110216651581602,1.0059219709887215,0.5916441555366618,0.012227656736327256,0.005887107707669245,0.20126846189952613
Cucumber Kirby,"Large Lemon, Banana",0.043368065333708815,0.01708438937388529,0.0025814324603398104,0.05952380952380952,3.484105180533752,1.0,0.0018405155457866325,1.0451254593999195,0.74530468060053,0.0446066504460665,0.04317707409580201,0.10531135531135533
"Limes, Banana",Cucumber Kirby,0.013892800150192433,0.043368065333708815,0.002065145968271848,0.14864864864864863,3.4276061776061773,1.0,0.001462642103690143,1.1236629073858024,0.7182294145644931,0.03741496598639456,0.11005338573781315,0.09813384813384812
"Limes, Cucumber Kirby",Banana,0.005115929785037079,0.20707781845489534,0.002065145968271848,0.40366972477064217,1.949362456020694,1.0,0.0010057503890179482,1.3296695044371756,0.4895160979040773,0.009828009828009826,0.2479334175425182,0.20682126311061574
"Banana, Cucumber Kirby",Limes,0.014784567727400732,0.059513751994743264,0.002065145968271848,0.13968253968253969,2.3470632417004658,1.0,0.0011852608711938359,1.0931851222201323,0.5825483648836515,0.0285899935022742,0.08524185000879282,0.08719142756997647
Limes,"Banana, Cucumber Kirby",0.059513751994743264,0.014784567727400732,0.002065145968271848,0.03470031545741325,2.3470632417004658,1.0,0.0011852608711938359,1.0206316733020064,0.6102541534720395,0.0285899935022742,0.020214612030662982,0.08719142756997647
Cucumber Kirby,"Limes, Banana",0.043368065333708815,0.013892800150192433,0.002065145968271848,0.047619047619047616,3.4276061776061777,1.0,0.001462642103690143,1.035412559842298,0.7403591404180158,0.03741496598639456,0.03420140069354729,0.09813384813384812
"Banana, Organic Avocado",Cucumber Kirby,0.022857411057917956,0.043368065333708815,0.0030507838167652306,0.13347022587268995,3.0776154030774157,1.0,0.0020595021206460066,1.1039804554087294,0.6908644839957584,0.048291233283803865,0.09418686254751898,0.10190827310950515
"Banana, Cucumber Kirby",Organic Avocado,0.014784567727400732,0.07612879001220313,0.0030507838167652306,0.20634920634920637,2.710527860959427,1.0,0.001925252564824745,1.164077724584624,0.6405382526577326,0.034722222222222224,0.140950832680156,0.12321159454328383
"Organic Avocado, Cucumber Kirby",Banana,0.007509621702806721,0.20707781845489534,0.0030507838167652306,0.40625,1.9618228694469628,1.0,0.0014957077371264783,1.3354478847075446,0.49397958515522117,0.014422010206345686,0.2511875517935362,0.21049127379873073
Banana,"Organic Avocado, Cucumber Kirby",0.20707781845489534,0.007509621702806721,0.0030507838167652306,0.01473254759746147,1.961822869446963,1.0,0.0014957077371264783,1.0073309291573997,0.6183078197994736,0.014422010206345686,0.007277577750473568,0.21049127379873073
Organic Avocado,"Banana, Cucumber Kirby",0.07612879001220313,0.014784567727400732,0.0030507838167652306,0.040073982737361284,2.710527860959427,1.0,0.001925252564824745,1.0263451709352318,0.6830694199115253,0.034722222222222224,0.02566891887962553,0.12321159454328383
Cucumber Kirby,"Banana, Organic Avocado",0.043368065333708815,0.022857411057917956,0.0030507838167652306,0.07034632034632035,3.0776154030774157,1.0,0.0020595021206460066,1.0510823657537647,0.7056769547791039,0.048291233283803865,0.048599774307060924,0.10190827310950515
"Banana, Organic Baby Spinach",Cucumber Kirby,0.023185957007415752,0.043368065333708815,0.0032854594949779407,0.1417004048582996,3.2673905042326097,1.0,0.0022799293966557707,1.1145664521819525,0.7104170670766865,0.05192878338278932,0.10279014944121927,0.10872899030793767
"Banana, Cucumber Kirby",Organic Baby Spinach,0.014784567727400732,0.10452454707594105,0.0032854594949779407,0.22222222222222224,2.1260290375692263,1.0,0.001740109249557804,1.151325582330933,0.5375875375160784,0.02831715210355987,0.1314359592571239,0.12682732125929252
"Cucumber Kirby, Organic Baby Spinach",Banana,0.007368816295879095,0.20707781845489534,0.0032854594949779407,0.445859872611465,2.1531030022347855,1.0,0.001759541091832415,1.430905546006683,0.5395297312267381,0.01555901311402534,0.3011418518917884,0.23086284655051945
Banana,"Cucumber Kirby, Organic Baby Spinach",0.20707781845489534,0.007368816295879095,0.0032854594949779407,0.01586582048957389,2.1531030022347855,1.0,0.001759541091832415,1.0086339895215526,0.6754181535287254,0.01555901311402534,0.008560081864431477,0.23086284655051945
Organic Baby Spinach,"Banana, Cucumber Kirby",0.10452454707594105,0.014784567727400732,0.0032854594949779407,0.03143242029636282,2.1260290375692263,1.0,0.001740109249557804,1.0171881166764387,0.5914618166570574,0.02831715210355987,0.01689767742529209,0.12682732125929252
Cucumber Kirby,"Banana, Organic Baby Spinach",0.043368065333708815,0.023185957007415752,0.0032854594949779407,0.07575757575757576,3.2673905042326097,1.0,0.0022799293966557707,1.056880767828042,0.7254047689137475,0.05192878338278932,0.05381947477853686,0.10872899030793767
"Organic Strawberries, Banana",Cucumber Kirby,0.02450014080540693,0.043368065333708815,0.0027222378672674364,0.1111111111111111,2.562049062049062,1.0,0.0016597141601334834,1.0762109264995776,0.625,0.04178674351585014,0.07081411703136753,0.08694083694083693
"Organic Strawberries, Cucumber Kirby",Banana,0.005773021684032667,0.20707781845489534,0.0027222378672674364,0.4715447154471545,2.2771377396457555,1.0,0.0015267731310451456,1.500452743539198,0.5641088250662942,0.012955103864194772,0.33353449196857304,0.24234534049782927
"Banana, Cucumber Kirby",Organic Strawberries,0.014784567727400732,0.11090772552332676,0.0027222378672674364,0.18412698412698414,1.6601817705499469,1.0,0.0010825150877758413,1.089743449261292,0.40362372051076084,0.022137404580152675,0.08235282287966658,0.10433602697673794
Organic Strawberries,"Banana, Cucumber Kirby",0.11090772552332676,0.014784567727400732,0.0027222378672674364,0.02454506982649175,1.6601817705499466,1.0,0.0010825150877758413,1.0100061025857492,0.4472610208119823,0.022137404580152675,0.009906972403565015,0.10433602697673794
Banana,"Organic Strawberries, Cucumber Kirby",0.20707781845489534,0.005773021684032667,0.0027222378672674364,0.01314596554850408,2.2771377396457555,1.0,0.0015267731310451456,1.0074711594694643,0.7073231467609394,0.012955103864194772,0.0074157551799286184,0.24234534049782927
Cucumber Kirby,"Organic Strawberries, Banana",0.043368065333708815,0.02450014080540693,0.0027222378672674364,0.06277056277056277,2.562049062049062,1.0,0.0016597141601334834,1.0408335680090115,0.6373270532823079,0.04178674351585014,0.039231601731601735,0.08694083694083693
"Banana, Organic Avocado",Honeycrisp Apple,0.022857411057917956,0.03646860039425514,0.002159016239556932,0.0944558521560575,2.5900596988892675,1.0,0.0013254384496384935,1.0640358086349155,0.6282691187188959,0.03776683087027914,0.06018200526265093,0.07682895567905834
"Banana, Honeycrisp Apple",Organic Avocado,0.012719421759128885,0.07612879001220313,0.002159016239556932,0.16974169741697415,2.2296649846893044,1.0,0.001190702051379562,1.1127515462519686,0.5586072901272205,0.02490525175961018,0.10132679359713734,0.09905087336939952
"Organic Avocado, Honeycrisp Apple",Banana,0.004975124378109453,0.20707781845489534,0.002159016239556932,0.43396226415094336,2.095648232094288,1.0,0.0011287783367962588,1.4008291873963512,0.5254347826086956,0.010286225402504472,0.28613709009115657,0.2221941873791888
Banana,"Organic Avocado, Honeycrisp Apple",0.20707781845489534,0.004975124378109453,0.002159016239556932,0.010426110607434268,2.095648232094288,1.0,0.0011287783367962588,1.0055084176004996,0.6593593815144043,0.010286225402504472,0.00547824116047144,0.2221941873791888
Organic Avocado,"Banana, Honeycrisp Apple",0.07612879001220313,0.012719421759128885,0.002159016239556932,0.02836004932182491,2.2296649846893044,1.0,0.001190702051379562,1.0160971433418102,0.5969469796700918,0.02490525175961018,0.015842130299538935,0.09905087336939952
Honeycrisp Apple,"Banana, Organic Avocado",0.03646860039425514,0.022857411057917956,0.002159016239556932,0.0592020592020592,2.5900596988892675,1.0,0.0013254384496384935,1.038631725865934,0.6371442731067609,0.03776683087027914,0.03719482556122164,0.07682895567905834
"Organic Strawberries, Banana",Honeycrisp Apple,0.02450014080540693,0.03646860039425514,0.0022998216464845582,0.09386973180076627,2.573987780884332,1.0,0.0014063358018491887,1.0633475488249446,0.626855823160673,0.0392,0.05957370089858864,0.07846639743191466
"Organic Strawberries, Honeycrisp Apple",Banana,0.005632216277105041,0.20707781845489534,0.0022998216464845582,0.4083333333333333,1.9718834995466907,1.0,0.001133514586755494,1.340150165991726,0.4956623261029135,0.01093018068257863,0.2538149638925062,0.20971970383801752
"Banana, Honeycrisp Apple",Organic Strawberries,0.012719421759128885,0.11090772552332676,0.0022998216464845582,0.18081180811808117,1.6302904713346753,1.0,0.0008891395092076619,1.0853333620863894,0.39159321441911676,0.01895551257253385,0.07862410303351304,0.10077408010643796
Organic Strawberries,"Banana, Honeycrisp Apple",0.11090772552332676,0.012719421759128885,0.0022998216464845582,0.02073635209479475,1.630290471334675,1.0,0.0008891395092076619,1.0081866924732836,0.43483942698126593,0.01895551257253385,0.008120214772127262,0.10077408010643796
Banana,"Organic Strawberries, Honeycrisp Apple",0.20707781845489534,0.005632216277105041,0.0022998216464845582,0.011106074342701722,1.9718834995466907,1.0,0.001133514586755494,1.00553533389535,0.6215876666755253,0.01093018068257863,0.005504862642575422,0.20971970383801752
Honeycrisp Apple,"Organic Strawberries, Banana",0.03646860039425514,0.02450014080540693,0.0022998216464845582,0.06306306306306306,2.573987780884332,1.0,0.0014063358018491887,1.0411585035634598,0.6346422830421077,0.0392,0.03953144830742983,0.07846639743191466
"Limes, Large Lemon",Banana,0.011546043368065334,0.20707781845489534,0.0029099784098376045,0.25203252032520324,1.217090860845145,1.0,0.0005190489373930228,1.0601024818483462,0.18045216432313202,0.013489991296779809,0.05669497324782645,0.1330425520936986
"Limes, Banana",Large Lemon,0.013892800150192433,0.0645827466441378,0.0029099784098376045,0.20945945945945948,3.243272705845381,1.0,0.002012743217560087,1.1832628503988685,0.7014140731756001,0.03850931677018633,0.15487923950041363,0.12725879949717162
"Large Lemon, Banana",Limes,0.01708438937388529,0.059513751994743264,0.0029099784098376045,0.17032967032967034,2.862022047353278,1.0,0.0018932222976585683,1.1335662062050116,0.6619049232750361,0.03949044585987261,0.11782832398662323,0.10961278469164905
Limes,"Large Lemon, Banana",0.059513751994743264,0.01708438937388529,0.0029099784098376045,0.04889589905362776,2.862022047353278,1.0,0.0018932222976585683,1.0334469272586349,0.691766289211788,0.03949044585987261,0.032364436311555396,0.10961278469164905
Large Lemon,"Limes, Banana",0.0645827466441378,0.013892800150192433,0.0029099784098376045,0.045058139534883725,3.2432727058453805,1.0,0.002012743217560087,1.0326358500710313,0.7394234660019746,0.03850931677018633,0.03160441318087733,0.12725879949717162
Banana,"Limes, Large Lemon",0.20707781845489534,0.011546043368065334,0.0029099784098376045,0.014052583862194016,1.2170908608451452,1.0,0.0005190489373930228,1.0025422658988725,0.22495102288653723,0.013489991296779809,0.002535819172265228,0.1330425520936986
"Large Lemon, Banana",Organic Avocado,0.01708438937388529,0.07612879001220313,0.0036609405801182764,0.2142857142857143,2.81477893253479,1.0,0.0023603266889870487,1.1758360854390142,0.655938624136504,0.040880503144654086,0.14954132435335446,0.13118724678527394
"Large Lemon, Organic Avocado",Banana,0.010560405519571952,0.20707781845489534,0.0036609405801182764,0.3466666666666667,1.6740888485947416,1.0,0.0014741148431262814,1.2136564003241397,0.4069577782399755,0.017109015134898004,0.1760435657629928,0.18217286189181023
"Banana, Organic Avocado",Large Lemon,0.022857411057917956,0.0645827466441378,0.0036609405801182764,0.16016427104722794,2.4799854352705224,1.0,0.0021847461928238476,1.1138097857806966,0.6107315679341234,0.04369747899159664,0.10218063015214443,0.10842515877942793
Large Lemon,"Banana, Organic Avocado",0.0645827466441378,0.022857411057917956,0.0036609405801182764,0.05668604651162791,2.4799854352705224,1.0,0.0021847461928238476,1.035861481035674,0.6379739344114659,0.04369747899159664,0.03461995806603316,0.10842515877942793
Banana,"Large Lemon, Organic Avocado",0.20707781845489534,0.010560405519571952,0.0036609405801182764,0.01767905711695376,1.6740888485947414,1.0,0.0014741148431262814,1.007246767615978,0.5078179781624792,0.017109015134898004,0.007194629805693128,0.18217286189181023
Organic Avocado,"Large Lemon, Banana",0.07612879001220313,0.01708438937388529,0.0036609405801182764,0.048088779284833544,2.81477893253479,1.0,0.0023603266889870487,1.032570673857227,0.6978595136489874,0.040880503144654086,0.03154328772049773,0.13118724678527394
"Large Lemon, Banana",Organic Baby Spinach,0.01708438937388529,0.10452454707594105,0.0028161081385525205,0.16483516483516486,1.5769995608343164,1.0,0.0010303700771781405,1.0722140291590707,0.3722439754241874,0.023706045041485577,0.06735038639226493,0.09588861968745221
"Large Lemon, Organic Baby Spinach",Banana,0.009152351450295691,0.20707781845489534,0.0028161081385525205,0.3076923076923077,1.485877676267522,1.0,0.0009208591664927913,1.1453320400095957,0.3300175264080338,0.013195513525401364,0.12689074864995312,0.16064579119882838
"Banana, Organic Baby Spinach",Large Lemon,0.023185957007415752,0.0645827466441378,0.0028161081385525205,0.1214574898785425,1.8806491855757463,1.0,0.0013186953514407176,1.0647376109626636,0.479383688897431,0.03314917127071823,0.06080146910949456,0.0825310705206666
Large Lemon,"Banana, Organic Baby Spinach",0.0645827466441378,0.023185957007415752,0.0028161081385525205,0.043604651162790706,1.8806491855757466,1.0,0.0013186953514407176,1.0213496376578997,0.5005987623348387,0.03314917127071823,0.020903358527504266,0.0825310705206666
Banana,"Large Lemon, Organic Baby Spinach",0.20707781845489534,0.009152351450295691,0.0028161081385525205,0.013599274705349048,1.4858776762675223,1.0,0.0009208591664927913,1.004508231939636,0.41239493311234765,0.013195513525401364,0.004487998999202635,0.16064579119882838
Organic Baby Spinach,"Large Lemon, Banana",0.10452454707594105,0.01708438937388529,0.0028161081385525205,0.02694207453973956,1.5769995608343161,1.0,0.0010303700771781405,1.0101306252258226,0.4085923441130737,0.023706045041485577,0.010029024932847437,0.09588861968745221
"Organic Strawberries, Large Lemon",Banana,0.006383178447385713,0.20707781845489534,0.0023936919177696423,0.37499999999999994,1.8109134179510422,1.0,0.0010718772500767028,1.2686754904721673,0.4506691859549676,0.01134089392928619,0.21177637030898536,0.19327969174977333
"Organic Strawberries, Banana",Large Lemon,0.02450014080540693,0.0645827466441378,0.0023936919177696423,0.09770114942528735,1.5128057337610266,1.0,0.0008114055313883444,1.0367044718721021,0.34749015079472895,0.027612344342176503,0.03540495181410799,0.06738255145682973
"Large Lemon, Banana",Organic Strawberries,0.01708438937388529,0.11090772552332676,0.0023936919177696423,0.1401098901098901,1.2633014467546844,1.0,0.0004989011503571323,1.0339603447588148,0.21204596822971386,0.01905829596412556,0.032844919953614465,0.08084631196141988
Organic Strawberries,"Large Lemon, Banana",0.11090772552332676,0.01708438937388529,0.0023936919177696423,0.02158273381294964,1.2633014467546844,1.0,0.0004989011503571323,1.0045975726252203,0.23442256594344438,0.01905829596412556,0.004576531688411092,0.08084631196141988
Large Lemon,"Organic Strawberries, Banana",0.0645827466441378,0.02450014080540693,0.0023936919177696423,0.037063953488372096,1.5128057337610266,1.0,0.0008114055313883444,1.0130474009447246,0.36238009503851715,0.027612344342176503,0.012879358786723243,0.06738255145682973
Banana,"Organic Strawberries, Large Lemon",0.20707781845489534,0.006383178447385713,0.0023936919177696423,0.01155938349954669,1.8109134179510424,1.0,0.0010718772500767028,1.0052367385210121,0.5647369874906277,0.01134089392928619,0.0052094579518819914,0.19327969174977333
"Limes, Banana",Organic Avocado,0.013892800150192433,0.07612879001220313,0.0030038486811226886,0.21621621621621623,2.8401373012963647,1.0,0.0019462066158071848,1.1787322334327064,0.657032365540219,0.03451995685005394,0.15163090340899732,0.12783683807111676
"Limes, Organic Avocado",Banana,0.009950248756218905,0.20707781845489534,0.0030038486811226886,0.30188679245283023,1.4578422484134181,1.0,0.0009433728756013419,1.135807449240285,0.31721105527638194,0.014035087719298246,0.11956907777909322,0.1581963427359346
"Banana, Organic Avocado",Limes,0.022857411057917956,0.059513751994743264,0.0030038486811226886,0.13141683778234087,2.2081759824846645,1.0,0.001643518388179857,1.0827820396656265,0.5599362361304578,0.03784742755765819,0.07645309640635566,0.09094501195110735
Limes,"Banana, Organic Avocado",0.059513751994743264,0.022857411057917956,0.0030038486811226886,0.05047318611987382,2.2081759824846645,1.0,0.001643518388179857,1.0290837232380068,0.5817602804671126,0.03784742755765819,0.028261765861474216,0.09094501195110735
Banana,"Limes, Organic Avocado",0.20707781845489534,0.009950248756218905,0.0030038486811226886,0.014505893019038985,1.457842248413418,1.0,0.0009433728756013419,1.0046227006641126,0.39607257014324615,0.014035087719298246,0.0046014296322956574,0.1581963427359346
Organic Avocado,"Limes, Banana",0.07612879001220313,0.013892800150192433,0.0030038486811226886,0.03945745992601727,2.8401373012963647,1.0,0.0019462066158071848,1.0266148126806083,0.7012929282666126,0.03451995685005394,0.025924828233399526,0.12783683807111676
"Organic Strawberries, Limes",Banana,0.007181075753308927,0.20707781845489534,0.0024875621890547263,0.3464052287581699,1.6728263381508541,1.0,0.0010005206879001695,1.21317093776401,0.4051185031963886,0.01174645390070922,0.17571385130351416,0.1792089607072808
"Organic Strawberries, Banana",Limes,0.02450014080540693,0.059513751994743264,0.0024875621890547263,0.10153256704980843,1.7060353892454403,1.0,0.001029466885325449,1.046767209933356,0.4242396182840211,0.03051237766263673,0.044677755941871365,0.07166533715266446
"Limes, Banana",Organic Strawberries,0.013892800150192433,0.11090772552332676,0.0024875621890547263,0.17905405405405406,1.6144416740057876,1.0,0.0009467433232467511,1.0830095195271412,0.3859527807962067,0.020337682271680736,0.07664708207124932,0.10074158479257929
Organic Strawberries,"Limes, Banana",0.11090772552332676,0.013892800150192433,0.0024875621890547263,0.022429115531104528,1.6144416740057874,1.0,0.0009467433232467511,1.008732170235972,0.42806672251112826,0.020337682271680736,0.008656579510029181,0.10074158479257929
Limes,"Organic Strawberries, Banana",0.059513751994743264,0.02450014080540693,0.0024875621890547263,0.0417981072555205,1.70603538924544,1.0,0.001029466885325449,1.0180525279495836,0.44003374720107274,0.03051237766263673,0.017732413067076586,0.07166533715266446
Banana,"Organic Strawberries, Limes",0.20707781845489534,0.007181075753308927,0.0024875621890547263,0.012012692656391658,1.6728263381508541,1.0,0.0010005206879001695,1.0048903633348019,0.5072494198007107,0.01174645390070922,0.004866564068315637,0.1792089607072808
"Banana, Organic Avocado",Organic Baby Spinach,0.022857411057917956,0.10452454707594105,0.004130291936543696,0.18069815195071867,1.7287628313704588,1.0,0.001741131398386215,1.0929737984311196,0.4314126300713071,0.03351104341203351,0.08506498377598469,0.11010659730450167
"Banana, Organic Baby Spinach",Organic Avocado,0.023185957007415752,0.07612879001220313,0.004130291936543696,0.17813765182186234,2.339951177383847,1.0,0.0023651730842941727,1.1241191569802258,0.5862330298953401,0.04339250493096647,0.1104145910240093,0.11619582961006804
"Organic Avocado, Organic Baby Spinach",Banana,0.012109264995775838,0.20707781845489534,0.004130291936543696,0.3410852713178294,1.6471357186531443,1.0,0.0016227317581262082,1.2033760166978646,0.39770135793510925,0.01920558707987778,0.16900454544203108,0.180515437109504
Banana,"Organic Avocado, Organic Baby Spinach",0.20707781845489534,0.012109264995775838,0.004130291936543696,0.0199456029011786,1.6471357186531443,1.0,0.0016227317581262082,1.0079958193428855,0.495490599136864,0.01920558707987778,0.007932393358633183,0.180515437109504
Organic Avocado,"Banana, Organic Baby Spinach",0.07612879001220313,0.023185957007415752,0.004130291936543696,0.05425400739827373,2.3399511773838464,1.0,0.0023651730842941727,1.0328503114302292,0.6198273632484159,0.04339250493096647,0.03180549114105421,0.11619582961006804
Organic Baby Spinach,"Banana, Organic Avocado",0.10452454707594105,0.022857411057917956,0.004130291936543696,0.039515042658284684,1.728762831370459,1.0,0.001741131398386215,1.0173429385572776,0.4707573533966426,0.03351104341203351,0.017047288480590495,0.11010659730450167
"Organic Strawberries, Banana",Organic Avocado,0.02450014080540693,0.07612879001220313,0.0034732000375481084,0.14176245210727967,1.8621398302082002,1.0,0.001608033962903875,1.0764749366375668,0.4746114474751888,0.035748792270531404,0.07104200389136867,0.09369257007336856
"Organic Strawberries, Organic Avocado",Banana,0.01004411902750399,0.20707781845489534,0.0034732000375481084,0.34579439252336447,1.6698765473941077,1.0,0.0013932857810312772,1.2120381917903742,0.4052234483677684,0.01625659050966608,0.17494349041688192,0.18128341566331416
"Banana, Organic Avocado",Organic Strawberries,0.022857411057917956,0.11090772552332676,0.0034732000375481084,0.15195071868583163,1.3700643302244304,1.0,0.0009381365657626897,1.0483969435112346,0.2764256402999859,0.026657060518731988,0.046162804852469444,0.09163342112878124
Organic Strawberries,"Banana, Organic Avocado",0.11090772552332676,0.022857411057917956,0.0034732000375481084,0.03131612357173085,1.3700643302244302,1.0,0.0009381365657626897,1.008732170235972,0.30380116166422455,0.026657060518731988,0.008656579510029181,0.09163342112878124
Banana,"Organic Strawberries, Organic Avocado",0.20707781845489534,0.01004411902750399,0.0034732000375481084,0.016772438803263824,1.6698765473941077,1.0,0.0013932857810312772,1.006843095170736,0.5059176614758477,0.01625659050966608,0.006796585489395934,0.18128341566331416
Organic Avocado,"Organic Strawberries, Banana",0.07612879001220313,0.02450014080540693,0.0034732000375481084,0.04562268803945746,1.8621398302082004,1.0,0.001608033962903875,1.0221322814041536,0.5011341355580331,0.035748792270531404,0.02165305000811589,0.09369257007336856
"Banana, Organic Avocado",Organic Whole Milk,0.022857411057917956,0.05749554116211396,0.0025814324603398104,0.11293634496919919,1.9642626660520472,1.0,0.0012672332419999298,1.0624992394769688,0.5023863690946644,0.0331925165962583,0.05882285572998147,0.07891715207643632
"Organic Whole Milk, Organic Avocado",Banana,0.005960762226602835,0.20707781845489534,0.0025814324603398104,0.4330708661417323,2.0913435797859807,1.0,0.0013470908221265507,1.3986266257809485,0.5249676995651782,0.012265834076717217,0.2850128965322451,0.22276843397748447
"Banana, Organic Whole Milk",Organic Avocado,0.013282643386839387,0.07612879001220313,0.0025814324603398104,0.1943462897526502,2.5528619293896213,1.0,0.0015702408911361361,1.1467348790638006,0.6164711376717276,0.02972972972972973,0.12795885234047782,0.11412752218828565
Organic Avocado,"Banana, Organic Whole Milk",0.07612879001220313,0.013282643386839387,0.0025814324603398104,0.03390875462392109,2.552861929389621,1.0,0.0015702408911361361,1.0213500653647394,0.6584064584064585,0.02972972972972973,0.020903768540040085,0.11412752218828565
Banana,"Organic Whole Milk, Organic Avocado",0.20707781845489534,0.005960762226602835,0.0025814324603398104,0.012466001813236626,2.0913435797859807,1.0,0.0013470908221265507,1.0065873575984,0.6581206883562749,0.012265834076717217,0.006544248294670171,0.22276843397748447
Organic Whole Milk,"Banana, Organic Avocado",0.05749554116211396,0.022857411057917956,0.0025814324603398104,0.044897959183673466,1.964262666052047,1.0,0.0012672332419999298,1.0230766422684192,0.5208496498272904,0.0331925165962583,0.022556122694046155,0.07891715207643632
"Strawberries, Banana",Organic Avocado,0.01783535154416596,0.07612879001220313,0.0026283675959823524,0.1473684210526316,1.9357777921993644,1.0,0.0012705838634827192,1.0835526536893914,0.492190166709903,0.02877697841726619,0.07710991561407077,0.09094684924394836
"Strawberries, Organic Avocado",Banana,0.005913827090960293,0.20707781845489534,0.0026283675959823524,0.4444444444444444,2.146267754608643,1.0,0.001403745183266835,1.4272599267811883,0.5372521246458923,0.012494422132976349,0.299356773607987,0.22856855041805177
"Banana, Organic Avocado",Strawberries,0.022857411057917956,0.06242373040458087,0.0026283675959823524,0.11498973305954827,1.8420836485464174,1.0,0.0012015227303561963,1.0593959241136175,0.46782986694846057,0.03180011357183419,0.05606584163830272,0.0785474981087215
Strawberries,"Banana, Organic Avocado",0.06242373040458087,0.022857411057917956,0.0026283675959823524,0.042105263157894736,1.8420836485464174,1.0,0.0012015227303561963,1.0200939115329428,0.48757258710452545,0.03180011357183419,0.019698099660987813,0.0785474981087215
Banana,"Strawberries, Organic Avocado",0.20707781845489534,0.005913827090960293,0.0026283675959823524,0.012692656391659111,2.146267754608643,1.0,0.001403745183266835,1.0068659767848216,0.6735527406179708,0.012494422132976349,0.006819156613819123,0.22856855041805177
Organic Avocado,"Strawberries, Banana",0.07612879001220313,0.01783535154416596,0.0026283675959823524,0.03452527743526511,1.9357777921993644,1.0,0.0012705838634827192,1.0172867559357361,0.523245855952623,0.02877697841726619,0.016993002056568784,0.09094684924394836
"Organic Hass Avocado, Banana",Organic Baby Spinach,0.01473763259175819,0.10452454707594105,0.0027222378672674364,0.18471337579617836,1.7671770025655034,1.0,0.0011817934956422844,1.098356610227166,0.44061941494953744,0.023358840112766815,0.08954888540874134,0.10537869059229663
"Organic Hass Avocado, Organic Baby Spinach",Banana,0.014221346099690228,0.20707781845489534,0.0027222378672674364,0.19141914191419143,0.9243826467868909,1.0,-0.00022268745854845057,0.9806343714619049,-0.07662465833170366,0.01245436976594374,-0.01974806217451388,0.10228255373134776
"Banana, Organic Baby Spinach",Organic Hass Avocado,0.023185957007415752,0.0930723739791608,0.0027222378672674364,0.11740890688259109,1.2614796621485052,1.0,0.0005642658056084935,1.0275739615924186,0.21220018954581904,0.023976849937990905,0.026834040782512336,0.07332876004744784
Organic Hass Avocado,"Banana, Organic Baby Spinach",0.0930723739791608,0.023185957007415752,0.0027222378672674364,0.02924861321230459,1.2614796621485052,1.0,0.0005642658056084935,1.006245323248984,0.22855200252691535,0.023976849937990905,0.006206561267603382,0.07332876004744784
Banana,"Organic Hass Avocado, Organic Baby Spinach",0.20707781845489534,0.014221346099690228,0.0027222378672674364,0.01314596554850408,0.9243826467868909,1.0,-0.00022268745854845057,0.9989102942140943,-0.09351860417784524,0.01245436976594374,-0.0010908945399977178,0.10228255373134776
Organic Baby Spinach,"Organic Hass Avocado, Banana",0.10452454707594105,0.01473763259175819,0.0027222378672674364,0.026044005388414906,1.7671770025655031,1.0,0.0011817934956422844,1.0116087101051887,0.4847991382473238,0.023358840112766815,0.011475494417185976,0.10537869059229663
"Organic Strawberries, Banana",Organic Baby Spinach,0.02450014080540693,0.10452454707594105,0.004036421665258612,0.1647509578544061,1.5761939416461501,1.0,0.0014755555442766714,1.0721059321705475,0.37474152747193723,0.03229440480660908,0.06725635033523646,0.10168396568068307
"Organic Strawberries, Organic Baby Spinach",Banana,0.016755843424387497,0.20707781845489534,0.004036421665258612,0.24089635854341734,1.1633131947248527,1.0,0.0005666581625646465,1.044550622921042,0.14277864181783662,0.01836429639120222,0.042650515871081436,0.1301943261438755
"Banana, Organic Baby Spinach",Organic Strawberries,0.023185957007415752,0.11090772552332676,0.004036421665258612,0.1740890688259109,1.5696748626343031,1.0,0.0014649199094844915,1.076498979390874,0.3715398987167511,0.031035727174305305,0.07106275143350356,0.10524174135328554
Organic Strawberries,"Banana, Organic Baby Spinach",0.11090772552332676,0.023185957007415752,0.004036421665258612,0.03639441388066018,1.5696748626343031,1.0,0.0014649199094844915,1.0137073270054795,0.40819766521105544,0.031035727174305305,0.013521976847076001,0.10524174135328554
Banana,"Organic Strawberries, Organic Baby Spinach",0.20707781845489534,0.016755843424387497,0.004036421665258612,0.019492293744333634,1.1633131947248527,1.0,0.0005666581625646465,1.0027908503956546,0.17704923448809393,0.01836429639120222,0.0027830832267302687,0.1301943261438755
Organic Baby Spinach,"Organic Strawberries, Banana",0.10452454707594105,0.02450014080540693,0.004036421665258612,0.03861697350696003,1.5761939416461501,1.0,0.0014755555442766714,1.0146838796947029,0.4082304055231795,0.03229440480660908,0.01447138363834153,0.10168396568068307
"Banana, Organic Whole Milk",Organic Baby Spinach,0.013282643386839387,0.10452454707594105,0.002018210832629306,0.1519434628975265,1.4536629638503364,1.0,0.0006298485486486754,1.055914804906286,0.31628371584167503,0.01743007701661937,0.052953898028969,0.08562597482550326
"Banana, Organic Baby Spinach",Organic Whole Milk,0.023185957007415752,0.05749554116211396,0.002018210832629306,0.08704453441295545,1.51393538792035,1.0,0.0006851216871264292,1.0323663030286379,0.34752758918155446,0.025656324582338897,0.031351568657060354,0.061073287614640995
"Organic Whole Milk, Organic Baby Spinach",Banana,0.007087205482023843,0.20707781845489534,0.002018210832629306,0.28476821192052976,1.3751748692608357,1.0,0.0005506077824702338,1.1086226797528775,0.27476708458608384,0.009513274336283186,0.09797984628736871,0.14725717939634828
Organic Whole Milk,"Banana, Organic Baby Spinach",0.05749554116211396,0.023185957007415752,0.002018210832629306,0.03510204081632653,1.51393538792035,1.0,0.0006851216871264292,1.0123495792435835,0.36017848643227485,0.025656324582338897,0.012198927620250481,0.061073287614640995
Organic Baby Spinach,"Banana, Organic Whole Milk",0.10452454707594105,0.013282643386839387,0.002018210832629306,0.019308486753480014,1.4536629638503364,1.0,0.0006298485486486754,1.006144484055636,0.3485105381906564,0.01743007701661937,0.006106959937670418,0.08562597482550326
"Organic Zucchini, Banana",Organic Baby Spinach,0.008025908194874682,0.10452454707594105,0.002159016239556932,0.26900584795321636,2.5736140981101157,1.0,0.0013201118206145723,1.2250104196001126,0.6163884345974635,0.019557823129251698,0.18368041283564274,0.14483071921684168
"Organic Zucchini, Organic Baby Spinach",Banana,0.009293156857223317,0.20707781845489534,0.002159016239556932,0.23232323232323232,1.1219126899090635,1.0,0.00023460959100397643,1.0328854733284916,0.1096843562300714,0.010078878177037686,0.03183845080376392,0.12137467146533329
"Banana, Organic Baby Spinach",Organic Zucchini,0.023185957007415752,0.042523232892143055,0.002159016239556932,0.09311740890688258,2.189800788267153,1.0,0.001173074389903376,1.0557891137305386,0.5562342795544377,0.03397341211225997,0.05284115265539414,0.07194501791922496
Organic Zucchini,"Banana, Organic Baby Spinach",0.042523232892143055,0.023185957007415752,0.002159016239556932,0.05077262693156733,2.189800788267153,1.0,0.001173074389903376,1.029062235989862,0.5674680306905372,0.03397341211225997,0.028241475562366593,0.07194501791922496
Banana,"Organic Zucchini, Organic Baby Spinach",0.20707781845489534,0.009293156857223317,0.002159016239556932,0.010426110607434268,1.1219126899090632,1.0,0.00023460959100397643,1.001144890505252,0.13704376650315775,0.010078878177037686,0.0011435812299599455,0.12137467146533329
Organic Baby Spinach,"Organic Zucchini, Banana",0.10452454707594105,0.008025908194874682,0.002159016239556932,0.020655590480466994,2.573614098110116,1.0,0.0013201118206145723,1.0128960579779982,0.6828119694542372,0.019557823129251698,0.01273186708194132,0.14483071921684168
"Seedless Red Grapes, Banana",Organic Baby Spinach,0.010888951469069746,0.10452454707594105,0.00211208110391439,0.19396551724137928,1.8556934487403802,1.0,0.0009739183834779721,1.1109641982801157,0.466194257273312,0.01864125932062966,0.09988098487052921,0.10708603657309197
"Seedless Red Grapes, Organic Baby Spinach",Banana,0.004411902750398948,0.20707781845489534,0.00211208110391439,0.4787234042553191,2.311804363341756,1.0,0.0011984739071266232,1.5211160217395885,0.5699520187734405,0.010087424344317416,0.3425879514066431,0.24446143014216545
"Banana, Organic Baby Spinach",Seedless Red Grapes,0.023185957007415752,0.03482587064676617,0.00211208110391439,0.09109311740890687,2.6156737998843256,1.0,0.0013046099643526476,1.0619065031191481,0.6323509940846094,0.03778337531486146,0.05829750824324886,0.07587000883922432
Seedless Red Grapes,"Banana, Organic Baby Spinach",0.03482587064676617,0.023185957007415752,0.00211208110391439,0.060646900269541774,2.615673799884326,1.0,0.0013046099643526476,1.0398795120523636,0.6399770904925545,0.03778337531486146,0.0383501276735949,0.07587000883922432
Banana,"Seedless Red Grapes, Organic Baby Spinach",0.20707781845489534,0.004411902750398948,0.00211208110391439,0.010199456029011785,2.3118043633417567,1.0,0.0011984739071266232,1.0058471914507074,0.7156281651605435,0.010087424344317416,0.005813200554126207,0.24446143014216545
Organic Baby Spinach,"Seedless Red Grapes, Banana",0.10452454707594105,0.010888951469069746,0.00211208110391439,0.020206555904804666,1.8556934487403802,1.0,0.0009739183834779721,1.0095097640139237,0.5149419664436174,0.01864125932062966,0.009420180322092067,0.10708603657309197
"Organic Strawberries, Organic Hass Avocado",Banana,0.01755374073031071,0.20707781845489534,0.0035201351731906504,0.20053475935828877,0.9684028973000227,1.0,-0.00011485516296493286,0.991815705344044,-0.03214351328390586,0.015920186796858415,-0.008251830064656072,0.10876692636998754
"Organic Strawberries, Banana",Organic Hass Avocado,0.02450014080540693,0.0930723739791608,0.0035201351731906504,0.14367816091954022,1.543725111725529,1.0,0.001239848905607719,1.0590966907894364,0.3610623556581986,0.0308641975308642,0.05579914591687233,0.09074982176082912
"Organic Hass Avocado, Banana",Organic Strawberries,0.01473763259175819,0.11090772552332676,0.0035201351731906504,0.23885350318471338,2.15362367281147,1.0,0.0018856178628402984,1.1680961262998972,0.5436788617886179,0.028823981552651805,0.14390607289518573,0.13529640880776084
Organic Strawberries,"Organic Hass Avocado, Banana",0.11090772552332676,0.01473763259175819,0.0035201351731906504,0.031739314430808296,2.15362367281147,1.0,0.0018856178628402984,1.017558992214019,0.6024867585211776,0.028823981552651805,0.017255994343692908,0.13529640880776084
Organic Hass Avocado,"Organic Strawberries, Banana",0.0930723739791608,0.02450014080540693,0.0035201351731906504,0.037821482602118005,1.543725111725529,1.0,0.001239848905607719,1.0138449794459528,0.38836205558143144,0.0308641975308642,0.013655913602806304,0.09074982176082912
Banana,"Organic Strawberries, Organic Hass Avocado",0.20707781845489534,0.01755374073031071,0.0035201351731906504,0.016999093381686307,0.9684028973000227,1.0,-0.00011485516296493286,0.999435761101653,-0.03952279735716221,0.015920186796858415,-0.0005645574436170223,0.10876692636998754
"Organic Strawberries, Organic Raspberries",Banana,0.013470383929409555,0.20707781845489534,0.0030038486811226886,0.22299651567944254,1.0768730197339533,1.0,0.00021443096327067703,1.0204872919436998,0.07236012655216717,0.013807982740021575,0.020075989290055794,0.11875120434924076
"Organic Strawberries, Banana",Organic Raspberries,0.02450014080540693,0.06049938984323665,0.0030038486811226886,0.12260536398467432,2.026555380184229,1.0,0.0015216051113221849,1.0707845382136036,0.5192741411662818,0.036634230108757875,0.0661053047438413,0.08612812807457146
"Organic Raspberries, Banana",Organic Strawberries,0.010231859570074157,0.11090772552332676,0.0030038486811226886,0.29357798165137616,2.647047176074575,1.0,0.00186905640833168,1.2585851677656803,0.628652847591047,0.02542709574890743,0.20545702777090327,0.1603310983161663
Organic Strawberries,"Organic Raspberries, Banana",0.11090772552332676,0.010231859570074157,0.0030038486811226886,0.027084214980956416,2.647047176074575,1.0,0.00186905640833168,1.017321494491481,0.6998380008446392,0.02542709574890743,0.017026568872546347,0.1603310983161663
Organic Raspberries,"Organic Strawberries, Banana",0.06049938984323665,0.02450014080540693,0.0030038486811226886,0.04965089216446858,2.026555380184229,1.0,0.0015216051113221849,1.0264647497974126,0.5391713918169556,0.036634230108757875,0.02578242438684409,0.08612812807457146
Banana,"Organic Strawberries, Organic Raspberries",0.20707781845489534,0.013470383929409555,0.0030038486811226886,0.014505893019038985,1.0768730197339533,1.0,0.00021443096327067703,1.0010507511737454,0.09002826447259393,0.013807982740021575,0.0010496482546098588,0.11875120434924076
"Organic Strawberries, Banana",Organic Whole Milk,0.02450014080540693,0.05749554116211396,0.0025814324603398104,0.1053639846743295,1.8325592305887872,1.0,0.0011727836061849485,1.053506054632498,0.4657253831618728,0.03250591016548464,0.05078855920876771,0.07513097192900148
"Organic Strawberries, Organic Whole Milk",Banana,0.009903313620576363,0.20707781845489534,0.0025814324603398104,0.26066350710900477,1.2587707802503298,1.0,0.0005306758803162058,1.0724780788847248,0.20763041651403816,0.012040280210157617,0.0675800096166956,0.1365647544611207
"Banana, Organic Whole Milk",Organic Strawberries,0.013282643386839387,0.11090772552332676,0.0025814324603398104,0.1943462897526502,1.7523241851332905,1.0,0.0011082846933679962,1.1035662880565726,0.43510873372453546,0.021227325357005018,0.09384691176001506,0.10881089350095481
Organic Strawberries,"Banana, Organic Whole Milk",0.11090772552332676,0.013282643386839387,0.0025814324603398104,0.023275497249259418,1.7523241851332905,1.0,0.0011082846933679962,1.0102309851286388,0.48288501869244094,0.021227325357005018,0.010127372134934176,0.10881089350095481
Banana,"Organic Strawberries, Organic Whole Milk",0.20707781845489534,0.009903313620576363,0.0025814324603398104,0.012466001813236626,1.2587707802503296,1.0,0.0005306758803162058,1.00259503794033,0.25926149143859567,0.012040280210157617,0.002588321148747076,0.1365647544611207
Organic Whole Milk,"Organic Strawberries, Banana",0.05749554116211396,0.02450014080540693,0.0025814324603398104,0.044897959183673466,1.832559230588787,1.0,0.0011727836061849485,1.021356690182373,0.48202959830866804,0.03250591016548464,0.020910119244002448,0.07513097192900148
"Organic Strawberries, Organic Whole String Cheese",Banana,0.006289308176100629,0.20707781845489534,0.002018210832629306,0.32089552238805963,1.5496373526745237,1.0,0.0007158346159318511,1.1675996959015824,0.356932587577274,0.009549189429269375,0.14354208594767365,0.1653208346301132
"Organic Strawberries, Banana",Organic Whole String Cheese,0.02450014080540693,0.026799962451891486,0.002018210832629306,0.08237547892720305,3.073716206695251,1.0,0.001361607978978346,1.0605645503133876,0.6916053493742951,0.04095238095238094,0.05710595389549015,0.07884097939354898
"Organic Whole String Cheese, Banana",Organic Strawberries,0.006899464939453675,0.11090772552332676,0.002018210832629306,0.2925170068027211,2.6374808916372303,1.0,0.0012530068688665617,1.256697734116067,0.6251636282103278,0.017430077016619375,0.20426370410910497,0.1553571068715256
Organic Strawberries,"Organic Whole String Cheese, Banana",0.11090772552332676,0.006899464939453675,0.002018210832629306,0.01819720694033009,2.6374808916372303,1.0,0.0012530068688665617,1.011507139805203,0.6982968489311263,0.017430077016619375,0.011376231914110916,0.1553571068715256
Organic Whole String Cheese,"Organic Strawberries, Banana",0.026799962451891486,0.02450014080540693,0.002018210832629306,0.07530647985989491,3.073716206695251,1.0,0.001361607978978346,1.0549439765153648,0.693239719382462,0.04095238095238094,0.05208236431365094,0.07884097939354898
"Organic Strawberries, Original Hummus",Banana,0.005726086548390125,0.20707781845489534,0.00211208110391439,0.3688524590163934,1.7812263127387302,1.0,0.0009263355931898416,1.256318261668867,0.4411148875461564,0.010024504343951881,0.2040233510005492,0.1895259575227026
"Organic Strawberries, Banana",Original Hummus,0.02450014080540693,0.03191589223692856,0.00211208110391439,0.08620689655172413,2.7010649087221097,1.0,0.0013301372501794465,1.0594127971746818,0.6455927636643572,0.03889369057908384,0.05608087549360198,0.07619168356997971
"Original Hummus, Banana",Organic Strawberries,0.008776870365155355,0.11090772552332676,0.00211208110391439,0.24064171122994651,2.169747058597224,1.0,0.0011386583745019194,1.170846868500971,0.5438904409404907,0.017964071856287425,0.1459173467489437,0.12984264994421574
Organic Strawberries,"Original Hummus, Banana",0.11090772552332676,0.008776870365155355,0.00211208110391439,0.019043588658484975,2.169747058597224,1.0,0.0011386583745019194,1.010466029045357,0.6063676409344994,0.017964071856287425,0.01035762583255272,0.12984264994421574
Original Hummus,"Organic Strawberries, Banana",0.03191589223692856,0.02450014080540693,0.00211208110391439,0.0661764705882353,2.7010649087221092,1.0,0.0013301372501794465,1.0446297704760996,0.650538155725783,0.03889369057908384,0.04272305053661188,0.07619168356997971
Banana,"Organic Strawberries, Original Hummus",0.20707781845489534,0.005726086548390125,0.00211208110391439,0.010199456029011785,1.7812263127387302,1.0,0.0009263355931898416,1.0045194655709875,0.5531299738237112,0.010024504343951881,0.0044991318992695,0.1895259575227026
"Limes, Large Lemon",Organic Avocado,0.011546043368065334,0.07612879001220313,0.0023467567821271003,0.2032520325203252,2.6698445159544075,1.0,0.0014677704710878638,1.1595526411071326,0.6327521367521367,0.027502750275027504,0.1375984456857371,0.11703908654376309
"Limes, Organic Avocado",Large Lemon,0.009950248756218905,0.0645827466441378,0.0023467567821271003,0.2358490566037736,3.6518895348837215,1.0,0.0017041423876580676,1.2241262821694001,0.7334673366834171,0.032509752925877766,0.18309081786251882,0.1360931329530496
"Large Lemon, Organic Avocado",Limes,0.010560405519571952,0.059513751994743264,0.0023467567821271003,0.2222222222222222,3.7339642481598316,1.0,0.0017182674270713773,1.2091966045781872,0.740002846164793,0.034650034650034654,0.1730046245466946,0.1308271994391868
Limes,"Large Lemon, Organic Avocado",0.059513751994743264,0.010560405519571952,0.0023467567821271003,0.03943217665615142,3.7339642481598316,1.0,0.0017182674270713773,1.0300569834164062,0.7785208104601258,0.034650034650034654,0.029179922956024958,0.1308271994391868
Large Lemon,"Limes, Organic Avocado",0.0645827466441378,0.009950248756218905,0.0023467567821271003,0.036337209302325583,3.651889534883721,1.0,0.0017041423876580676,1.027381943975447,0.7763050677370797,0.032509752925877766,0.026652156129484635,0.1360931329530496
Organic Avocado,"Limes, Large Lemon",0.07612879001220313,0.011546043368065334,0.0023467567821271003,0.030826140567200986,2.669844515954407,1.0,0.0014677704710878638,1.019893331842874,0.6769843527738264,0.027502750275027504,0.019505306311718148,0.11703908654376309
"Limes, Large Lemon",Organic Hass Avocado,0.011546043368065334,0.0930723739791608,0.002065145968271848,0.17886178861788615,1.921749504938317,1.0,0.0009905283019396621,1.1044762178273586,0.48524346024346027,0.020137299771167048,0.09459345175659487,0.10052519587223102
"Limes, Organic Hass Avocado",Large Lemon,0.008260583873087392,0.0645827466441378,0.002065145968271848,0.25,3.8710029069767447,1.0,0.0015316547728635947,1.247223004474483,0.7478466635115949,0.029177718832891244,0.1982187656798796,0.14098837209302326
"Organic Hass Avocado, Large Lemon",Limes,0.006523983854313339,0.059513751994743264,0.002065145968271848,0.31654676258992803,5.318884324716882,1.0,0.001676879211148535,1.376079878660323,0.817322848172756,0.032281731474688186,0.27329799998707494,0.17562353902367064
Limes,"Organic Hass Avocado, Large Lemon",0.059513751994743264,0.006523983854313339,0.002065145968271848,0.03470031545741325,5.318884324716882,1.0,0.001676879211148535,1.0291892062685708,0.8633732272318958,0.032281731474688186,0.028361360662146107,0.17562353902367064
Large Lemon,"Limes, Organic Hass Avocado",0.0645827466441378,0.008260583873087392,0.002065145968271848,0.03197674418604651,3.8710029069767447,1.0,0.0015316547728635947,1.0244995770199938,0.7928750627195184,0.029177718832891244,0.023913701449498677,0.14098837209302326
Organic Hass Avocado,"Limes, Large Lemon",0.0930723739791608,0.011546043368065334,0.002065145968271848,0.022188603126575893,1.9217495049383169,1.0,0.0009905283019396621,1.0108840618881518,0.5288633893664169,0.020137299771167048,0.010766874559108545,0.10052519587223102
"Organic Strawberries, Organic Hass Avocado",Organic Baby Spinach,0.01755374073031071,0.10452454707594105,0.0033793297662630243,0.1925133689839572,1.8418005566107734,1.0,0.0015445329669387987,1.108966289382775,0.4652193876467715,0.028469750889679714,0.0982593343242409,0.11242192921582234
"Organic Strawberries, Organic Baby Spinach",Organic Hass Avocado,0.016755843424387497,0.0930723739791608,0.0033793297662630243,0.20168067226890754,2.1669230475851458,1.0,0.0018198236407321689,1.1360461841734721,0.5476932073129982,0.03174603174603175,0.11975409632879698,0.11899464778347041
"Organic Hass Avocado, Organic Baby Spinach",Organic Strawberries,0.014221346099690228,0.11090772552332676,0.0033793297662630243,0.2376237623762376,2.14253570934749,1.0,0.001802072616466347,1.1662119444434285,0.5409564506657779,0.027756360832690827,0.14252293096067775,0.1340467521149068
Organic Strawberries,"Organic Hass Avocado, Organic Baby Spinach",0.11090772552332676,0.014221346099690228,0.0033793297662630243,0.03046974185357596,2.14253570934749,1.0,0.001802072616466347,1.0167590393568013,0.5997840011261856,0.027756360832690827,0.016482803405812953,0.1340467521149068
Organic Hass Avocado,"Organic Strawberries, Organic Baby Spinach",0.0930723739791608,0.016755843424387497,0.0033793297662630243,0.036308623298033284,2.166923047585146,1.0,0.0018198236407321689,1.0202894623178649,0.5937807276302851,0.03174603174603175,0.0198859863472193,0.11899464778347041
Organic Baby Spinach,"Organic Strawberries, Organic Hass Avocado",0.10452454707594105,0.01755374073031071,0.0033793297662630243,0.03233048944768747,1.8418005566107734,1.0,0.0015445329669387987,1.0152704498346163,0.5104026532953626,0.028469750889679714,0.01504077050317357,0.11242192921582234
"Organic Strawberries, Organic Raspberries",Organic Baby Spinach,0.013470383929409555,0.10452454707594105,0.0025814324603398104,0.1916376306620209,1.8334222536529041,1.0,0.0011734466811792416,1.1077648921948489,0.4607787759127024,0.022366815778771858,0.0972813752756967,0.10816726616172442
"Organic Strawberries, Organic Baby Spinach",Organic Raspberries,0.016755843424387497,0.06049938984323665,0.0025814324603398104,0.15406162464985995,2.546498816749353,1.0,0.0015677141568555578,1.1106017146555116,0.617653261817661,0.034569453174104335,0.09958719961981896,0.09836518005185008
"Organic Raspberries, Organic Baby Spinach",Organic Strawberries,0.007603491974091805,0.11090772552332676,0.0025814324603398104,0.3395061728395062,3.0611589160044517,1.0,0.0017381464594584187,1.3461023221048698,0.6784851924466,0.022267206477732795,0.2571144231916021,0.1813908350443828
Organic Strawberries,"Organic Raspberries, Organic Baby Spinach",0.11090772552332676,0.007603491974091805,0.0025814324603398104,0.023275497249259418,3.0611589160044517,1.0,0.0017381464594584187,1.0160454716053817,0.7573188464916281,0.022267206477732795,0.015792080230454086,0.1813908350443828
Organic Raspberries,"Organic Strawberries, Organic Baby Spinach",0.06049938984323665,0.016755843424387497,0.0025814324603398104,0.04266873545384019,2.5464988167493527,1.0,0.0015677141568555578,1.0270678426466486,0.6464114593504612,0.034569453174104335,0.026354483630699272,0.09836518005185008
Organic Baby Spinach,"Organic Strawberries, Organic Raspberries",0.10452454707594105,0.013470383929409555,0.0025814324603398104,0.02469690166142793,1.8334222536529041,1.0,0.0011734466811792416,1.0115107987979763,0.5076319037113628,0.022366815778771858,0.011379808116389148,0.10816726616172442
"Organic Lemon, Organic Hass Avocado",Organic Raspberries,0.010372664977001783,0.06049938984323665,0.002018210832629306,0.1945701357466063,3.2160677363981334,1.0,0.001390670930472388,1.166458622722723,0.6962835918844544,0.029311520109066114,0.14270426698392336,0.11396466445980431
"Organic Lemon, Organic Raspberries",Organic Hass Avocado,0.004834318971181827,0.0930723739791608,0.002018210832629306,0.4174757281553398,4.485495645021518,1.0,0.0015682692894089193,1.5568924246691074,0.7808339978217212,0.02104747919725893,0.357694864362556,0.21958002242361038
"Organic Hass Avocado, Organic Raspberries",Organic Lemon,0.011592978503707876,0.04003567070308833,0.002018210832629306,0.1740890688259109,4.348349003991627,1.0,0.001554078162786876,1.1623097516487118,0.7790592764293452,0.04068117313150425,0.13964414513298087,0.11224969267790269
Organic Lemon,"Organic Hass Avocado, Organic Raspberries",0.04003567070308833,0.011592978503707876,0.002018210832629306,0.050410316529894486,4.348349003991627,1.0,0.001554078162786876,1.040878011526342,0.8021419499499136,0.04068117313150425,0.03927262472035386,0.11224969267790269
Organic Hass Avocado,"Organic Lemon, Organic Raspberries",0.0930723739791608,0.004834318971181827,0.002018210832629306,0.02168431669188099,4.485495645021518,1.0,0.0015682692894089193,1.017223477051622,0.8568039774265876,0.02104747919725893,0.01693185169255371,0.21958002242361038
Organic Raspberries,"Organic Lemon, Organic Hass Avocado",0.06049938984323665,0.010372664977001783,0.002018210832629306,0.03335919317300232,3.2160677363981334,1.0,0.001390670930472388,1.0237798032461034,0.7334335582196994,0.029311520109066114,0.023227458844865427,0.11396466445980431
"Organic Lemon, Organic Strawberries",Organic Hass Avocado,0.007181075753308927,0.0930723739791608,0.0029569135454801465,0.411764705882353,4.42413455548634,1.0,0.0022885537773954944,1.5417769642354269,0.7795652085823693,0.03039073806078148,0.35139775518963995,0.22176737563406607
"Organic Lemon, Organic Hass Avocado",Organic Strawberries,0.010372664977001783,0.11090772552332676,0.0029569135454801465,0.2850678733031674,2.57031574633825,1.0,0.0018065048652654084,1.2436037510085114,0.6173462666230036,0.02499008330027767,0.19588534596406507,0.1558644487125232
"Organic Strawberries, Organic Hass Avocado",Organic Lemon,0.01755374073031071,0.04003567070308833,0.0029569135454801465,0.16844919786096257,4.207477854191874,1.0,0.0022541377619940376,1.1544265567750642,0.7759487258818426,0.05412371134020618,0.13376906124410445,0.1211530866209854
Organic Lemon,"Organic Strawberries, Organic Hass Avocado",0.04003567070308833,0.01755374073031071,0.0029569135454801465,0.0738569753810082,4.207477854191874,1.0,0.0022541377619940376,1.0607932394392974,0.7941210937348424,0.05412371134020618,0.05730922594437993,0.1211530866209854
Organic Strawberries,"Organic Lemon, Organic Hass Avocado",0.11090772552332676,0.010372664977001783,0.0029569135454801465,0.02666102412187897,2.5703157463382507,1.0,0.0018065048652654084,1.0167345185475414,0.6871533564771173,0.02499008330027767,0.01645908370598783,0.1558644487125232
Organic Hass Avocado,"Organic Lemon, Organic Strawberries",0.0930723739791608,0.007181075753308927,0.0029569135454801465,0.03177004538577913,4.424134555486341,1.0,0.0022885537773954944,1.0253957951985355,0.8533945483176969,0.03039073806078148,0.024766822057836244,0.22176737563406607
"Organic Strawberries, Organic Hass Avocado",Organic Raspberries,0.01755374073031071,0.06049938984323665,0.0033323946306204823,0.18983957219251338,3.1378758146886656,1.0,0.0022704040269703133,1.159647617817259,0.6934863528582156,0.04459798994974874,0.13766907754077487,0.12246051534373535
"Organic Strawberries, Organic Raspberries",Organic Hass Avocado,0.013470383929409555,0.0930723739791608,0.0033323946306204823,0.24738675958188153,2.6580041854016985,1.0,0.0020786740198995984,1.2050380956850966,0.6322951266761326,0.03228740336516599,0.1701507167443755,0.14159554822260995
"Organic Hass Avocado, Organic Raspberries",Organic Strawberries,0.011592978503707876,0.11090772552332676,0.0033323946306204823,0.2874493927125506,2.5917887266752446,1.0,0.002046643752733422,1.247760180657604,0.6213696061166849,0.02796376526191414,0.19856394241321876,0.15874797185352457
Organic Strawberries,"Organic Hass Avocado, Organic Raspberries",0.11090772552332676,0.011592978503707876,0.0033323946306204823,0.03004655099449852,2.5917887266752446,1.0,0.002046643752733422,1.0190252145705665,0.6907787855783808,0.02796376526191414,0.018670013556616436,0.15874797185352457
Organic Hass Avocado,"Organic Strawberries, Organic Raspberries",0.0930723739791608,0.013470383929409555,0.0033323946306204823,0.03580433686333838,2.658004185401699,1.0,0.0020786740198995984,1.0231632995125424,0.6877923338821939,0.03228740336516599,0.022638907712559473,0.14159554822260995
Organic Raspberries,"Organic Strawberries, Organic Hass Avocado",0.06049938984323665,0.01755374073031071,0.0033323946306204823,0.055081458494957325,3.137875814688665,1.0,0.0022704040269703133,1.0397152940875447,0.7251864084542224,0.04459798994974874,0.03819823976177913,0.12246051534373535
